{"type":"FeatureCollection","metadata":{"generated":1788654871000,"url":"https://earthquake.usgs.gov/fdsnws/event/1/query?format=geojson&starttime=2023-02-06&endtime=2023-02-13&minmagnitude=4&eventtype=earthquake&orderby=time-asc","title":"USGS Earthquakes","status":200,"api":"2.7.0","count":618},"features":[{"type":"Feature","properties":{"mag":4.2,"place":"south of the Fiji Islands","time":1675642514104,"updated":1681594799040,"tz":null,"url":"https://earthquake.usgs.gov/earthquakes/eventpage/us6000jnr3","detail":"https://earthquake.usgs.gov/fdsnws/event/1/query?eventid=us6000jnr3&format=geojson","felt":null,"cdi":null,"mmi":null,"alert":null,"status":"reviewed","tsunami":0,"sig":271,"net":"us","code":"6000jnr3","ids":",us6000jnr3,","sources":",us,","types":",origin,phase-data,","nst":33,"dmin":4.121,"rms":0.79,"gap":127,"magType":"mb","type":"earthquake","title":"M 4.2 - south of the Fiji Islands"},"geometry":{"type":"Point","coordinates":[-178.8907,-25.1986,391.507]},"id":"us6000jnr3"},
{"type":"Feature","properties":{"mag":4.4,"place":"36 km NNE of Cubará, Colombia","time":1675644699856,"updated":1681594799040,"tz":null,"url":"https://earthquake.usgs.gov/earthquakes/eventpage/us6000jnr4","detail":"https://earthquake.usgs.gov/fdsnws/event/1/query?eventid=us6000jnr4&format=geojson","felt":null,"cdi":null,"mmi":null,"alert":null,"status":"reviewed","tsunami":0,"sig":298,"net":"us","code":"6000jnr4","ids":",us6000jnr4,","sources":",us,","types":",origin,phase-data,","nst":25,"dmin":1.767,"rms":0.6,"gap":84,"magType":"mb","type":"earthquake","title":"M 4.4 - 36 km NNE of Cubará, Colombia"},"geometry":{"type":"Point","coordinates":[-72.0272,7.3231,53.458]},"id":"us6000jnr4"},
{"type":"Feature","properties":{"mag":7.8,"place":"Pazarcik earthquake, Kahramanmaras earthquake sequence","time":1675646254342,"updated":1776123150032,"tz":null,"url":"https://earthquake.usgs.gov/earthquakes/eventpage/us6000jllz","detail":"https://earthquake.usgs.gov/fdsnws/event/1/query?eventid=us6000jllz&format=geojson","felt":3182,"cdi":9.1,"mmi":9.537,"alert":"red","status":"reviewed","tsunami":0,"sig":2910,"net":"us","code":"6000jllz","ids":",us6000jllz,usauto6000jllz,at00rpmwxe,pt23037000,","sources":",us,usauto,at,pt,","types":",dyfi,earthquake-name,finite-fault,general-link,general-text,ground-failure,groundmotion-packet,impact-text,internal-moment-tensor,internal-origin,losspager,moment-tensor,origin,phase-data,shakemap,","nst":266,"dmin":0.165,"rms":0.66,"gap":17,"magType":"mww","type":"earthquake","title":"M 7.8 - Pazarcik earthquake, Kahramanmaras earthquake sequence"},"geometry":{"type":"Point","coordinates":[37.0143,37.2256,10]},"id":"us6000jllz"},
{"type":"Feature","properties":{"mag":5.7,"place":"24 km ENE of Nurda??, Turkey","time":1675646810869,"updated":1728494166477,"tz":null,"url":"https://earthquake.usgs.gov/earthquakes/eventpage/us6000jlnn","detail":"https://earthquake.usgs.gov/fdsnws/event/1/query?eventid=us6000jlnn&format=geojson","felt":null,"cdi":null,"mmi":8.19,"alert":"yellow","status":"reviewed","tsunami":0,"sig":650,"net":"us","code":"6000jlnn","ids":",us6000jlnn,","sources":",us,","types":",ground-failure,groundmotion-packet,losspager,origin,phase-data,shakemap,","nst":94,"dmin":0.175,"rms":1.32,"gap":75,"magType":"mb","type":"earthquake","title":"M 5.7 - 24 km ENE of Nurda??, Turkey"},"geometry":{"type":"Point","coordinates":[37.0001,37.2252,10]},"id":"us6000jlnn"},
{"type":"Feature","properties":{"mag":6.7,"place":"14 km E of Nurda??, Turkey","time":1675646895784,"updated":1756929723110,"tz":null,"url":"https://earthquake.usgs.gov/earthquakes/eventpage/us6000jlm1","detail":"https://earthquake.usgs.gov/fdsnws/event/1/query?eventid=us6000jlm1&format=geojson","felt":149,"cdi":9.1,"mmi":7.834,"alert":"yellow","status":"reviewed","tsunami":0,"sig":826,"net":"us","code":"6000jlm1","ids":",us6000jlm1,","sources":",us,","types":",dyfi,general-text,ground-failure,losspager,origin,phase-data,shakemap,","nst":194,"dmin":0.254,"rms":0.68,"gap":19,"magType":"mww","type":"earthquake","title":"M 6.7 - 14 km E of Nurda??, Turkey"},"geometry":{"type":"Point","coordinates":[36.8929,37.1893,9.797]},"id":"us6000jlm1"},
{"type":"Feature","properties":{"mag":5.6,"place":"Turkey-Syria border region","time":1675647387357,"updated":1681594773040,"tz":null,"url":"https://earthquake.usgs.gov/earthquakes/eventpage/us6000jlm9","detail":"https://earthquake.usgs.gov/fdsnws/event/1/query?eventid=us6000jlm9&format=geojson","felt":6,"cdi":4.8,"mmi":6.558,"alert":"green","status":"reviewed","tsunami":0,"sig":485,"net":"us","code":"6000jlm9","ids":",us6000jlm9,","sources":",us,","types":",dyfi,losspager,origin,phase-data,shakemap,","nst":167,"dmin":0.458,"rms":0.59,"gap":47,"magType":"mb","type":"earthquake","title":"M 5.6 - Turkey-Syria border region"},"geometry":{"type":"Point","coordinates":[36.6832,36.9921,10]},"id":"us6000jlm9"},
{"type":"Feature","properties":{"mag":4.7,"place":"14 km SSW of A?a?? Karafak?l?, Turkey","time":1675647648558,"updated":1681594799040,"tz":null,"url":"https://earthquake.usgs.gov/earthquakes/eventpage/us6000jnr5","detail":"https://earthquake.usgs.gov/fdsnws/event/1/query?eventid=us6000jnr5&format=geojson","felt":null,"cdi":null,"mmi":null,"alert":null,"status":"reviewed","tsunami":0,"sig":340,"net":"us","code":"6000jnr5","ids":",us6000jnr5,","sources":",us,","types":",origin,phase-data,","nst":17,"dmin":0.772,"rms":0.51,"gap":227,"magType":"mb","type":"earthquake","title":"M 4.7 - 14 km SSW of A?a?? Karafak?l?, Turkey"},"geometry":{"type":"Point","coordinates":[36.4767,36.6696,10]},"id":"us6000jnr5"},
{"type":"Feature","properties":{"mag":4.6,"place":"10 km SW of Sincik, Turkey","time":1675647675211,"updated":1681594805040,"tz":null,"url":"https://earthquake.usgs.gov/earthquakes/eventpage/us6000jnvq","detail":"https://earthquake.usgs.gov/fdsnws/event/1/query?eventid=us6000jnvq&format=geojson","felt":null,"cdi":null,"mmi":null,"alert":null,"status":"reviewed","tsunami":0,"sig":326,"net":"us","code":"6000jnvq","ids":",us6000jnvq,","sources":",us,","types":",origin,phase-data,","nst":49,"dmin":2.267,"rms":0.66,"gap":112,"magType":"mb","type":"earthquake","title":"M 4.6 - 10 km SW of Sincik, Turkey"},"geometry":{"type":"Point","coordinates":[38.5117,37.9792,14.252]},"id":"us6000jnvq"},
{"type":"Feature","properties":{"mag":4.6,"place":"15 km S of Genç, Turkey","time":1675648063761,"updated":1681594781040,"tz":null,"url":"https://earthquake.usgs.gov/earthquakes/eventpage/us6000jm4u","detail":"https://earthquake.usgs.gov/fdsnws/event/1/query?eventid=us6000jm4u&format=geojson","felt":null,"cdi":null,"mmi":null,"alert":null,"status":"reviewed","tsunami":0,"sig":326,"net":"us","code":"6000jm4u","ids":",us6000jm4u,","sources":",us,","types":",origin,phase-data,","nst":17,"dmin":1.142,"rms":0.77,"gap":158,"magType":"mb","type":"earthquake","title":"M 4.6 - 15 km S of Genç, Turkey"},"geometry":{"type":"Point","coordinates":[40.5767,38.6055,11.35]},"id":"us6000jm4u"},
{"type":"Feature","properties":{"mag":4.9,"place":"9 km WSW of Çelikhan, Turkey","time":1675648092210,"updated":1681594773040,"tz":null,"url":"https://earthquake.usgs.gov/earthquakes/eventpage/us6000jlmd","detail":"https://earthquake.usgs.gov/fdsnws/event/1/query?eventid=us6000jlmd&format=geojson","felt":null,"cdi":null,"mmi":null,"alert":null,"status":"reviewed","tsunami":0,"sig":369,"net":"us","code":"6000jlmd","ids":",us6000jlmd,","sources":",us,","types":",origin,phase-data,","nst":83,"dmin":0.763,"rms":0.89,"gap":60,"magType":"mb","type":"earthquake","title":"M 4.9 - 9 km WSW of Çelikhan, Turkey"},"geometry":{"type":"Point","coordinates":[38.1435,37.9828,10]},"id":"us6000jlmd"},
{"type":"Feature","properties":{"mag":4.8,"place":"25 km NNE of Sincik, Turkey","time":1675648210207,"updated":1681594801040,"tz":null,"url":"https://earthquake.usgs.gov/earthquakes/eventpage/us6000jns9","detail":"https://earthquake.usgs.gov/fdsnws/event/1/query?eventid=us6000jns9&format=geojson","felt":null,"cdi":null,"mmi":null,"alert":null,"status":"reviewed","tsunami":0,"sig":354,"net":"us","code":"6000jns9","ids":",us6000jns9,","sources":",us,","types":",origin,phase-data,","nst":78,"dmin":0.801,"rms":0.68,"gap":85,"magType":"mb","type":"earthquake","title":"M 4.8 - 25 km NNE of Sincik, Turkey"},"geometry":{"type":"Point","coordinates":[38.7424,38.2407,15.123]},"id":"us6000jns9"},
{"type":"Feature","properties":{"mag":4.5,"place":"8 km SE of A?a?? Karafak?l?, Turkey","time":1675648279056,"updated":1681594799040,"tz":null,"url":"https://earthquake.usgs.gov/earthquakes/eventpage/us6000jnr6","detail":"https://earthquake.usgs.gov/fdsnws/event/1/query?eventid=us6000jnr6&format=geojson","felt":null,"cdi":null,"mmi":null,"alert":null,"status":"reviewed","tsunami":0,"sig":312,"net":"us","code":"6000jnr6","ids":",us6000jnr6,","sources":",us,","types":",origin,phase-data,","nst":41,"dmin":0.653,"rms":0.69,"gap":172,"magType":"mb","type":"earthquake","title":"M 4.5 - 8 km SE of A?a?? Karafak?l?, Turkey"},"geometry":{"type":"Point","coordinates":[36.6192,36.7205,10]},"id":"us6000jnr6"},
{"type":"Feature","properties":{"mag":4.7,"place":"12 km W of Pazarc?k, Turkey","time":1675648303490,"updated":1681594781040,"tz":null,"url":"https://earthquake.usgs.gov/earthquakes/eventpage/us6000jm4n","detail":"https://earthquake.usgs.gov/fdsnws/event/1/query?eventid=us6000jm4n&format=geojson","felt":null,"cdi":null,"mmi":null,"alert":null,"status":"reviewed","tsunami":0,"sig":340,"net":"us","code":"6000jm4n","ids":",us6000jm4n,","sources":",us,","types":",origin,phase-data,","nst":76,"dmin":0.306,"rms":0.84,"gap":77,"magType":"mb","type":"earthquake","title":"M 4.7 - 12 km W of Pazarc?k, Turkey"},"geometry":{"type":"Point","coordinates":[37.1578,37.4756,7.445]},"id":"us6000jm4n"},
{"type":"Feature","properties":{"mag":4.4,"place":"3 km W of Serinyol, Turkey","time":1675648476565,"updated":1681594799040,"tz":null,"url":"https://earthquake.usgs.gov/earthquakes/eventpage/us6000jnr7","detail":"https://earthquake.usgs.gov/fdsnws/event/1/query?eventid=us6000jnr7&format=geojson","felt":null,"cdi":null,"mmi":null,"alert":null,"status":"reviewed","tsunami":0,"sig":298,"net":"us","code":"6000jnr7","ids":",us6000jnr7,","sources":",us,","types":",origin,phase-data,","nst":26,"dmin":1.163,"rms":1.07,"gap":181,"magType":"mb","type":"earthquake","title":"M 4.4 - 3 km W of Serinyol, Turkey"},"geometry":{"type":"Point","coordinates":[36.1708,36.3603,10]},"id":"us6000jnr7"},
{"type":"Feature","properties":{"mag":4.4,"place":"2 km ENE of Bahçe, Turkey","time":1675648541029,"updated":1681594800040,"tz":null,"url":"https://earthquake.usgs.gov/earthquakes/eventpage/us6000jnru","detail":"https://earthquake.usgs.gov/fdsnws/event/1/query?eventid=us6000jnru&format=geojson","felt":null,"cdi":null,"mmi":null,"alert":null,"status":"reviewed","tsunami":0,"sig":298,"net":"us","code":"6000jnru","ids":",us6000jnru,","sources":",us,","types":",origin,phase-data,","nst":43,"dmin":0.423,"rms":0.7,"gap":109,"magType":"mb","type":"earthquake","title":"M 4.4 - 2 km ENE of Bahçe, Turkey"},"geometry":{"type":"Point","coordinates":[36.5988,37.2073,10]},"id":"us6000jnru"},
{"type":"Feature","properties":{"mag":4.3,"place":"7 km ESE of Ça?layancerit, Turkey","time":1675648589834,"updated":1681594804040,"tz":null,"url":"https://earthquake.usgs.gov/earthquakes/eventpage/us6000jnvm","detail":"https://earthquake.usgs.gov/fdsnws/event/1/query?eventid=us6000jnvm&format=geojson","felt":null,"cdi":null,"mmi":null,"alert":null,"status":"reviewed","tsunami":0,"sig":284,"net":"us","code":"6000jnvm","ids":",us6000jnvm,","sources":",us,","types":",origin,phase-data,","nst":16,"dmin":0.558,"rms":0.49,"gap":89,"magType":"mb","type":"earthquake","title":"M 4.3 - 7 km ESE of Ça?layancerit, Turkey"},"geometry":{"type":"Point","coordinates":[37.3615,37.7175,10]},"id":"us6000jnvm"},
{"type":"Feature","properties":{"mag":4.7,"place":"57 km W of B?niy?s, Syria","time":1675648646332,"updated":1681594801040,"tz":null,"url":"https://earthquake.usgs.gov/earthquakes/eventpage/us6000jnse","detail":"https://earthquake.usgs.gov/fdsnws/event/1/query?eventid=us6000jnse&format=geojson","felt":null,"cdi":null,"mmi":null,"alert":null,"status":"reviewed","tsunami":0,"sig":340,"net":"us","code":"6000jnse","ids":",us6000jnse,","sources":",us,","types":",origin,phase-data,","nst":53,"dmin":2.538,"rms":0.41,"gap":172,"magType":"mb","type":"earthquake","title":"M 4.7 - 57 km W of B?niy?s, Syria"},"geometry":{"type":"Point","coordinates":[35.3142,35.1453,10]},"id":"us6000jnse"},
{"type":"Feature","properties":{"mag":5.1,"place":"12 km SSE of Hasanbeyli, Turkey","time":1675648703118,"updated":1681594773040,"tz":null,"url":"https://earthquake.usgs.gov/earthquakes/eventpage/us6000jlmf","detail":"https://earthquake.usgs.gov/fdsnws/event/1/query?eventid=us6000jlmf&format=geojson","felt":null,"cdi":null,"mmi":null,"alert":null,"status":"reviewed","tsunami":0,"sig":400,"net":"us","code":"6000jlmf","ids":",us6000jlmf,","sources":",us,","types":",origin,phase-data,","nst":120,"dmin":0.492,"rms":0.67,"gap":69,"magType":"mb","type":"earthquake","title":"M 5.1 - 12 km SSE of Hasanbeyli, Turkey"},"geometry":{"type":"Point","coordinates":[36.6208,37.0302,10]},"id":"us6000jlmf"},
{"type":"Feature","properties":{"mag":4.5,"place":"6 km WNW of Besni, Turkey","time":1675648878994,"updated":1681594804040,"tz":null,"url":"https://earthquake.usgs.gov/earthquakes/eventpage/us6000jnvi","detail":"https://earthquake.usgs.gov/fdsnws/event/1/query?eventid=us6000jnvi&format=geojson","felt":null,"cdi":null,"mmi":null,"alert":null,"status":"reviewed","tsunami":0,"sig":312,"net":"us","code":"6000jnvi","ids":",us6000jnvi,","sources":",us,","types":",origin,phase-data,","nst":41,"dmin":1.166,"rms":0.76,"gap":135,"magType":"mb","type":"earthquake","title":"M 4.5 - 6 km WNW of Besni, Turkey"},"geometry":{"type":"Point","coordinates":[37.8026,37.7238,16.202]},"id":"us6000jnvi"},
{"type":"Feature","properties":{"mag":4.8,"place":"23 km SW of Pazarc?k, Turkey","time":1675648905687,"updated":1681594774040,"tz":null,"url":"https://earthquake.usgs.gov/earthquakes/eventpage/us6000jlmy","detail":"https://earthquake.usgs.gov/fdsnws/event/1/query?eventid=us6000jlmy&format=geojson","felt":null,"cdi":null,"mmi":null,"alert":null,"status":"reviewed","tsunami":0,"sig":354,"net":"us","code":"6000jlmy","ids":",us6000jlmy,","sources":",us,","types":",origin,phase-data,","nst":77,"dmin":0.201,"rms":0.72,"gap":81,"magType":"mb","type":"earthquake","title":"M 4.8 - 23 km SW of Pazarc?k, Turkey"},"geometry":{"type":"Point","coordinates":[37.095,37.3512,10.502]},"id":"us6000jlmy"},
{"type":"Feature","properties":{"mag":5.3,"place":"Central Turkey","time":1675649017341,"updated":1681594773040,"tz":null,"url":"https://earthquake.usgs.gov/earthquakes/eventpage/us6000jlmh","detail":"https://earthquake.usgs.gov/fdsnws/event/1/query?eventid=us6000jlmh&format=geojson","felt":1,"cdi":8.2,"mmi":5.783,"alert":"green","status":"reviewed","tsunami":0,"sig":433,"net":"us","code":"6000jlmh","ids":",us6000jlmh,","sources":",us,","types":",dyfi,losspager,origin,phase-data,shakemap,","nst":154,"dmin":0.792,"rms":0.61,"gap":35,"magType":"mb","type":"earthquake","title":"M 5.3 - Central Turkey"},"geometry":{"type":"Point","coordinates":[37.9141,37.7712,16.929]},"id":"us6000jlmh"},
{"type":"Feature","properties":{"mag":5,"place":"19 km NE of Tut, Turkey","time":1675649183457,"updated":1681594789040,"tz":null,"url":"https://earthquake.usgs.gov/earthquakes/eventpage/us6000jmn0","detail":"https://earthquake.usgs.gov/fdsnws/event/1/query?eventid=us6000jmn0&format=geojson","felt":null,"cdi":null,"mmi":null,"alert":null,"status":"reviewed","tsunami":0,"sig":385,"net":"us","code":"6000jmn0","ids":",us6000jmn0,","sources":",us,","types":",origin,phase-data,","nst":90,"dmin":0.771,"rms":0.97,"gap":64,"magType":"mb","type":"earthquake","title":"M 5.0 - 19 km NE of Tut, Turkey"},"geometry":{"type":"Point","coordinates":[38.0613,37.9227,10]},"id":"us6000jmn0"},
{"type":"Feature","properties":{"mag":4.6,"place":"Kermadec Islands region","time":1675649206953,"updated":1705605544583,"tz":null,"url":"https://earthquake.usgs.gov/earthquakes/eventpage/us6000jlmi","detail":"https://earthquake.usgs.gov/fdsnws/event/1/query?eventid=us6000jlmi&format=geojson","felt":null,"cdi":null,"mmi":null,"alert":null,"status":"reviewed","tsunami":0,"sig":326,"net":"us","code":"6000jlmi","ids":",us6000jlmi,","sources":",us,","types":",earthquake-name,origin,phase-data,","nst":36,"dmin":2.086,"rms":0.77,"gap":132,"magType":"mb","type":"earthquake","title":"M 4.6 - Kermadec Islands region"},"geometry":{"type":"Point","coordinates":[-179.2848,-30.9859,207.642]},"id":"us6000jlmi"},
{"type":"Feature","properties":{"mag":4.4,"place":"15 km NNW of Sincik, Turkey","time":1675649416832,"updated":1681594799040,"tz":null,"url":"https://earthquake.usgs.gov/earthquakes/eventpage/us6000jnr8","detail":"https://earthquake.usgs.gov/fdsnws/event/1/query?eventid=us6000jnr8&format=geojson","felt":null,"cdi":null,"mmi":null,"alert":null,"status":"reviewed","tsunami":0,"sig":298,"net":"us","code":"6000jnr8","ids":",us6000jnr8,","sources":",us,","types":",origin,phase-data,","nst":37,"dmin":0.753,"rms":0.65,"gap":65,"magType":"mb","type":"earthquake","title":"M 4.4 - 15 km NNW of Sincik, Turkey"},"geometry":{"type":"Point","coordinates":[38.5195,38.1562,14.253]},"id":"us6000jnr8"},
{"type":"Feature","properties":{"mag":4.1,"place":"11 km S of Çelikhan, Turkey","time":1675649508911,"updated":1681594799040,"tz":null,"url":"https://earthquake.usgs.gov/earthquakes/eventpage/us6000jnr9","detail":"https://earthquake.usgs.gov/fdsnws/event/1/query?eventid=us6000jnr9&format=geojson","felt":null,"cdi":null,"mmi":null,"alert":null,"status":"reviewed","tsunami":0,"sig":259,"net":"us","code":"6000jnr9","ids":",us6000jnr9,","sources":",us,","types":",origin,phase-data,","nst":47,"dmin":0.678,"rms":0.66,"gap":91,"magType":"mb","type":"earthquake","title":"M 4.1 - 11 km S of Çelikhan, Turkey"},"geometry":{"type":"Point","coordinates":[38.2237,37.9265,16.711]},"id":"us6000jnr9"},
{"type":"Feature","properties":{"mag":4.2,"place":"16 km NE of Nurda??, Turkey","time":1675649620815,"updated":1681594799040,"tz":null,"url":"https://earthquake.usgs.gov/earthquakes/eventpage/us6000jnra","detail":"https://earthquake.usgs.gov/fdsnws/event/1/query?eventid=us6000jnra&format=geojson","felt":null,"cdi":null,"mmi":null,"alert":null,"status":"reviewed","tsunami":0,"sig":271,"net":"us","code":"6000jnra","ids":",us6000jnra,","sources":",us,","types":",origin,phase-data,","nst":17,"dmin":0.306,"rms":0.46,"gap":89,"magType":"mb","type":"earthquake","title":"M 4.2 - 16 km NE of Nurda??, Turkey"},"geometry":{"type":"Point","coordinates":[36.8539,37.2863,10]},"id":"us6000jnra"},
{"type":"Feature","properties":{"mag":4.2,"place":"18 km SE of Kahramanmara?, Turkey","time":1675649769128,"updated":1681594789040,"tz":null,"url":"https://earthquake.usgs.gov/earthquakes/eventpage/us6000jmn3","detail":"https://earthquake.usgs.gov/fdsnws/event/1/query?eventid=us6000jmn3&format=geojson","felt":null,"cdi":null,"mmi":null,"alert":null,"status":"reviewed","tsunami":0,"sig":271,"net":"us","code":"6000jmn3","ids":",us6000jmn3,","sources":",us,","types":",origin,phase-data,","nst":13,"dmin":0.304,"rms":0.4,"gap":129,"magType":"mb","type":"earthquake","title":"M 4.2 - 18 km SE of Kahramanmara?, Turkey"},"geometry":{"type":"Point","coordinates":[37.0449,37.4468,10]},"id":"us6000jmn3"},
{"type":"Feature","properties":{"mag":4.8,"place":"7 km S of Nurda??, Turkey","time":1675649860715,"updated":1681594774040,"tz":null,"url":"https://earthquake.usgs.gov/earthquakes/eventpage/us6000jlmm","detail":"https://earthquake.usgs.gov/fdsnws/event/1/query?eventid=us6000jlmm&format=geojson","felt":null,"cdi":null,"mmi":null,"alert":null,"status":"reviewed","tsunami":0,"sig":354,"net":"us","code":"6000jlmm","ids":",us6000jlmm,","sources":",us,","types":",origin,phase-data,","nst":86,"dmin":0.389,"rms":0.72,"gap":70,"magType":"mb","type":"earthquake","title":"M 4.8 - 7 km S of Nurda??, Turkey"},"geometry":{"type":"Point","coordinates":[36.7301,37.1024,12.201]},"id":"us6000jlmm"},
{"type":"Feature","properties":{"mag":4.2,"place":"20 km SE of Kahramanmara?, Turkey","time":1675650080561,"updated":1681594790040,"tz":null,"url":"https://earthquake.usgs.gov/earthquakes/eventpage/us6000jmn5","detail":"https://earthquake.usgs.gov/fdsnws/event/1/query?eventid=us6000jmn5&format=geojson","felt":null,"cdi":null,"mmi":null,"alert":null,"status":"reviewed","tsunami":0,"sig":271,"net":"us","code":"6000jmn5","ids":",us6000jmn5,","sources":",us,","types":",origin,phase-data,","nst":34,"dmin":0.287,"rms":0.7,"gap":83,"magType":"mb","type":"earthquake","title":"M 4.2 - 20 km SE of Kahramanmara?, Turkey"},"geometry":{"type":"Point","coordinates":[37.0658,37.4358,14.349]},"id":"us6000jmn5"},
{"type":"Feature","properties":{"mag":4.8,"place":"Kermadec Islands, New Zealand","time":1675650157823,"updated":1681594774040,"tz":null,"url":"https://earthquake.usgs.gov/earthquakes/eventpage/us6000jlmq","detail":"https://earthquake.usgs.gov/fdsnws/event/1/query?eventid=us6000jlmq&format=geojson","felt":null,"cdi":null,"mmi":null,"alert":null,"status":"reviewed","tsunami":0,"sig":354,"net":"us","code":"6000jlmq","ids":",us6000jlmq,","sources":",us,","types":",origin,phase-data,","nst":29,"dmin":1.344,"rms":0.97,"gap":84,"magType":"mb","type":"earthquake","title":"M 4.8 - Kermadec Islands, New Zealand"},"geometry":{"type":"Point","coordinates":[-178.0254,-30.6076,41.475]},"id":"us6000jlmq"},
{"type":"Feature","properties":{"mag":5.3,"place":"20 km E of Nurda??, Turkey","time":1675650194336,"updated":1681594774040,"tz":null,"url":"https://earthquake.usgs.gov/earthquakes/eventpage/us6000jlmn","detail":"https://earthquake.usgs.gov/fdsnws/event/1/query?eventid=us6000jlmn&format=geojson","felt":4,"cdi":4.3,"mmi":null,"alert":null,"status":"reviewed","tsunami":0,"sig":434,"net":"us","code":"6000jlmn","ids":",us6000jlmn,","sources":",us,","types":",dyfi,origin,phase-data,","nst":195,"dmin":0.195,"rms":0.55,"gap":36,"magType":"mb","type":"earthquake","title":"M 5.3 - 20 km E of Nurda??, Turkey"},"geometry":{"type":"Point","coordinates":[36.9658,37.1816,11.359]},"id":"us6000jlmn"},
{"type":"Feature","properties":{"mag":4.1,"place":"Central Turkey","time":1675650523721,"updated":1681594805040,"tz":null,"url":"https://earthquake.usgs.gov/earthquakes/eventpage/us6000jnw1","detail":"https://earthquake.usgs.gov/fdsnws/event/1/query?eventid=us6000jnw1&format=geojson","felt":null,"cdi":null,"mmi":null,"alert":null,"status":"reviewed","tsunami":0,"sig":259,"net":"us","code":"6000jnw1","ids":",us6000jnw1,","sources":",us,","types":",origin,phase-data,","nst":21,"dmin":0.086,"rms":0.57,"gap":146,"magType":"mb","type":"earthquake","title":"M 4.1 - Central Turkey"},"geometry":{"type":"Point","coordinates":[36.9502,37.4292,8.01]},"id":"us6000jnw1"},
{"type":"Feature","properties":{"mag":4.5,"place":"21 km SSW of Kahramanmara?, Turkey","time":1675650686171,"updated":1681594801040,"tz":null,"url":"https://earthquake.usgs.gov/earthquakes/eventpage/us6000jnsi","detail":"https://earthquake.usgs.gov/fdsnws/event/1/query?eventid=us6000jnsi&format=geojson","felt":null,"cdi":null,"mmi":null,"alert":null,"status":"reviewed","tsunami":0,"sig":312,"net":"us","code":"6000jnsi","ids":",us6000jnsi,","sources":",us,","types":",origin,phase-data,","nst":42,"dmin":0.111,"rms":0.65,"gap":156,"magType":"mb","type":"earthquake","title":"M 4.5 - 21 km SSW of Kahramanmara?, Turkey"},"geometry":{"type":"Point","coordinates":[36.8216,37.4137,12.112]},"id":"us6000jnsi"},
{"type":"Feature","properties":{"mag":4.5,"place":"15 km WNW of Pazarc?k, Turkey","time":1675650728686,"updated":1681594805040,"tz":null,"url":"https://earthquake.usgs.gov/earthquakes/eventpage/us6000jnw0","detail":"https://earthquake.usgs.gov/fdsnws/event/1/query?eventid=us6000jnw0&format=geojson","felt":null,"cdi":null,"mmi":null,"alert":null,"status":"reviewed","tsunami":0,"sig":312,"net":"us","code":"6000jnw0","ids":",us6000jnw0,","sources":",us,","types":",origin,phase-data,","nst":32,"dmin":0.205,"rms":1,"gap":81,"magType":"mb","type":"earthquake","title":"M 4.5 - 15 km WNW of Pazarc?k, Turkey"},"geometry":{"type":"Point","coordinates":[37.1467,37.5639,17.393]},"id":"us6000jnw0"},
{"type":"Feature","properties":{"mag":4.4,"place":"13 km NW of Sincik, Turkey","time":1675650808446,"updated":1681594799040,"tz":null,"url":"https://earthquake.usgs.gov/earthquakes/eventpage/us6000jnrb","detail":"https://earthquake.usgs.gov/fdsnws/event/1/query?eventid=us6000jnrb&format=geojson","felt":null,"cdi":null,"mmi":null,"alert":null,"status":"reviewed","tsunami":0,"sig":298,"net":"us","code":"6000jnrb","ids":",us6000jnrb,","sources":",us,","types":",origin,phase-data,","nst":44,"dmin":0.715,"rms":0.54,"gap":83,"magType":"mb","type":"earthquake","title":"M 4.4 - 13 km NW of Sincik, Turkey"},"geometry":{"type":"Point","coordinates":[38.495,38.1084,17.891]},"id":"us6000jnrb"},
{"type":"Feature","properties":{"mag":4.3,"place":"6 km W of Pazarc?k, Turkey","time":1675650858119,"updated":1681594800040,"tz":null,"url":"https://earthquake.usgs.gov/earthquakes/eventpage/us6000jnry","detail":"https://earthquake.usgs.gov/fdsnws/event/1/query?eventid=us6000jnry&format=geojson","felt":null,"cdi":null,"mmi":null,"alert":null,"status":"reviewed","tsunami":0,"sig":284,"net":"us","code":"6000jnry","ids":",us6000jnry,","sources":",us,","types":",origin,phase-data,","nst":41,"dmin":0.322,"rms":0.6,"gap":91,"magType":"mb","type":"earthquake","title":"M 4.3 - 6 km W of Pazarc?k, Turkey"},"geometry":{"type":"Point","coordinates":[37.2266,37.4941,14.637]},"id":"us6000jnry"},
{"type":"Feature","properties":{"mag":4.7,"place":"24 km NNE of Musabeyli, Turkey","time":1675650891505,"updated":1705605546108,"tz":null,"url":"https://earthquake.usgs.gov/earthquakes/eventpage/us6000jnsj","detail":"https://earthquake.usgs.gov/fdsnws/event/1/query?eventid=us6000jnsj&format=geojson","felt":null,"cdi":null,"mmi":null,"alert":null,"status":"reviewed","tsunami":0,"sig":340,"net":"us","code":"6000jnsj","ids":",us6000jnsj,","sources":",us,","types":",earthquake-name,origin,phase-data,","nst":84,"dmin":0.165,"rms":0.84,"gap":68,"magType":"mb","type":"earthquake","title":"M 4.7 - 24 km NNE of Musabeyli, Turkey"},"geometry":{"type":"Point","coordinates":[37.0363,37.0822,10]},"id":"us6000jnsj"},
{"type":"Feature","properties":{"mag":4.2,"place":"15 km NE of Ad?yaman, Turkey","time":1675651124305,"updated":1681594799040,"tz":null,"url":"https://earthquake.usgs.gov/earthquakes/eventpage/us6000jnrd","detail":"https://earthquake.usgs.gov/fdsnws/event/1/query?eventid=us6000jnrd&format=geojson","felt":null,"cdi":null,"mmi":null,"alert":null,"status":"reviewed","tsunami":0,"sig":271,"net":"us","code":"6000jnrd","ids":",us6000jnrd,","sources":",us,","types":",origin,phase-data,","nst":32,"dmin":1.645,"rms":0.71,"gap":169,"magType":"mb","type":"earthquake","title":"M 4.2 - 15 km NE of Ad?yaman, Turkey"},"geometry":{"type":"Point","coordinates":[38.3908,37.8697,10]},"id":"us6000jnrd"},
{"type":"Feature","properties":{"mag":4.2,"place":"12 km WNW of Hassa, Turkey","time":1675651427299,"updated":1681594805040,"tz":null,"url":"https://earthquake.usgs.gov/earthquakes/eventpage/us6000jnvz","detail":"https://earthquake.usgs.gov/fdsnws/event/1/query?eventid=us6000jnvz&format=geojson","felt":null,"cdi":null,"mmi":null,"alert":null,"status":"reviewed","tsunami":0,"sig":271,"net":"us","code":"6000jnvz","ids":",us6000jnvz,","sources":",us,","types":",origin,phase-data,","nst":27,"dmin":0.73,"rms":0.74,"gap":217,"magType":"mb","type":"earthquake","title":"M 4.2 - 12 km WNW of Hassa, Turkey"},"geometry":{"type":"Point","coordinates":[36.3895,36.8497,10]},"id":"us6000jnvz"},
{"type":"Feature","properties":{"mag":4.2,"place":"eastern Turkey","time":1675651934949,"updated":1681594799040,"tz":null,"url":"https://earthquake.usgs.gov/earthquakes/eventpage/us6000jnre","detail":"https://earthquake.usgs.gov/fdsnws/event/1/query?eventid=us6000jnre&format=geojson","felt":null,"cdi":null,"mmi":null,"alert":null,"status":"reviewed","tsunami":0,"sig":271,"net":"us","code":"6000jnre","ids":",us6000jnre,","sources":",us,","types":",origin,phase-data,","nst":27,"dmin":1.236,"rms":0.72,"gap":99,"magType":"mb","type":"earthquake","title":"M 4.2 - eastern Turkey"},"geometry":{"type":"Point","coordinates":[40.4563,38.5461,12.85]},"id":"us6000jnre"},
{"type":"Feature","properties":{"mag":4.7,"place":"14 km ENE of Denizciler, Turkey","time":1675652040446,"updated":1681594774040,"tz":null,"url":"https://earthquake.usgs.gov/earthquakes/eventpage/us6000jlmv","detail":"https://earthquake.usgs.gov/fdsnws/event/1/query?eventid=us6000jlmv&format=geojson","felt":1,"cdi":5.3,"mmi":null,"alert":null,"status":"reviewed","tsunami":0,"sig":340,"net":"us","code":"6000jlmv","ids":",us6000jlmv,","sources":",us,","types":",dyfi,origin,phase-data,","nst":129,"dmin":0.828,"rms":0.59,"gap":55,"magType":"mb","type":"earthquake","title":"M 4.7 - 14 km ENE of Denizciler, Turkey"},"geometry":{"type":"Point","coordinates":[36.3519,36.7084,10]},"id":"us6000jlmv"},
{"type":"Feature","properties":{"mag":4.4,"place":"6 km NE of Keban, Turkey","time":1675652211520,"updated":1681594801040,"tz":null,"url":"https://earthquake.usgs.gov/earthquakes/eventpage/us6000jnsn","detail":"https://earthquake.usgs.gov/fdsnws/event/1/query?eventid=us6000jnsn&format=geojson","felt":null,"cdi":null,"mmi":null,"alert":null,"status":"reviewed","tsunami":0,"sig":298,"net":"us","code":"6000jnsn","ids":",us6000jnsn,","sources":",us,","types":",origin,phase-data,","nst":31,"dmin":1.771,"rms":0.56,"gap":112,"magType":"mb","type":"earthquake","title":"M 4.4 - 6 km NE of Keban, Turkey"},"geometry":{"type":"Point","coordinates":[38.8005,38.8297,14.19]},"id":"us6000jnsn"},
{"type":"Feature","properties":{"mag":4.1,"place":"19 km NW of Sincik, Turkey","time":1675652474387,"updated":1681594799040,"tz":null,"url":"https://earthquake.usgs.gov/earthquakes/eventpage/us6000jnrf","detail":"https://earthquake.usgs.gov/fdsnws/event/1/query?eventid=us6000jnrf&format=geojson","felt":null,"cdi":null,"mmi":null,"alert":null,"status":"reviewed","tsunami":0,"sig":259,"net":"us","code":"6000jnrf","ids":",us6000jnrf,","sources":",us,","types":",origin,phase-data,","nst":33,"dmin":0.769,"rms":0.75,"gap":68,"magType":"mb","type":"earthquake","title":"M 4.1 - 19 km NW of Sincik, Turkey"},"geometry":{"type":"Point","coordinates":[38.435,38.1475,14.043]},"id":"us6000jnrf"},
{"type":"Feature","properties":{"mag":4.4,"place":"18 km NW of Tut, Turkey","time":1675652538228,"updated":1681594799040,"tz":null,"url":"https://earthquake.usgs.gov/earthquakes/eventpage/us6000jnrg","detail":"https://earthquake.usgs.gov/fdsnws/event/1/query?eventid=us6000jnrg&format=geojson","felt":null,"cdi":null,"mmi":null,"alert":null,"status":"reviewed","tsunami":0,"sig":298,"net":"us","code":"6000jnrg","ids":",us6000jnrg,","sources":",us,","types":",origin,phase-data,","nst":52,"dmin":0.875,"rms":0.62,"gap":91,"magType":"mb","type":"earthquake","title":"M 4.4 - 18 km NW of Tut, Turkey"},"geometry":{"type":"Point","coordinates":[37.7822,37.9204,10]},"id":"us6000jnrg"},
{"type":"Feature","properties":{"mag":4.7,"place":"19 km NW of Sincik, Turkey","time":1675652685269,"updated":1681594774040,"tz":null,"url":"https://earthquake.usgs.gov/earthquakes/eventpage/us6000jln0","detail":"https://earthquake.usgs.gov/fdsnws/event/1/query?eventid=us6000jln0&format=geojson","felt":null,"cdi":null,"mmi":null,"alert":null,"status":"reviewed","tsunami":0,"sig":340,"net":"us","code":"6000jln0","ids":",us6000jln0,","sources":",us,","types":",origin,phase-data,","nst":123,"dmin":0.78,"rms":0.64,"gap":33,"magType":"mb","type":"earthquake","title":"M 4.7 - 19 km NW of Sincik, Turkey"},"geometry":{"type":"Point","coordinates":[38.482,38.1742,16.696]},"id":"us6000jln0"},
{"type":"Feature","properties":{"mag":4,"place":"32 km E of Palca, Peru","time":1675652836454,"updated":1681594774040,"tz":null,"url":"https://earthquake.usgs.gov/earthquakes/eventpage/us6000jln2","detail":"https://earthquake.usgs.gov/fdsnws/event/1/query?eventid=us6000jln2&format=geojson","felt":null,"cdi":null,"mmi":null,"alert":null,"status":"reviewed","tsunami":0,"sig":246,"net":"us","code":"6000jln2","ids":",us6000jln2,","sources":",us,","types":",origin,phase-data,","nst":24,"dmin":0.215,"rms":0.8,"gap":97,"magType":"mb","type":"earthquake","title":"M 4.0 - 32 km E of Palca, Peru"},"geometry":{"type":"Point","coordinates":[-69.6588,-17.722,156.984]},"id":"us6000jln2"},
{"type":"Feature","properties":{"mag":4.4,"place":"5 km WNW of Besni, Turkey","time":1675653020089,"updated":1681594774040,"tz":null,"url":"https://earthquake.usgs.gov/earthquakes/eventpage/us6000jln6","detail":"https://earthquake.usgs.gov/fdsnws/event/1/query?eventid=us6000jln6&format=geojson","felt":null,"cdi":null,"mmi":null,"alert":null,"status":"reviewed","tsunami":0,"sig":298,"net":"us","code":"6000jln6","ids":",us6000jln6,","sources":",us,","types":",origin,phase-data,","nst":79,"dmin":0.716,"rms":0.37,"gap":70,"magType":"mb","type":"earthquake","title":"M 4.4 - 5 km WNW of Besni, Turkey"},"geometry":{"type":"Point","coordinates":[37.8001,37.7127,16.08]},"id":"us6000jln6"},
{"type":"Feature","properties":{"mag":4.5,"place":"2 km ENE of Pazarc?k, Turkey","time":1675653131339,"updated":1681594774040,"tz":null,"url":"https://earthquake.usgs.gov/earthquakes/eventpage/us6000jln3","detail":"https://earthquake.usgs.gov/fdsnws/event/1/query?eventid=us6000jln3&format=geojson","felt":1,"cdi":6.1,"mmi":null,"alert":null,"status":"reviewed","tsunami":0,"sig":312,"net":"us","code":"6000jln3","ids":",us6000jln3,","sources":",us,","types":",dyfi,origin,phase-data,","nst":79,"dmin":0.341,"rms":0.68,"gap":76,"magType":"mb","type":"earthquake","title":"M 4.5 - 2 km ENE of Pazarc?k, Turkey"},"geometry":{"type":"Point","coordinates":[37.3267,37.5003,3.572]},"id":"us6000jln3"},
{"type":"Feature","properties":{"mag":4.3,"place":"11 km WNW of Sincik, Turkey","time":1675653376646,"updated":1705605547563,"tz":null,"url":"https://earthquake.usgs.gov/earthquakes/eventpage/us6000jnsr","detail":"https://earthquake.usgs.gov/fdsnws/event/1/query?eventid=us6000jnsr&format=geojson","felt":null,"cdi":null,"mmi":null,"alert":null,"status":"reviewed","tsunami":0,"sig":284,"net":"us","code":"6000jnsr","ids":",us6000jnsr,","sources":",us,","types":",earthquake-name,origin,phase-data,","nst":46,"dmin":0.681,"rms":0.87,"gap":71,"magType":"mb","type":"earthquake","title":"M 4.3 - 11 km WNW of Sincik, Turkey"},"geometry":{"type":"Point","coordinates":[38.4951,38.0715,17.34]},"id":"us6000jnsr"},
{"type":"Feature","properties":{"mag":4,"place":"12 km E of Ça?layancerit, Turkey","time":1675653555155,"updated":1681594800040,"tz":null,"url":"https://earthquake.usgs.gov/earthquakes/eventpage/us6000jnrj","detail":"https://earthquake.usgs.gov/fdsnws/event/1/query?eventid=us6000jnrj&format=geojson","felt":null,"cdi":null,"mmi":null,"alert":null,"status":"reviewed","tsunami":0,"sig":246,"net":"us","code":"6000jnrj","ids":",us6000jnrj,","sources":",us,","types":",origin,phase-data,","nst":17,"dmin":1.042,"rms":0.57,"gap":95,"magType":"mb","type":"earthquake","title":"M 4.0 - 12 km E of Ça?layancerit, Turkey"},"geometry":{"type":"Point","coordinates":[37.4257,37.733,10]},"id":"us6000jnrj"},
{"type":"Feature","properties":{"mag":4.3,"place":"12 km NNW of Sincik, Turkey","time":1675653764992,"updated":1681594800040,"tz":null,"url":"https://earthquake.usgs.gov/earthquakes/eventpage/us6000jnrl","detail":"https://earthquake.usgs.gov/fdsnws/event/1/query?eventid=us6000jnrl&format=geojson","felt":null,"cdi":null,"mmi":null,"alert":null,"status":"reviewed","tsunami":0,"sig":284,"net":"us","code":"6000jnrl","ids":",us6000jnrl,","sources":",us,","types":",origin,phase-data,","nst":48,"dmin":0.733,"rms":0.62,"gap":64,"magType":"mb","type":"earthquake","title":"M 4.3 - 12 km NNW of Sincik, Turkey"},"geometry":{"type":"Point","coordinates":[38.558,38.1446,12.514]},"id":"us6000jnrl"},
{"type":"Feature","properties":{"mag":4.4,"place":"16 km NNW of Tut, Turkey","time":1675653870161,"updated":1681594799040,"tz":null,"url":"https://earthquake.usgs.gov/earthquakes/eventpage/us6000jnrh","detail":"https://earthquake.usgs.gov/fdsnws/event/1/query?eventid=us6000jnrh&format=geojson","felt":null,"cdi":null,"mmi":null,"alert":null,"status":"reviewed","tsunami":0,"sig":298,"net":"us","code":"6000jnrh","ids":",us6000jnrh,","sources":",us,","types":",origin,phase-data,","nst":39,"dmin":0.903,"rms":0.71,"gap":92,"magType":"mb","type":"earthquake","title":"M 4.4 - 16 km NNW of Tut, Turkey"},"geometry":{"type":"Point","coordinates":[37.8357,37.9268,5.884]},"id":"us6000jnrh"},
{"type":"Feature","properties":{"mag":4.4,"place":"5 km NW of Sincik, Turkey","time":1675654125962,"updated":1681594774040,"tz":null,"url":"https://earthquake.usgs.gov/earthquakes/eventpage/us6000jln5","detail":"https://earthquake.usgs.gov/fdsnws/event/1/query?eventid=us6000jln5&format=geojson","felt":null,"cdi":null,"mmi":null,"alert":null,"status":"reviewed","tsunami":0,"sig":298,"net":"us","code":"6000jln5","ids":",us6000jln5,","sources":",us,","types":",origin,phase-data,","nst":75,"dmin":0.664,"rms":0.8,"gap":36,"magType":"mb","type":"earthquake","title":"M 4.4 - 5 km NW of Sincik, Turkey"},"geometry":{"type":"Point","coordinates":[38.5775,38.0773,16.819]},"id":"us6000jln5"},
{"type":"Feature","properties":{"mag":4.2,"place":"15 km S of Nurda??, Turkey","time":1675654200256,"updated":1681594799040,"tz":null,"url":"https://earthquake.usgs.gov/earthquakes/eventpage/us6000jnri","detail":"https://earthquake.usgs.gov/fdsnws/event/1/query?eventid=us6000jnri&format=geojson","felt":null,"cdi":null,"mmi":null,"alert":null,"status":"reviewed","tsunami":0,"sig":271,"net":"us","code":"6000jnri","ids":",us6000jnri,","sources":",us,","types":",origin,phase-data,","nst":33,"dmin":0.394,"rms":0.84,"gap":171,"magType":"mb","type":"earthquake","title":"M 4.2 - 15 km S of Nurda??, Turkey"},"geometry":{"type":"Point","coordinates":[36.7506,37.0297,10]},"id":"us6000jnri"},
{"type":"Feature","properties":{"mag":4.2,"place":"177 km W of Naha, Japan","time":1675654335714,"updated":1681594774040,"tz":null,"url":"https://earthquake.usgs.gov/earthquakes/eventpage/us6000jln4","detail":"https://earthquake.usgs.gov/fdsnws/event/1/query?eventid=us6000jln4&format=geojson","felt":null,"cdi":null,"mmi":null,"alert":null,"status":"reviewed","tsunami":0,"sig":271,"net":"us","code":"6000jln4","ids":",us6000jln4,","sources":",us,","types":",origin,phase-data,","nst":39,"dmin":2.11,"rms":0.71,"gap":57,"magType":"mb","type":"earthquake","title":"M 4.2 - 177 km W of Naha, Japan"},"geometry":{"type":"Point","coordinates":[125.9397,26.5281,143.151]},"id":"us6000jln4"},
{"type":"Feature","properties":{"mag":4.2,"place":"21 km SE of Malatya, Turkey","time":1675654539215,"updated":1681594801040,"tz":null,"url":"https://earthquake.usgs.gov/earthquakes/eventpage/us6000jns6","detail":"https://earthquake.usgs.gov/fdsnws/event/1/query?eventid=us6000jns6&format=geojson","felt":null,"cdi":null,"mmi":null,"alert":null,"status":"reviewed","tsunami":0,"sig":271,"net":"us","code":"6000jns6","ids":",us6000jns6,","sources":",us,","types":",origin,phase-data,","nst":26,"dmin":0.831,"rms":0.77,"gap":61,"magType":"mb","type":"earthquake","title":"M 4.2 - 21 km SE of Malatya, Turkey"},"geometry":{"type":"Point","coordinates":[38.5132,38.2368,9.221]},"id":"us6000jns6"},
{"type":"Feature","properties":{"mag":4.3,"place":"30 km NW of Gaziantep, Turkey","time":1675654888306,"updated":1681594801040,"tz":null,"url":"https://earthquake.usgs.gov/earthquakes/eventpage/us6000jnsv","detail":"https://earthquake.usgs.gov/fdsnws/event/1/query?eventid=us6000jnsv&format=geojson","felt":null,"cdi":null,"mmi":null,"alert":null,"status":"reviewed","tsunami":0,"sig":284,"net":"us","code":"6000jnsv","ids":",us6000jnsv,","sources":",us,","types":",origin,phase-data,","nst":36,"dmin":0.094,"rms":0.73,"gap":134,"magType":"mb","type":"earthquake","title":"M 4.3 - 30 km NW of Gaziantep, Turkey"},"geometry":{"type":"Point","coordinates":[37.1335,37.2442,15.704]},"id":"us6000jnsv"},
{"type":"Feature","properties":{"mag":4.8,"place":"14 km NNE of Sincik, Turkey","time":1675655148353,"updated":1681594774040,"tz":null,"url":"https://earthquake.usgs.gov/earthquakes/eventpage/us6000jln9","detail":"https://earthquake.usgs.gov/fdsnws/event/1/query?eventid=us6000jln9&format=geojson","felt":2,"cdi":6.1,"mmi":null,"alert":null,"status":"reviewed","tsunami":0,"sig":356,"net":"us","code":"6000jln9","ids":",us6000jln9,","sources":",us,","types":",dyfi,origin,phase-data,","nst":126,"dmin":0.736,"rms":0.53,"gap":42,"magType":"mb","type":"earthquake","title":"M 4.8 - 14 km NNE of Sincik, Turkey"},"geometry":{"type":"Point","coordinates":[38.65,38.1656,16.431]},"id":"us6000jln9"},
{"type":"Feature","properties":{"mag":4.3,"place":"Central Turkey","time":1675655640586,"updated":1681594800040,"tz":null,"url":"https://earthquake.usgs.gov/earthquakes/eventpage/us6000jnrm","detail":"https://earthquake.usgs.gov/fdsnws/event/1/query?eventid=us6000jnrm&format=geojson","felt":null,"cdi":null,"mmi":null,"alert":null,"status":"reviewed","tsunami":0,"sig":284,"net":"us","code":"6000jnrm","ids":",us6000jnrm,","sources":",us,","types":",origin,phase-data,","nst":32,"dmin":0.612,"rms":0.71,"gap":90,"magType":"mb","type":"earthquake","title":"M 4.3 - Central Turkey"},"geometry":{"type":"Point","coordinates":[37.4251,37.7604,14.46]},"id":"us6000jnrm"},
{"type":"Feature","properties":{"mag":4.2,"place":"20 km S of Kahramanmara?, Turkey","time":1675655710580,"updated":1681594800040,"tz":null,"url":"https://earthquake.usgs.gov/earthquakes/eventpage/us6000jnrr","detail":"https://earthquake.usgs.gov/fdsnws/event/1/query?eventid=us6000jnrr&format=geojson","felt":null,"cdi":null,"mmi":null,"alert":null,"status":"reviewed","tsunami":0,"sig":271,"net":"us","code":"6000jnrr","ids":",us6000jnrr,","sources":",us,","types":",origin,phase-data,","nst":14,"dmin":0.338,"rms":0.7,"gap":160,"magType":"mb","type":"earthquake","title":"M 4.2 - 20 km S of Kahramanmara?, Turkey"},"geometry":{"type":"Point","coordinates":[36.8946,37.3982,10]},"id":"us6000jnrr"},
{"type":"Feature","properties":{"mag":4.3,"place":"17 km NNE of K?r?khan, Turkey","time":1675655899868,"updated":1681594800040,"tz":null,"url":"https://earthquake.usgs.gov/earthquakes/eventpage/us6000jnrn","detail":"https://earthquake.usgs.gov/fdsnws/event/1/query?eventid=us6000jnrn&format=geojson","felt":1,"cdi":5.8,"mmi":null,"alert":null,"status":"reviewed","tsunami":0,"sig":285,"net":"us","code":"6000jnrn","ids":",us6000jnrn,","sources":",us,","types":",dyfi,origin,phase-data,","nst":36,"dmin":0.821,"rms":0.76,"gap":102,"magType":"mb","type":"earthquake","title":"M 4.3 - 17 km NNE of K?r?khan, Turkey"},"geometry":{"type":"Point","coordinates":[36.426,36.6427,10]},"id":"us6000jnrn"},
{"type":"Feature","properties":{"mag":4.4,"place":"13 km NE of Ça?layancerit, Turkey","time":1675656262647,"updated":1681594774040,"tz":null,"url":"https://earthquake.usgs.gov/earthquakes/eventpage/us6000jlnc","detail":"https://earthquake.usgs.gov/fdsnws/event/1/query?eventid=us6000jlnc&format=geojson","felt":null,"cdi":null,"mmi":null,"alert":null,"status":"reviewed","tsunami":0,"sig":298,"net":"us","code":"6000jlnc","ids":",us6000jlnc,","sources":",us,","types":",origin,phase-data,","nst":65,"dmin":0.674,"rms":0.52,"gap":83,"magType":"mb","type":"earthquake","title":"M 4.4 - 13 km NE of Ça?layancerit, Turkey"},"geometry":{"type":"Point","coordinates":[37.3919,37.8315,5.017]},"id":"us6000jlnc"},
{"type":"Feature","properties":{"mag":4.1,"place":"15 km E of Ça?layancerit, Turkey","time":1675656315992,"updated":1681594805040,"tz":null,"url":"https://earthquake.usgs.gov/earthquakes/eventpage/us6000jnvn","detail":"https://earthquake.usgs.gov/fdsnws/event/1/query?eventid=us6000jnvn&format=geojson","felt":null,"cdi":null,"mmi":null,"alert":null,"status":"reviewed","tsunami":0,"sig":259,"net":"us","code":"6000jnvn","ids":",us6000jnvn,","sources":",us,","types":",origin,phase-data,","nst":22,"dmin":0.625,"rms":1.15,"gap":119,"magType":"mb","type":"earthquake","title":"M 4.1 - 15 km E of Ça?layancerit, Turkey"},"geometry":{"type":"Point","coordinates":[37.4588,37.7658,10]},"id":"us6000jnvn"},
{"type":"Feature","properties":{"mag":4.2,"place":"18 km ESE of Nurda??, Turkey","time":1675656356670,"updated":1681594800040,"tz":null,"url":"https://earthquake.usgs.gov/earthquakes/eventpage/us6000jnrp","detail":"https://earthquake.usgs.gov/fdsnws/event/1/query?eventid=us6000jnrp&format=geojson","felt":null,"cdi":null,"mmi":null,"alert":null,"status":"reviewed","tsunami":0,"sig":271,"net":"us","code":"6000jnrp","ids":",us6000jnrp,","sources":",us,","types":",origin,phase-data,","nst":21,"dmin":0.252,"rms":0.53,"gap":121,"magType":"mb","type":"earthquake","title":"M 4.2 - 18 km ESE of Nurda??, Turkey"},"geometry":{"type":"Point","coordinates":[36.9133,37.0844,12.1]},"id":"us6000jnrp"},
{"type":"Feature","properties":{"mag":4.4,"place":"16 km N of Sincik, Turkey","time":1675656857612,"updated":1681594774040,"tz":null,"url":"https://earthquake.usgs.gov/earthquakes/eventpage/us6000jlne","detail":"https://earthquake.usgs.gov/fdsnws/event/1/query?eventid=us6000jlne&format=geojson","felt":null,"cdi":null,"mmi":null,"alert":null,"status":"reviewed","tsunami":0,"sig":298,"net":"us","code":"6000jlne","ids":",us6000jlne,","sources":",us,","types":",origin,phase-data,","nst":55,"dmin":0.761,"rms":0.74,"gap":105,"magType":"mb","type":"earthquake","title":"M 4.4 - 16 km N of Sincik, Turkey"},"geometry":{"type":"Point","coordinates":[38.6102,38.1847,9.958]},"id":"us6000jlne"},
{"type":"Feature","properties":{"mag":4.5,"place":"Central Turkey","time":1675657009374,"updated":1681594774040,"tz":null,"url":"https://earthquake.usgs.gov/earthquakes/eventpage/us6000jlnd","detail":"https://earthquake.usgs.gov/fdsnws/event/1/query?eventid=us6000jlnd&format=geojson","felt":1,"cdi":5.4,"mmi":null,"alert":null,"status":"reviewed","tsunami":0,"sig":312,"net":"us","code":"6000jlnd","ids":",us6000jlnd,","sources":",us,","types":",dyfi,origin,phase-data,","nst":88,"dmin":0.355,"rms":0.43,"gap":66,"magType":"mb","type":"earthquake","title":"M 4.5 - Central Turkey"},"geometry":{"type":"Point","coordinates":[37.2784,37.5236,11.788]},"id":"us6000jlnd"},
{"type":"Feature","properties":{"mag":5,"place":"17 km NNW of Sincik, Turkey","time":1675657126986,"updated":1681594774040,"tz":null,"url":"https://earthquake.usgs.gov/earthquakes/eventpage/us6000jlnf","detail":"https://earthquake.usgs.gov/fdsnws/event/1/query?eventid=us6000jlnf&format=geojson","felt":4,"cdi":5.8,"mmi":null,"alert":null,"status":"reviewed","tsunami":0,"sig":387,"net":"us","code":"6000jlnf","ids":",us6000jlnf,","sources":",us,","types":",dyfi,origin,phase-data,","nst":145,"dmin":0.776,"rms":0.58,"gap":36,"magType":"mb","type":"earthquake","title":"M 5.0 - 17 km NNW of Sincik, Turkey"},"geometry":{"type":"Point","coordinates":[38.5342,38.1845,16.416]},"id":"us6000jlnf"},
{"type":"Feature","properties":{"mag":4.1,"place":"11 km NW of Pazarc?k, Turkey","time":1675657485154,"updated":1681594804040,"tz":null,"url":"https://earthquake.usgs.gov/earthquakes/eventpage/us6000jnvd","detail":"https://earthquake.usgs.gov/fdsnws/event/1/query?eventid=us6000jnvd&format=geojson","felt":null,"cdi":null,"mmi":null,"alert":null,"status":"reviewed","tsunami":0,"sig":259,"net":"us","code":"6000jnvd","ids":",us6000jnvd,","sources":",us,","types":",origin,phase-data,","nst":25,"dmin":0.382,"rms":0.56,"gap":93,"magType":"mb","type":"earthquake","title":"M 4.1 - 11 km NW of Pazarc?k, Turkey"},"geometry":{"type":"Point","coordinates":[37.2001,37.555,13.385]},"id":"us6000jnvd"},
{"type":"Feature","properties":{"mag":4.3,"place":"19 km NE of Nurda??, Turkey","time":1675657862298,"updated":1681594800040,"tz":null,"url":"https://earthquake.usgs.gov/earthquakes/eventpage/us6000jnrs","detail":"https://earthquake.usgs.gov/fdsnws/event/1/query?eventid=us6000jnrs&format=geojson","felt":null,"cdi":null,"mmi":null,"alert":null,"status":"reviewed","tsunami":0,"sig":284,"net":"us","code":"6000jnrs","ids":",us6000jnrs,","sources":",us,","types":",origin,phase-data,","nst":32,"dmin":0.285,"rms":0.72,"gap":159,"magType":"mb","type":"earthquake","title":"M 4.3 - 19 km NE of Nurda??, Turkey"},"geometry":{"type":"Point","coordinates":[36.8854,37.2919,12.932]},"id":"us6000jnrs"},
{"type":"Feature","properties":{"mag":4.4,"place":"2 km NE of Uzunkavak, Turkey","time":1675657883899,"updated":1681594801040,"tz":null,"url":"https://earthquake.usgs.gov/earthquakes/eventpage/us6000jnsd","detail":"https://earthquake.usgs.gov/fdsnws/event/1/query?eventid=us6000jnsd&format=geojson","felt":null,"cdi":null,"mmi":null,"alert":null,"status":"reviewed","tsunami":0,"sig":298,"net":"us","code":"6000jnsd","ids":",us6000jnsd,","sources":",us,","types":",origin,phase-data,","nst":38,"dmin":1.015,"rms":0.48,"gap":116,"magType":"mb","type":"earthquake","title":"M 4.4 - 2 km NE of Uzunkavak, Turkey"},"geometry":{"type":"Point","coordinates":[36.4413,36.3649,10]},"id":"us6000jnsd"},
{"type":"Feature","properties":{"mag":4.3,"place":"14 km ENE of Ça?layancerit, Turkey","time":1675658387868,"updated":1681594775040,"tz":null,"url":"https://earthquake.usgs.gov/earthquakes/eventpage/us6000jlnq","detail":"https://earthquake.usgs.gov/fdsnws/event/1/query?eventid=us6000jlnq&format=geojson","felt":null,"cdi":null,"mmi":null,"alert":null,"status":"reviewed","tsunami":0,"sig":284,"net":"us","code":"6000jlnq","ids":",us6000jlnq,","sources":",us,","types":",origin,phase-data,","nst":51,"dmin":0.645,"rms":0.54,"gap":96,"magType":"mb","type":"earthquake","title":"M 4.3 - 14 km ENE of Ça?layancerit, Turkey"},"geometry":{"type":"Point","coordinates":[37.4444,37.7907,17.034]},"id":"us6000jlnq"},
{"type":"Feature","properties":{"mag":4.5,"place":"9 km SSW of Hassa, Turkey","time":1675658877170,"updated":1681594775040,"tz":null,"url":"https://earthquake.usgs.gov/earthquakes/eventpage/us6000jlns","detail":"https://earthquake.usgs.gov/fdsnws/event/1/query?eventid=us6000jlns&format=geojson","felt":null,"cdi":null,"mmi":null,"alert":null,"status":"reviewed","tsunami":0,"sig":312,"net":"us","code":"6000jlns","ids":",us6000jlns,","sources":",us,","types":",origin,phase-data,","nst":75,"dmin":0.744,"rms":0.62,"gap":89,"magType":"mb","type":"earthquake","title":"M 4.5 - 9 km SSW of Hassa, Turkey"},"geometry":{"type":"Point","coordinates":[36.4733,36.7176,10]},"id":"us6000jlns"},
{"type":"Feature","properties":{"mag":4.5,"place":"12 km WSW of Pazarc?k, Turkey","time":1675659365491,"updated":1681594775040,"tz":null,"url":"https://earthquake.usgs.gov/earthquakes/eventpage/us6000jlnu","detail":"https://earthquake.usgs.gov/fdsnws/event/1/query?eventid=us6000jlnu&format=geojson","felt":null,"cdi":null,"mmi":null,"alert":null,"status":"reviewed","tsunami":0,"sig":312,"net":"us","code":"6000jlnu","ids":",us6000jlnu,","sources":",us,","types":",origin,phase-data,","nst":84,"dmin":0.291,"rms":0.64,"gap":69,"magType":"mb","type":"earthquake","title":"M 4.5 - 12 km WSW of Pazarc?k, Turkey"},"geometry":{"type":"Point","coordinates":[37.1603,37.4609,16.174]},"id":"us6000jlnu"},
{"type":"Feature","properties":{"mag":4.6,"place":"5 km W of Tut, Turkey","time":1675659710591,"updated":1681594775040,"tz":null,"url":"https://earthquake.usgs.gov/earthquakes/eventpage/us6000jlnv","detail":"https://earthquake.usgs.gov/fdsnws/event/1/query?eventid=us6000jlnv&format=geojson","felt":null,"cdi":null,"mmi":null,"alert":null,"status":"reviewed","tsunami":0,"sig":326,"net":"us","code":"6000jlnv","ids":",us6000jlnv,","sources":",us,","types":",origin,phase-data,","nst":98,"dmin":0.803,"rms":0.55,"gap":55,"magType":"mb","type":"earthquake","title":"M 4.6 - 5 km W of Tut, Turkey"},"geometry":{"type":"Point","coordinates":[37.8568,37.7898,16.551]},"id":"us6000jlnv"},
{"type":"Feature","properties":{"mag":4.2,"place":"23 km WSW of Pazarc?k, Turkey","time":1675659871901,"updated":1681594804040,"tz":null,"url":"https://earthquake.usgs.gov/earthquakes/eventpage/us6000jnvb","detail":"https://earthquake.usgs.gov/fdsnws/event/1/query?eventid=us6000jnvb&format=geojson","felt":null,"cdi":null,"mmi":null,"alert":null,"status":"reviewed","tsunami":0,"sig":271,"net":"us","code":"6000jnvb","ids":",us6000jnvb,","sources":",us,","types":",origin,phase-data,","nst":19,"dmin":0.229,"rms":0.5,"gap":136,"magType":"mb","type":"earthquake","title":"M 4.2 - 23 km WSW of Pazarc?k, Turkey"},"geometry":{"type":"Point","coordinates":[37.0793,37.3768,11.165]},"id":"us6000jnvb"},
{"type":"Feature","properties":{"mag":4.4,"place":"9 km W of Pazarc?k, Turkey","time":1675660372692,"updated":1681594800040,"tz":null,"url":"https://earthquake.usgs.gov/earthquakes/eventpage/us6000jnrx","detail":"https://earthquake.usgs.gov/fdsnws/event/1/query?eventid=us6000jnrx&format=geojson","felt":null,"cdi":null,"mmi":null,"alert":null,"status":"reviewed","tsunami":0,"sig":298,"net":"us","code":"6000jnrx","ids":",us6000jnrx,","sources":",us,","types":",origin,phase-data,","nst":29,"dmin":0.324,"rms":1.11,"gap":85,"magType":"mb","type":"earthquake","title":"M 4.4 - 9 km W of Pazarc?k, Turkey"},"geometry":{"type":"Point","coordinates":[37.1888,37.4966,5.336]},"id":"us6000jnrx"},
{"type":"Feature","properties":{"mag":4.1,"place":"11 km W of Tut, Turkey","time":1675660615953,"updated":1681594800040,"tz":null,"url":"https://earthquake.usgs.gov/earthquakes/eventpage/us6000jnrv","detail":"https://earthquake.usgs.gov/fdsnws/event/1/query?eventid=us6000jnrv&format=geojson","felt":null,"cdi":null,"mmi":null,"alert":null,"status":"reviewed","tsunami":0,"sig":259,"net":"us","code":"6000jnrv","ids":",us6000jnrv,","sources":",us,","types":",origin,phase-data,","nst":38,"dmin":0.775,"rms":0.65,"gap":103,"magType":"mb","type":"earthquake","title":"M 4.1 - 11 km W of Tut, Turkey"},"geometry":{"type":"Point","coordinates":[37.7821,37.7999,10]},"id":"us6000jnrv"},
{"type":"Feature","properties":{"mag":4.1,"place":"6 km E of Çelikhan, Turkey","time":1675660788566,"updated":1681594800040,"tz":null,"url":"https://earthquake.usgs.gov/earthquakes/eventpage/us6000jnrw","detail":"https://earthquake.usgs.gov/fdsnws/event/1/query?eventid=us6000jnrw&format=geojson","felt":null,"cdi":null,"mmi":null,"alert":null,"status":"reviewed","tsunami":0,"sig":259,"net":"us","code":"6000jnrw","ids":",us6000jnrw,","sources":",us,","types":",origin,phase-data,","nst":25,"dmin":0.708,"rms":0.51,"gap":81,"magType":"mb","type":"earthquake","title":"M 4.1 - 6 km E of Çelikhan, Turkey"},"geometry":{"type":"Point","coordinates":[38.3054,38.0197,10]},"id":"us6000jnrw"},
{"type":"Feature","properties":{"mag":4.4,"place":"12 km E of Yavuzeli, Turkey","time":1675660964551,"updated":1681594775040,"tz":null,"url":"https://earthquake.usgs.gov/earthquakes/eventpage/us6000jlnx","detail":"https://earthquake.usgs.gov/fdsnws/event/1/query?eventid=us6000jlnx&format=geojson","felt":null,"cdi":null,"mmi":null,"alert":null,"status":"reviewed","tsunami":0,"sig":298,"net":"us","code":"6000jlnx","ids":",us6000jlnx,","sources":",us,","types":",origin,phase-data,","nst":37,"dmin":1.12,"rms":0.46,"gap":119,"magType":"mb","type":"earthquake","title":"M 4.4 - 12 km E of Yavuzeli, Turkey"},"geometry":{"type":"Point","coordinates":[37.7106,37.3082,10]},"id":"us6000jlnx"},
{"type":"Feature","properties":{"mag":4.4,"place":"17 km W of Çelikhan, Turkey","time":1675661482169,"updated":1681594775040,"tz":null,"url":"https://earthquake.usgs.gov/earthquakes/eventpage/us6000jlnz","detail":"https://earthquake.usgs.gov/fdsnws/event/1/query?eventid=us6000jlnz&format=geojson","felt":null,"cdi":null,"mmi":null,"alert":null,"status":"reviewed","tsunami":0,"sig":298,"net":"us","code":"6000jlnz","ids":",us6000jlnz,","sources":",us,","types":",origin,phase-data,","nst":42,"dmin":1.063,"rms":0.62,"gap":93,"magType":"mb","type":"earthquake","title":"M 4.4 - 17 km W of Çelikhan, Turkey"},"geometry":{"type":"Point","coordinates":[38.042,38.0053,10]},"id":"us6000jlnz"},
{"type":"Feature","properties":{"mag":4.6,"place":"7 km N of Çelikhan, Turkey","time":1675661590998,"updated":1681594800040,"tz":null,"url":"https://earthquake.usgs.gov/earthquakes/eventpage/us6000jns2","detail":"https://earthquake.usgs.gov/fdsnws/event/1/query?eventid=us6000jns2&format=geojson","felt":null,"cdi":null,"mmi":null,"alert":null,"status":"reviewed","tsunami":0,"sig":326,"net":"us","code":"6000jns2","ids":",us6000jns2,","sources":",us,","types":",origin,phase-data,","nst":73,"dmin":0.801,"rms":0.65,"gap":97,"magType":"mb","type":"earthquake","title":"M 4.6 - 7 km N of Çelikhan, Turkey"},"geometry":{"type":"Point","coordinates":[38.2361,38.0957,15.345]},"id":"us6000jns2"},
{"type":"Feature","properties":{"mag":4.4,"place":"6 km N of Serinyol, Turkey","time":1675661721339,"updated":1681594800040,"tz":null,"url":"https://earthquake.usgs.gov/earthquakes/eventpage/us6000jns0","detail":"https://earthquake.usgs.gov/fdsnws/event/1/query?eventid=us6000jns0&format=geojson","felt":null,"cdi":null,"mmi":null,"alert":null,"status":"reviewed","tsunami":0,"sig":298,"net":"us","code":"6000jns0","ids":",us6000jns0,","sources":",us,","types":",origin,phase-data,","nst":59,"dmin":1.095,"rms":0.54,"gap":130,"magType":"mb","type":"earthquake","title":"M 4.4 - 6 km N of Serinyol, Turkey"},"geometry":{"type":"Point","coordinates":[36.2183,36.4188,10]},"id":"us6000jns0"},
{"type":"Feature","properties":{"mag":4.6,"place":"1 km N of Büyük Dalyan, Turkey","time":1675661793636,"updated":1681594775040,"tz":null,"url":"https://earthquake.usgs.gov/earthquakes/eventpage/us6000jlp0","detail":"https://earthquake.usgs.gov/fdsnws/event/1/query?eventid=us6000jlp0&format=geojson","felt":null,"cdi":null,"mmi":null,"alert":null,"status":"reviewed","tsunami":0,"sig":326,"net":"us","code":"6000jlp0","ids":",us6000jlp0,","sources":",us,","types":",origin,phase-data,","nst":93,"dmin":1.187,"rms":0.79,"gap":54,"magType":"mb","type":"earthquake","title":"M 4.6 - 1 km N of Büyük Dalyan, Turkey"},"geometry":{"type":"Point","coordinates":[36.2085,36.2975,13.032]},"id":"us6000jlp0"},
{"type":"Feature","properties":{"mag":4.5,"place":"12 km S of Çelikhan, Turkey","time":1675662038044,"updated":1681594801040,"tz":null,"url":"https://earthquake.usgs.gov/earthquakes/eventpage/us6000jnss","detail":"https://earthquake.usgs.gov/fdsnws/event/1/query?eventid=us6000jnss&format=geojson","felt":null,"cdi":null,"mmi":null,"alert":null,"status":"reviewed","tsunami":0,"sig":312,"net":"us","code":"6000jnss","ids":",us6000jnss,","sources":",us,","types":",origin,phase-data,","nst":57,"dmin":0.66,"rms":0.47,"gap":75,"magType":"mb","type":"earthquake","title":"M 4.5 - 12 km S of Çelikhan, Turkey"},"geometry":{"type":"Point","coordinates":[38.2366,37.9116,19.278]},"id":"us6000jnss"},
{"type":"Feature","properties":{"mag":4.6,"place":"3 km S of Büyük Dalyan, Turkey","time":1675662229888,"updated":1681594800040,"tz":null,"url":"https://earthquake.usgs.gov/earthquakes/eventpage/us6000jns1","detail":"https://earthquake.usgs.gov/fdsnws/event/1/query?eventid=us6000jns1&format=geojson","felt":null,"cdi":null,"mmi":null,"alert":null,"status":"reviewed","tsunami":0,"sig":326,"net":"us","code":"6000jns1","ids":",us6000jns1,","sources":",us,","types":",origin,phase-data,","nst":73,"dmin":1.217,"rms":0.69,"gap":57,"magType":"mb","type":"earthquake","title":"M 4.6 - 3 km S of Büyük Dalyan, Turkey"},"geometry":{"type":"Point","coordinates":[36.2043,36.2606,10]},"id":"us6000jns1"},
{"type":"Feature","properties":{"mag":4.4,"place":"Turkey-Syria border region","time":1675662295583,"updated":1681594804040,"tz":null,"url":"https://earthquake.usgs.gov/earthquakes/eventpage/us6000jnvf","detail":"https://earthquake.usgs.gov/fdsnws/event/1/query?eventid=us6000jnvf&format=geojson","felt":null,"cdi":null,"mmi":null,"alert":null,"status":"reviewed","tsunami":0,"sig":298,"net":"us","code":"6000jnvf","ids":",us6000jnvf,","sources":",us,","types":",origin,phase-data,","nst":37,"dmin":1.063,"rms":0.65,"gap":117,"magType":"mb","type":"earthquake","title":"M 4.4 - Turkey-Syria border region"},"geometry":{"type":"Point","coordinates":[36.4042,36.3265,10]},"id":"us6000jnvf"},
{"type":"Feature","properties":{"mag":4.5,"place":"19 km SW of Sincik, Turkey","time":1675662949697,"updated":1681594775040,"tz":null,"url":"https://earthquake.usgs.gov/earthquakes/eventpage/us6000jlp1","detail":"https://earthquake.usgs.gov/fdsnws/event/1/query?eventid=us6000jlp1&format=geojson","felt":null,"cdi":null,"mmi":null,"alert":null,"status":"reviewed","tsunami":0,"sig":312,"net":"us","code":"6000jlp1","ids":",us6000jlp1,","sources":",us,","types":",origin,phase-data,","nst":75,"dmin":1.671,"rms":0.35,"gap":93,"magType":"mb","type":"earthquake","title":"M 4.5 - 19 km SW of Sincik, Turkey"},"geometry":{"type":"Point","coordinates":[38.4457,37.9201,10]},"id":"us6000jlp1"},
{"type":"Feature","properties":{"mag":4.3,"place":"19 km S of Kahramanmara?, Turkey","time":1675664078909,"updated":1681594800040,"tz":null,"url":"https://earthquake.usgs.gov/earthquakes/eventpage/us6000jns3","detail":"https://earthquake.usgs.gov/fdsnws/event/1/query?eventid=us6000jns3&format=geojson","felt":null,"cdi":null,"mmi":null,"alert":null,"status":"reviewed","tsunami":0,"sig":284,"net":"us","code":"6000jns3","ids":",us6000jns3,","sources":",us,","types":",origin,phase-data,","nst":31,"dmin":0.312,"rms":0.37,"gap":135,"magType":"mb","type":"earthquake","title":"M 4.3 - 19 km S of Kahramanmara?, Turkey"},"geometry":{"type":"Point","coordinates":[36.9513,37.4072,10]},"id":"us6000jns3"},
{"type":"Feature","properties":{"mag":4.4,"place":"16 km NE of Çelikhan, Turkey","time":1675664282484,"updated":1681594800040,"tz":null,"url":"https://earthquake.usgs.gov/earthquakes/eventpage/us6000jns4","detail":"https://earthquake.usgs.gov/fdsnws/event/1/query?eventid=us6000jns4&format=geojson","felt":null,"cdi":null,"mmi":null,"alert":null,"status":"reviewed","tsunami":0,"sig":298,"net":"us","code":"6000jns4","ids":",us6000jns4,","sources":",us,","types":",origin,phase-data,","nst":23,"dmin":0.764,"rms":0.6,"gap":84,"magType":"mb","type":"earthquake","title":"M 4.4 - 16 km NE of Çelikhan, Turkey"},"geometry":{"type":"Point","coordinates":[38.3761,38.1199,10]},"id":"us6000jns4"},
{"type":"Feature","properties":{"mag":4.6,"place":"16 km SW of Pazarc?k, Turkey","time":1675664788168,"updated":1681594778040,"tz":null,"url":"https://earthquake.usgs.gov/earthquakes/eventpage/us6000jlsg","detail":"https://earthquake.usgs.gov/fdsnws/event/1/query?eventid=us6000jlsg&format=geojson","felt":null,"cdi":null,"mmi":null,"alert":null,"status":"reviewed","tsunami":0,"sig":326,"net":"us","code":"6000jlsg","ids":",us6000jlsg,","sources":",us,","types":",origin,phase-data,","nst":71,"dmin":0.229,"rms":0.45,"gap":107,"magType":"mb","type":"earthquake","title":"M 4.6 - 16 km SW of Pazarc?k, Turkey"},"geometry":{"type":"Point","coordinates":[37.1506,37.3961,10]},"id":"us6000jlsg"},
{"type":"Feature","properties":{"mag":4.5,"place":"3 km NNW of Çelikhan, Turkey","time":1675664872742,"updated":1681594805040,"tz":null,"url":"https://earthquake.usgs.gov/earthquakes/eventpage/us6000jnwh","detail":"https://earthquake.usgs.gov/fdsnws/event/1/query?eventid=us6000jnwh&format=geojson","felt":null,"cdi":null,"mmi":null,"alert":null,"status":"reviewed","tsunami":0,"sig":312,"net":"us","code":"6000jnwh","ids":",us6000jnwh,","sources":",us,","types":",origin,phase-data,","nst":26,"dmin":0.779,"rms":0.62,"gap":80,"magType":"mb","type":"earthquake","title":"M 4.5 - 3 km NNW of Çelikhan, Turkey"},"geometry":{"type":"Point","coordinates":[38.2173,38.0564,10]},"id":"us6000jnwh"},
{"type":"Feature","properties":{"mag":4.8,"place":"14 km SE of Ça?layancerit, Turkey","time":1675666497430,"updated":1681594775040,"tz":null,"url":"https://earthquake.usgs.gov/earthquakes/eventpage/us6000jlp9","detail":"https://earthquake.usgs.gov/fdsnws/event/1/query?eventid=us6000jlp9&format=geojson","felt":null,"cdi":null,"mmi":null,"alert":null,"status":"reviewed","tsunami":0,"sig":354,"net":"us","code":"6000jlp9","ids":",us6000jlp9,","sources":",us,","types":",moment-tensor,origin,phase-data,","nst":105,"dmin":0.492,"rms":0.54,"gap":56,"magType":"mwr","type":"earthquake","title":"M 4.8 - 14 km SE of Ça?layancerit, Turkey"},"geometry":{"type":"Point","coordinates":[37.394,37.6427,10]},"id":"us6000jlp9"},
{"type":"Feature","properties":{"mag":4.2,"place":"18 km SE of Kahramanmara?, Turkey","time":1675666745328,"updated":1681594801040,"tz":null,"url":"https://earthquake.usgs.gov/earthquakes/eventpage/us6000jns8","detail":"https://earthquake.usgs.gov/fdsnws/event/1/query?eventid=us6000jns8&format=geojson","felt":null,"cdi":null,"mmi":null,"alert":null,"status":"reviewed","tsunami":0,"sig":271,"net":"us","code":"6000jns8","ids":",us6000jns8,","sources":",us,","types":",origin,phase-data,","nst":46,"dmin":0.314,"rms":0.65,"gap":113,"magType":"mb","type":"earthquake","title":"M 4.2 - 18 km SE of Kahramanmara?, Turkey"},"geometry":{"type":"Point","coordinates":[37.0824,37.47,19.154]},"id":"us6000jns8"},
{"type":"Feature","properties":{"mag":4.5,"place":"11 km SW of Hassa, Turkey","time":1675667312392,"updated":1681594775040,"tz":null,"url":"https://earthquake.usgs.gov/earthquakes/eventpage/us6000jlpb","detail":"https://earthquake.usgs.gov/fdsnws/event/1/query?eventid=us6000jlpb&format=geojson","felt":0,"cdi":1,"mmi":null,"alert":null,"status":"reviewed","tsunami":0,"sig":312,"net":"us","code":"6000jlpb","ids":",us6000jlpb,","sources":",us,","types":",dyfi,origin,phase-data,","nst":107,"dmin":0.764,"rms":0.6,"gap":82,"magType":"mb","type":"earthquake","title":"M 4.5 - 11 km SW of Hassa, Turkey"},"geometry":{"type":"Point","coordinates":[36.4459,36.7139,11.457]},"id":"us6000jlpb"},
{"type":"Feature","properties":{"mag":4.2,"place":"10 km NNW of K?r?khan, Turkey","time":1675667409617,"updated":1681594802040,"tz":null,"url":"https://earthquake.usgs.gov/earthquakes/eventpage/us6000jnte","detail":"https://earthquake.usgs.gov/fdsnws/event/1/query?eventid=us6000jnte&format=geojson","felt":null,"cdi":null,"mmi":null,"alert":null,"status":"reviewed","tsunami":0,"sig":271,"net":"us","code":"6000jnte","ids":",us6000jnte,","sources":",us,","types":",origin,phase-data,","nst":12,"dmin":0.911,"rms":0.19,"gap":229,"magType":"mb","type":"earthquake","title":"M 4.2 - 10 km NNW of K?r?khan, Turkey"},"geometry":{"type":"Point","coordinates":[36.3297,36.595,10]},"id":"us6000jnte"},
{"type":"Feature","properties":{"mag":4.9,"place":"88 km NNW of Pototano, Indonesia","time":1675667492497,"updated":1681594775040,"tz":null,"url":"https://earthquake.usgs.gov/earthquakes/eventpage/us6000jlpc","detail":"https://earthquake.usgs.gov/fdsnws/event/1/query?eventid=us6000jlpc&format=geojson","felt":null,"cdi":null,"mmi":null,"alert":null,"status":"reviewed","tsunami":0,"sig":369,"net":"us","code":"6000jlpc","ids":",us6000jlpc,","sources":",us,","types":",origin,phase-data,","nst":136,"dmin":1.298,"rms":0.51,"gap":43,"magType":"mb","type":"earthquake","title":"M 4.9 - 88 km NNW of Pototano, Indonesia"},"geometry":{"type":"Point","coordinates":[117.1506,-7.6791,326.66]},"id":"us6000jlpc"},
{"type":"Feature","properties":{"mag":4.3,"place":"5 km SSE of Dörtyol, Turkey","time":1675668253862,"updated":1681594801040,"tz":null,"url":"https://earthquake.usgs.gov/earthquakes/eventpage/us6000jnsc","detail":"https://earthquake.usgs.gov/fdsnws/event/1/query?eventid=us6000jnsc&format=geojson","felt":null,"cdi":null,"mmi":null,"alert":null,"status":"reviewed","tsunami":0,"sig":284,"net":"us","code":"6000jnsc","ids":",us6000jnsc,","sources":",us,","types":",origin,phase-data,","nst":17,"dmin":0.784,"rms":0.54,"gap":105,"magType":"mb","type":"earthquake","title":"M 4.3 - 5 km SSE of Dörtyol, Turkey"},"geometry":{"type":"Point","coordinates":[36.2602,36.7978,10]},"id":"us6000jnsc"},
{"type":"Feature","properties":{"mag":4.5,"place":"28 km WNW of Latakia, Syria","time":1675668580592,"updated":1681594801040,"tz":null,"url":"https://earthquake.usgs.gov/earthquakes/eventpage/us6000jnsf","detail":"https://earthquake.usgs.gov/fdsnws/event/1/query?eventid=us6000jnsf&format=geojson","felt":null,"cdi":null,"mmi":null,"alert":null,"status":"reviewed","tsunami":0,"sig":312,"net":"us","code":"6000jnsf","ids":",us6000jnsf,","sources":",us,","types":",origin,phase-data,","nst":46,"dmin":2.047,"rms":1.1,"gap":114,"magType":"mb","type":"earthquake","title":"M 4.5 - 28 km WNW of Latakia, Syria"},"geometry":{"type":"Point","coordinates":[35.5034,35.6445,10]},"id":"us6000jnsf"},
{"type":"Feature","properties":{"mag":4.6,"place":"eastern Turkey","time":1675669274046,"updated":1681594775040,"tz":null,"url":"https://earthquake.usgs.gov/earthquakes/eventpage/us6000jlpi","detail":"https://earthquake.usgs.gov/fdsnws/event/1/query?eventid=us6000jlpi&format=geojson","felt":null,"cdi":null,"mmi":null,"alert":null,"status":"reviewed","tsunami":0,"sig":326,"net":"us","code":"6000jlpi","ids":",us6000jlpi,","sources":",us,","types":",origin,phase-data,","nst":38,"dmin":0.984,"rms":0.43,"gap":100,"magType":"mb","type":"earthquake","title":"M 4.6 - eastern Turkey"},"geometry":{"type":"Point","coordinates":[38.0812,37.8718,10]},"id":"us6000jlpi"},
{"type":"Feature","properties":{"mag":4.6,"place":"79 km NE of Luwuk, Indonesia","time":1675669342683,"updated":1681594775040,"tz":null,"url":"https://earthquake.usgs.gov/earthquakes/eventpage/us6000jlpj","detail":"https://earthquake.usgs.gov/fdsnws/event/1/query?eventid=us6000jlpj&format=geojson","felt":null,"cdi":null,"mmi":null,"alert":null,"status":"reviewed","tsunami":0,"sig":326,"net":"us","code":"6000jlpj","ids":",us6000jlpj,","sources":",us,","types":",origin,phase-data,","nst":59,"dmin":2.816,"rms":0.5,"gap":46,"magType":"mb","type":"earthquake","title":"M 4.6 - 79 km NE of Luwuk, Indonesia"},"geometry":{"type":"Point","coordinates":[123.1891,-0.3604,10]},"id":"us6000jlpj"},
{"type":"Feature","properties":{"mag":4.3,"place":"139 km N of Calama, Chile","time":1675669714269,"updated":1681594775040,"tz":null,"url":"https://earthquake.usgs.gov/earthquakes/eventpage/us6000jlph","detail":"https://earthquake.usgs.gov/fdsnws/event/1/query?eventid=us6000jlph&format=geojson","felt":null,"cdi":null,"mmi":null,"alert":null,"status":"reviewed","tsunami":0,"sig":284,"net":"us","code":"6000jlph","ids":",us6000jlph,","sources":",us,","types":",origin,phase-data,","nst":94,"dmin":0.452,"rms":0.4,"gap":46,"magType":"mwr","type":"earthquake","title":"M 4.3 - 139 km N of Calama, Chile"},"geometry":{"type":"Point","coordinates":[-69.0335,-21.2012,95.278]},"id":"us6000jlph"},
{"type":"Feature","properties":{"mag":4.3,"place":"19 km WNW of Latakia, Syria","time":1675670079189,"updated":1681594801040,"tz":null,"url":"https://earthquake.usgs.gov/earthquakes/eventpage/us6000jnsh","detail":"https://earthquake.usgs.gov/fdsnws/event/1/query?eventid=us6000jnsh&format=geojson","felt":null,"cdi":null,"mmi":null,"alert":null,"status":"reviewed","tsunami":0,"sig":284,"net":"us","code":"6000jnsh","ids":",us6000jnsh,","sources":",us,","types":",origin,phase-data,","nst":33,"dmin":2.052,"rms":0.57,"gap":116,"magType":"mb","type":"earthquake","title":"M 4.3 - 19 km WNW of Latakia, Syria"},"geometry":{"type":"Point","coordinates":[35.5841,35.5907,10]},"id":"us6000jnsh"},
{"type":"Feature","properties":{"mag":4.5,"place":"14 km NNE of K?r?khan, Turkey","time":1675670507818,"updated":1681594775040,"tz":null,"url":"https://earthquake.usgs.gov/earthquakes/eventpage/us6000jlpp","detail":"https://earthquake.usgs.gov/fdsnws/event/1/query?eventid=us6000jlpp&format=geojson","felt":null,"cdi":null,"mmi":null,"alert":null,"status":"reviewed","tsunami":0,"sig":312,"net":"us","code":"6000jlpp","ids":",us6000jlpp,","sources":",us,","types":",origin,phase-data,","nst":63,"dmin":0.836,"rms":0.68,"gap":55,"magType":"mb","type":"earthquake","title":"M 4.5 - 14 km NNE of K?r?khan, Turkey"},"geometry":{"type":"Point","coordinates":[36.4225,36.6219,10]},"id":"us6000jlpp"},
{"type":"Feature","properties":{"mag":4.4,"place":"44 km W of Latakia, Syria","time":1675671172583,"updated":1681594801040,"tz":null,"url":"https://earthquake.usgs.gov/earthquakes/eventpage/us6000jnsl","detail":"https://earthquake.usgs.gov/fdsnws/event/1/query?eventid=us6000jnsl&format=geojson","felt":null,"cdi":null,"mmi":null,"alert":null,"status":"reviewed","tsunami":0,"sig":298,"net":"us","code":"6000jnsl","ids":",us6000jnsl,","sources":",us,","types":",origin,phase-data,","nst":63,"dmin":2.138,"rms":0.84,"gap":98,"magType":"mb","type":"earthquake","title":"M 4.4 - 44 km W of Latakia, Syria"},"geometry":{"type":"Point","coordinates":[35.3088,35.6075,10]},"id":"us6000jnsl"},
{"type":"Feature","properties":{"mag":4.4,"place":"176 km S of Lorengau, Papua New Guinea","time":1675671923732,"updated":1681594801040,"tz":null,"url":"https://earthquake.usgs.gov/earthquakes/eventpage/us6000jnsp","detail":"https://earthquake.usgs.gov/fdsnws/event/1/query?eventid=us6000jnsp&format=geojson","felt":null,"cdi":null,"mmi":null,"alert":null,"status":"reviewed","tsunami":0,"sig":298,"net":"us","code":"6000jnsp","ids":",us6000jnsp,","sources":",us,","types":",origin,phase-data,","nst":26,"dmin":5.031,"rms":0.55,"gap":69,"magType":"mb","type":"earthquake","title":"M 4.4 - 176 km S of Lorengau, Papua New Guinea"},"geometry":{"type":"Point","coordinates":[147.1525,-3.6236,10]},"id":"us6000jnsp"},
{"type":"Feature","properties":{"mag":4,"place":"11 km WNW of Uzunba?, Turkey","time":1675671999492,"updated":1681594801040,"tz":null,"url":"https://earthquake.usgs.gov/earthquakes/eventpage/us6000jnsq","detail":"https://earthquake.usgs.gov/fdsnws/event/1/query?eventid=us6000jnsq&format=geojson","felt":null,"cdi":null,"mmi":null,"alert":null,"status":"reviewed","tsunami":0,"sig":246,"net":"us","code":"6000jnsq","ids":",us6000jnsq,","sources":",us,","types":",origin,phase-data,","nst":23,"dmin":1.432,"rms":0.8,"gap":186,"magType":"mb","type":"earthquake","title":"M 4.0 - 11 km WNW of Uzunba?, Turkey"},"geometry":{"type":"Point","coordinates":[35.9229,36.1795,10]},"id":"us6000jnsq"},
{"type":"Feature","properties":{"mag":4.4,"place":"56 km WSW of Calingasta, Argentina","time":1675672725283,"updated":1681594775040,"tz":null,"url":"https://earthquake.usgs.gov/earthquakes/eventpage/us6000jlpu","detail":"https://earthquake.usgs.gov/fdsnws/event/1/query?eventid=us6000jlpu&format=geojson","felt":null,"cdi":null,"mmi":null,"alert":null,"status":"reviewed","tsunami":0,"sig":298,"net":"us","code":"6000jlpu","ids":",us6000jlpu,","sources":",us,","types":",origin,phase-data,","nst":34,"dmin":0.992,"rms":0.72,"gap":127,"magType":"mb","type":"earthquake","title":"M 4.4 - 56 km WSW of Calingasta, Argentina"},"geometry":{"type":"Point","coordinates":[-69.9343,-31.5961,114.768]},"id":"us6000jlpu"},
{"type":"Feature","properties":{"mag":4.8,"place":"Central Turkey","time":1675673557361,"updated":1681594776040,"tz":null,"url":"https://earthquake.usgs.gov/earthquakes/eventpage/us6000jlpv","detail":"https://earthquake.usgs.gov/fdsnws/event/1/query?eventid=us6000jlpv&format=geojson","felt":null,"cdi":null,"mmi":null,"alert":null,"status":"reviewed","tsunami":0,"sig":354,"net":"us","code":"6000jlpv","ids":",us6000jlpv,","sources":",us,","types":",origin,phase-data,","nst":82,"dmin":0.291,"rms":0.81,"gap":57,"magType":"mb","type":"earthquake","title":"M 4.8 - Central Turkey"},"geometry":{"type":"Point","coordinates":[37.2102,37.4633,10]},"id":"us6000jlpv"},
{"type":"Feature","properties":{"mag":4.5,"place":"2 km NE of Çelikhan, Turkey","time":1675673914938,"updated":1681594776040,"tz":null,"url":"https://earthquake.usgs.gov/earthquakes/eventpage/us6000jlpx","detail":"https://earthquake.usgs.gov/fdsnws/event/1/query?eventid=us6000jlpx&format=geojson","felt":null,"cdi":null,"mmi":null,"alert":null,"status":"reviewed","tsunami":0,"sig":312,"net":"us","code":"6000jlpx","ids":",us6000jlpx,","sources":",us,","types":",origin,phase-data,","nst":73,"dmin":1.2,"rms":0.57,"gap":98,"magType":"mb","type":"earthquake","title":"M 4.5 - 2 km NE of Çelikhan, Turkey"},"geometry":{"type":"Point","coordinates":[38.2553,38.0402,11.354]},"id":"us6000jlpx"},
{"type":"Feature","properties":{"mag":4.3,"place":"212 km N of Sola, Vanuatu","time":1675674082235,"updated":1681594801040,"tz":null,"url":"https://earthquake.usgs.gov/earthquakes/eventpage/us6000jnsw","detail":"https://earthquake.usgs.gov/fdsnws/event/1/query?eventid=us6000jnsw&format=geojson","felt":null,"cdi":null,"mmi":null,"alert":null,"status":"reviewed","tsunami":0,"sig":284,"net":"us","code":"6000jnsw","ids":",us6000jnsw,","sources":",us,","types":",origin,phase-data,","nst":21,"dmin":7.684,"rms":0.53,"gap":148,"magType":"mb","type":"earthquake","title":"M 4.3 - 212 km N of Sola, Vanuatu"},"geometry":{"type":"Point","coordinates":[167.3363,-11.9682,283.603]},"id":"us6000jnsw"},
{"type":"Feature","properties":{"mag":4.5,"place":"7 km SE of Tut, Turkey","time":1675675261495,"updated":1681594776040,"tz":null,"url":"https://earthquake.usgs.gov/earthquakes/eventpage/us6000jlq2","detail":"https://earthquake.usgs.gov/fdsnws/event/1/query?eventid=us6000jlq2&format=geojson","felt":null,"cdi":null,"mmi":null,"alert":null,"status":"reviewed","tsunami":0,"sig":312,"net":"us","code":"6000jlq2","ids":",us6000jlq2,","sources":",us,","types":",origin,phase-data,","nst":52,"dmin":0.739,"rms":0.91,"gap":64,"magType":"mb","type":"earthquake","title":"M 4.5 - 7 km SE of Tut, Turkey"},"geometry":{"type":"Point","coordinates":[37.9812,37.7583,17.065]},"id":"us6000jlq2"},
{"type":"Feature","properties":{"mag":4.6,"place":"15 km NNW of Hassa, Turkey","time":1675675425448,"updated":1681594776040,"tz":null,"url":"https://earthquake.usgs.gov/earthquakes/eventpage/us6000jlq1","detail":"https://earthquake.usgs.gov/fdsnws/event/1/query?eventid=us6000jlq1&format=geojson","felt":null,"cdi":null,"mmi":null,"alert":null,"status":"reviewed","tsunami":0,"sig":326,"net":"us","code":"6000jlq1","ids":",us6000jlq1,","sources":",us,","types":",origin,phase-data,","nst":51,"dmin":0.661,"rms":0.97,"gap":55,"magType":"mb","type":"earthquake","title":"M 4.6 - 15 km NNW of Hassa, Turkey"},"geometry":{"type":"Point","coordinates":[36.427,36.9214,10]},"id":"us6000jlq1"},
{"type":"Feature","properties":{"mag":4.3,"place":"Central Turkey","time":1675676177151,"updated":1681594776040,"tz":null,"url":"https://earthquake.usgs.gov/earthquakes/eventpage/us6000jlq5","detail":"https://earthquake.usgs.gov/fdsnws/event/1/query?eventid=us6000jlq5&format=geojson","felt":1,"cdi":3.6,"mmi":null,"alert":null,"status":"reviewed","tsunami":0,"sig":285,"net":"us","code":"6000jlq5","ids":",us6000jlq5,","sources":",us,","types":",dyfi,origin,phase-data,","nst":34,"dmin":0.36,"rms":1.19,"gap":153,"magType":"mb","type":"earthquake","title":"M 4.3 - Central Turkey"},"geometry":{"type":"Point","coordinates":[36.7946,37.3147,11.367]},"id":"us6000jlq5"},
{"type":"Feature","properties":{"mag":4.4,"place":"14 km ESE of Pertek, Turkey","time":1675676925420,"updated":1681594776040,"tz":null,"url":"https://earthquake.usgs.gov/earthquakes/eventpage/us6000jlq7","detail":"https://earthquake.usgs.gov/fdsnws/event/1/query?eventid=us6000jlq7&format=geojson","felt":null,"cdi":null,"mmi":null,"alert":null,"status":"reviewed","tsunami":0,"sig":298,"net":"us","code":"6000jlq7","ids":",us6000jlq7,","sources":",us,","types":",origin,phase-data,","nst":42,"dmin":1.429,"rms":0.71,"gap":61,"magType":"mb","type":"earthquake","title":"M 4.4 - 14 km ESE of Pertek, Turkey"},"geometry":{"type":"Point","coordinates":[39.4835,38.8229,16.043]},"id":"us6000jlq7"},
{"type":"Feature","properties":{"mag":4.3,"place":"61 km NW of Curup, Indonesia","time":1675677087268,"updated":1681594802040,"tz":null,"url":"https://earthquake.usgs.gov/earthquakes/eventpage/us6000jnsy","detail":"https://earthquake.usgs.gov/fdsnws/event/1/query?eventid=us6000jnsy&format=geojson","felt":null,"cdi":null,"mmi":null,"alert":null,"status":"reviewed","tsunami":0,"sig":284,"net":"us","code":"6000jnsy","ids":",us6000jnsy,","sources":",us,","types":",origin,phase-data,","nst":27,"dmin":1.492,"rms":0.81,"gap":170,"magType":"mb","type":"earthquake","title":"M 4.3 - 61 km NW of Curup, Indonesia"},"geometry":{"type":"Point","coordinates":[102.0758,-3.1461,114.239]},"id":"us6000jnsy"},
{"type":"Feature","properties":{"mag":4.5,"place":"Kuril Islands","time":1675677132896,"updated":1681594776040,"tz":null,"url":"https://earthquake.usgs.gov/earthquakes/eventpage/us6000jlq8","detail":"https://earthquake.usgs.gov/fdsnws/event/1/query?eventid=us6000jlq8&format=geojson","felt":null,"cdi":null,"mmi":null,"alert":null,"status":"reviewed","tsunami":0,"sig":312,"net":"us","code":"6000jlq8","ids":",us6000jlq8,","sources":",us,","types":",origin,phase-data,","nst":40,"dmin":5.194,"rms":0.53,"gap":138,"magType":"mb","type":"earthquake","title":"M 4.5 - Kuril Islands"},"geometry":{"type":"Point","coordinates":[149.766,45.1685,74.608]},"id":"us6000jlq8"},
{"type":"Feature","properties":{"mag":4.6,"place":"11 km SE of Yaylada??, Turkey","time":1675678051339,"updated":1705605550527,"tz":null,"url":"https://earthquake.usgs.gov/earthquakes/eventpage/us6000jlqc","detail":"https://earthquake.usgs.gov/fdsnws/event/1/query?eventid=us6000jlqc&format=geojson","felt":null,"cdi":null,"mmi":null,"alert":null,"status":"reviewed","tsunami":0,"sig":326,"net":"us","code":"6000jlqc","ids":",us6000jlqc,","sources":",us,","types":",earthquake-name,origin,phase-data,","nst":43,"dmin":1.582,"rms":0.97,"gap":202,"magType":"mb","type":"earthquake","title":"M 4.6 - 11 km SE of Yaylada??, Turkey"},"geometry":{"type":"Point","coordinates":[36.162,35.8319,10]},"id":"us6000jlqc"},
{"type":"Feature","properties":{"mag":4.4,"place":"13 km SE of Çelikhan, Turkey","time":1675678337438,"updated":1681594802040,"tz":null,"url":"https://earthquake.usgs.gov/earthquakes/eventpage/us6000jnsz","detail":"https://earthquake.usgs.gov/fdsnws/event/1/query?eventid=us6000jnsz&format=geojson","felt":null,"cdi":null,"mmi":null,"alert":null,"status":"reviewed","tsunami":0,"sig":298,"net":"us","code":"6000jnsz","ids":",us6000jnsz,","sources":",us,","types":",origin,phase-data,","nst":39,"dmin":0.623,"rms":0.64,"gap":88,"magType":"mb","type":"earthquake","title":"M 4.4 - 13 km SE of Çelikhan, Turkey"},"geometry":{"type":"Point","coordinates":[38.3323,37.9287,17.106]},"id":"us6000jnsz"},
{"type":"Feature","properties":{"mag":7.5,"place":"Elbistan earthquake, Kahramanmaras earthquake sequence","time":1675679088811,"updated":1786531599159,"tz":null,"url":"https://earthquake.usgs.gov/earthquakes/eventpage/us6000jlqa","detail":"https://earthquake.usgs.gov/fdsnws/event/1/query?eventid=us6000jlqa&format=geojson","felt":677,"cdi":9.1,"mmi":8.963,"alert":"red","status":"reviewed","tsunami":0,"sig":2616,"net":"us","code":"6000jlqa","ids":",us6000jlqa,usauto6000jlqa,pt23037001,at00rpnm9e,","sources":",us,usauto,pt,at,","types":",dyfi,earthquake-name,finite-fault,general-link,general-text,ground-failure,groundmotion-packet,impact-text,internal-moment-tensor,internal-origin,losspager,moment-tensor,origin,phase-data,shakemap,","nst":111,"dmin":0.73,"rms":0.7,"gap":29,"magType":"mww","type":"earthquake","title":"M 7.5 - Elbistan earthquake, Kahramanmaras earthquake sequence"},"geometry":{"type":"Point","coordinates":[37.1962,38.0106,7.432]},"id":"us6000jlqa"},
{"type":"Feature","properties":{"mag":6,"place":"12 km W of Çelikhan, Turkey","time":1675679206742,"updated":1756929768163,"tz":null,"url":"https://earthquake.usgs.gov/earthquakes/eventpage/us6000jm1y","detail":"https://earthquake.usgs.gov/fdsnws/event/1/query?eventid=us6000jm1y&format=geojson","felt":6,"cdi":8.5,"mmi":7.406,"alert":"yellow","status":"reviewed","tsunami":0,"sig":655,"net":"us","code":"6000jm1y","ids":",us6000jm1y,","sources":",us,","types":",dyfi,ground-failure,losspager,origin,phase-data,shakemap,","nst":65,"dmin":1.111,"rms":0.88,"gap":63,"magType":"mb","type":"earthquake","title":"M 6.0 - 12 km W of Çelikhan, Turkey"},"geometry":{"type":"Point","coordinates":[38.0984,38.0315,10]},"id":"us6000jm1y"},
{"type":"Feature","properties":{"mag":5.4,"place":"7 km S of Ekinözü, Turkey","time":1675679528932,"updated":1681594802040,"tz":null,"url":"https://earthquake.usgs.gov/earthquakes/eventpage/us6000jnt0","detail":"https://earthquake.usgs.gov/fdsnws/event/1/query?eventid=us6000jnt0&format=geojson","felt":null,"cdi":null,"mmi":null,"alert":null,"status":"reviewed","tsunami":0,"sig":449,"net":"us","code":"6000jnt0","ids":",us6000jnt0,","sources":",us,","types":",origin,phase-data,","nst":44,"dmin":0.742,"rms":0.98,"gap":66,"magType":"mb","type":"earthquake","title":"M 5.4 - 7 km S of Ekinözü, Turkey"},"geometry":{"type":"Point","coordinates":[37.2033,37.9962,14.057]},"id":"us6000jnt0"},
{"type":"Feature","properties":{"mag":5.8,"place":"9 km SW of Do?an?ehir, Turkey","time":1675679758161,"updated":1681594776040,"tz":null,"url":"https://earthquake.usgs.gov/earthquakes/eventpage/us6000jlqe","detail":"https://earthquake.usgs.gov/fdsnws/event/1/query?eventid=us6000jlqe&format=geojson","felt":5,"cdi":6.4,"mmi":7.035,"alert":"green","status":"reviewed","tsunami":0,"sig":521,"net":"us","code":"6000jlqe","ids":",us6000jlqe,","sources":",us,","types":",dyfi,losspager,origin,phase-data,shakemap,","nst":109,"dmin":0.973,"rms":0.9,"gap":56,"magType":"mb","type":"earthquake","title":"M 5.8 - 9 km SW of Do?an?ehir, Turkey"},"geometry":{"type":"Point","coordinates":[37.8023,38.0249,10]},"id":"us6000jlqe"},
{"type":"Feature","properties":{"mag":4.5,"place":"12 km SW of Nurhak, Turkey","time":1675679937715,"updated":1681594805040,"tz":null,"url":"https://earthquake.usgs.gov/earthquakes/eventpage/us6000jnwk","detail":"https://earthquake.usgs.gov/fdsnws/event/1/query?eventid=us6000jnwk&format=geojson","felt":null,"cdi":null,"mmi":null,"alert":null,"status":"reviewed","tsunami":0,"sig":312,"net":"us","code":"6000jnwk","ids":",us6000jnwk,","sources":",us,","types":",origin,phase-data,","nst":37,"dmin":0.855,"rms":0.75,"gap":140,"magType":"mb","type":"earthquake","title":"M 4.5 - 12 km SW of Nurhak, Turkey"},"geometry":{"type":"Point","coordinates":[37.3582,37.8722,10]},"id":"us6000jnwk"},
{"type":"Feature","properties":{"mag":4.6,"place":"8 km SW of Do?an?ehir, Turkey","time":1675680286950,"updated":1681594803040,"tz":null,"url":"https://earthquake.usgs.gov/earthquakes/eventpage/us6000jnu5","detail":"https://earthquake.usgs.gov/fdsnws/event/1/query?eventid=us6000jnu5&format=geojson","felt":null,"cdi":null,"mmi":null,"alert":null,"status":"reviewed","tsunami":0,"sig":326,"net":"us","code":"6000jnu5","ids":",us6000jnu5,","sources":",us,","types":",origin,phase-data,","nst":37,"dmin":0.979,"rms":1.06,"gap":82,"magType":"mb","type":"earthquake","title":"M 4.6 - 8 km SW of Do?an?ehir, Turkey"},"geometry":{"type":"Point","coordinates":[37.7967,38.034,11.982]},"id":"us6000jnu5"},
{"type":"Feature","properties":{"mag":4.7,"place":"24 km SSW of Af?in, Turkey","time":1675680416782,"updated":1681594802040,"tz":null,"url":"https://earthquake.usgs.gov/earthquakes/eventpage/us6000jnt5","detail":"https://earthquake.usgs.gov/fdsnws/event/1/query?eventid=us6000jnt5&format=geojson","felt":null,"cdi":null,"mmi":null,"alert":null,"status":"reviewed","tsunami":0,"sig":340,"net":"us","code":"6000jnt5","ids":",us6000jnt5,","sources":",us,","types":",origin,phase-data,","nst":48,"dmin":0.495,"rms":0.55,"gap":55,"magType":"mb","type":"earthquake","title":"M 4.7 - 24 km SSW of Af?in, Turkey"},"geometry":{"type":"Point","coordinates":[36.8385,38.039,10]},"id":"us6000jnt5"},
{"type":"Feature","properties":{"mag":4.7,"place":"13 km ENE of G?ksun, Turkey","time":1675680461873,"updated":1705605552011,"tz":null,"url":"https://earthquake.usgs.gov/earthquakes/eventpage/us6000jnw7","detail":"https://earthquake.usgs.gov/fdsnws/event/1/query?eventid=us6000jnw7&format=geojson","felt":null,"cdi":null,"mmi":null,"alert":null,"status":"reviewed","tsunami":0,"sig":340,"net":"us","code":"6000jnw7","ids":",us6000jnw7,","sources":",us,","types":",earthquake-name,origin,phase-data,","nst":46,"dmin":0.404,"rms":0.97,"gap":54,"magType":"mb","type":"earthquake","title":"M 4.7 - 13 km ENE of G?ksun, Turkey"},"geometry":{"type":"Point","coordinates":[36.644,38.0443,10]},"id":"us6000jnw7"},
{"type":"Feature","properties":{"mag":4.3,"place":"16 km NW of Tut, Turkey","time":1675680635934,"updated":1681594803040,"tz":null,"url":"https://earthquake.usgs.gov/earthquakes/eventpage/us6000jnu6","detail":"https://earthquake.usgs.gov/fdsnws/event/1/query?eventid=us6000jnu6&format=geojson","felt":null,"cdi":null,"mmi":null,"alert":null,"status":"reviewed","tsunami":0,"sig":284,"net":"us","code":"6000jnu6","ids":",us6000jnu6,","sources":",us,","types":",origin,phase-data,","nst":65,"dmin":0.883,"rms":0.86,"gap":88,"magType":"mb","type":"earthquake","title":"M 4.3 - 16 km NW of Tut, Turkey"},"geometry":{"type":"Point","coordinates":[37.8106,37.9155,16.124]},"id":"us6000jnu6"},
{"type":"Feature","properties":{"mag":4.6,"place":"Central Turkey","time":1675680656892,"updated":1681594776040,"tz":null,"url":"https://earthquake.usgs.gov/earthquakes/eventpage/us6000jlqm","detail":"https://earthquake.usgs.gov/fdsnws/event/1/query?eventid=us6000jlqm&format=geojson","felt":null,"cdi":null,"mmi":null,"alert":null,"status":"reviewed","tsunami":0,"sig":326,"net":"us","code":"6000jlqm","ids":",us6000jlqm,","sources":",us,","types":",origin,phase-data,","nst":52,"dmin":0.724,"rms":0.89,"gap":108,"magType":"mb","type":"earthquake","title":"M 4.6 - Central Turkey"},"geometry":{"type":"Point","coordinates":[37.9263,37.6189,10]},"id":"us6000jlqm"},
{"type":"Feature","properties":{"mag":5.7,"place":"7 km SW of Ye?ilyurt, Turkey","time":1675680690994,"updated":1681594776040,"tz":null,"url":"https://earthquake.usgs.gov/earthquakes/eventpage/us6000jlql","detail":"https://earthquake.usgs.gov/fdsnws/event/1/query?eventid=us6000jlql&format=geojson","felt":4,"cdi":6.6,"mmi":6.749,"alert":"green","status":"reviewed","tsunami":0,"sig":502,"net":"us","code":"6000jlql","ids":",us6000jlql,","sources":",us,","types":",dyfi,losspager,origin,phase-data,shakemap,","nst":96,"dmin":0.95,"rms":0.97,"gap":42,"magType":"mb","type":"earthquake","title":"M 5.7 - 7 km SW of Ye?ilyurt, Turkey"},"geometry":{"type":"Point","coordinates":[38.1847,38.248,10]},"id":"us6000jlql"},
{"type":"Feature","properties":{"mag":4.3,"place":"Central Turkey","time":1675680902401,"updated":1681594802040,"tz":null,"url":"https://earthquake.usgs.gov/earthquakes/eventpage/us6000jnt6","detail":"https://earthquake.usgs.gov/fdsnws/event/1/query?eventid=us6000jnt6&format=geojson","felt":null,"cdi":null,"mmi":null,"alert":null,"status":"reviewed","tsunami":0,"sig":284,"net":"us","code":"6000jnt6","ids":",us6000jnt6,","sources":",us,","types":",origin,phase-data,","nst":22,"dmin":0.783,"rms":0.9,"gap":68,"magType":"mb","type":"earthquake","title":"M 4.3 - Central Turkey"},"geometry":{"type":"Point","coordinates":[37.3766,38.6244,10]},"id":"us6000jnt6"},
{"type":"Feature","properties":{"mag":4.6,"place":"5 km W of Nurhak, Turkey","time":1675680984688,"updated":1681594802040,"tz":null,"url":"https://earthquake.usgs.gov/earthquakes/eventpage/us6000jnt4","detail":"https://earthquake.usgs.gov/fdsnws/event/1/query?eventid=us6000jnt4&format=geojson","felt":null,"cdi":null,"mmi":null,"alert":null,"status":"reviewed","tsunami":0,"sig":326,"net":"us","code":"6000jnt4","ids":",us6000jnt4,","sources":",us,","types":",origin,phase-data,","nst":29,"dmin":0.811,"rms":0.71,"gap":96,"magType":"mb","type":"earthquake","title":"M 4.6 - 5 km W of Nurhak, Turkey"},"geometry":{"type":"Point","coordinates":[37.3801,37.9728,10]},"id":"us6000jnt4"},
{"type":"Feature","properties":{"mag":4.8,"place":"15 km S of Nurhak, Turkey","time":1675681296485,"updated":1681594777040,"tz":null,"url":"https://earthquake.usgs.gov/earthquakes/eventpage/us6000jlqy","detail":"https://earthquake.usgs.gov/fdsnws/event/1/query?eventid=us6000jlqy&format=geojson","felt":2,"cdi":5.7,"mmi":null,"alert":null,"status":"reviewed","tsunami":0,"sig":356,"net":"us","code":"6000jlqy","ids":",us6000jlqy,","sources":",us,","types":",dyfi,origin,phase-data,","nst":50,"dmin":0.679,"rms":0.57,"gap":50,"magType":"mb","type":"earthquake","title":"M 4.8 - 15 km S of Nurhak, Turkey"},"geometry":{"type":"Point","coordinates":[37.4436,37.8259,13.77]},"id":"us6000jlqy"},
{"type":"Feature","properties":{"mag":4.1,"place":"41 km E of Farkh?r, Afghanistan","time":1675681447452,"updated":1681594776040,"tz":null,"url":"https://earthquake.usgs.gov/earthquakes/eventpage/us6000jlqs","detail":"https://earthquake.usgs.gov/fdsnws/event/1/query?eventid=us6000jlqs&format=geojson","felt":null,"cdi":null,"mmi":null,"alert":null,"status":"reviewed","tsunami":0,"sig":259,"net":"us","code":"6000jlqs","ids":",us6000jlqs,","sources":",us,","types":",origin,phase-data,","nst":30,"dmin":2.219,"rms":0.68,"gap":89,"magType":"mb","type":"earthquake","title":"M 4.1 - 41 km E of Farkh?r, Afghanistan"},"geometry":{"type":"Point","coordinates":[70.3144,36.5065,194.34]},"id":"us6000jlqs"},
{"type":"Feature","properties":{"mag":4.2,"place":"15 km ENE of Göksun, Turkey","time":1675681478987,"updated":1681594802040,"tz":null,"url":"https://earthquake.usgs.gov/earthquakes/eventpage/us6000jnt8","detail":"https://earthquake.usgs.gov/fdsnws/event/1/query?eventid=us6000jnt8&format=geojson","felt":null,"cdi":null,"mmi":null,"alert":null,"status":"reviewed","tsunami":0,"sig":271,"net":"us","code":"6000jnt8","ids":",us6000jnt8,","sources":",us,","types":",origin,phase-data,","nst":30,"dmin":0.386,"rms":0.78,"gap":53,"magType":"mb","type":"earthquake","title":"M 4.2 - 15 km ENE of Göksun, Turkey"},"geometry":{"type":"Point","coordinates":[36.6628,38.0723,15.349]},"id":"us6000jnt8"},
{"type":"Feature","properties":{"mag":5.1,"place":"23 km SW of Af?in, Turkey","time":1675681535084,"updated":1681594776040,"tz":null,"url":"https://earthquake.usgs.gov/earthquakes/eventpage/us6000jlqr","detail":"https://earthquake.usgs.gov/fdsnws/event/1/query?eventid=us6000jlqr&format=geojson","felt":1,"cdi":4.3,"mmi":null,"alert":null,"status":"reviewed","tsunami":0,"sig":401,"net":"us","code":"6000jlqr","ids":",us6000jlqr,","sources":",us,","types":",dyfi,origin,phase-data,","nst":86,"dmin":0.426,"rms":0.61,"gap":68,"magType":"mb","type":"earthquake","title":"M 5.1 - 23 km SW of Af?in, Turkey"},"geometry":{"type":"Point","coordinates":[36.7588,38.0752,5.968]},"id":"us6000jlqr"},
{"type":"Feature","properties":{"mag":4.9,"place":"5 km W of Nurhak, Turkey","time":1675681900849,"updated":1681594776040,"tz":null,"url":"https://earthquake.usgs.gov/earthquakes/eventpage/us6000jlqx","detail":"https://earthquake.usgs.gov/fdsnws/event/1/query?eventid=us6000jlqx&format=geojson","felt":1,"cdi":3.6,"mmi":null,"alert":null,"status":"reviewed","tsunami":0,"sig":370,"net":"us","code":"6000jlqx","ids":",us6000jlqx,","sources":",us,","types":",dyfi,origin,phase-data,","nst":56,"dmin":0.797,"rms":0.64,"gap":65,"magType":"mb","type":"earthquake","title":"M 4.9 - 5 km W of Nurhak, Turkey"},"geometry":{"type":"Point","coordinates":[37.3732,37.9593,10]},"id":"us6000jlqx"},
{"type":"Feature","properties":{"mag":4.1,"place":"Central Turkey","time":1675682424969,"updated":1681594802040,"tz":null,"url":"https://earthquake.usgs.gov/earthquakes/eventpage/us6000jnt9","detail":"https://earthquake.usgs.gov/fdsnws/event/1/query?eventid=us6000jnt9&format=geojson","felt":null,"cdi":null,"mmi":null,"alert":null,"status":"reviewed","tsunami":0,"sig":259,"net":"us","code":"6000jnt9","ids":",us6000jnt9,","sources":",us,","types":",origin,phase-data,","nst":18,"dmin":0.955,"rms":0.52,"gap":82,"magType":"mb","type":"earthquake","title":"M 4.1 - Central Turkey"},"geometry":{"type":"Point","coordinates":[37.7493,38.0274,15.64]},"id":"us6000jnt9"},
{"type":"Feature","properties":{"mag":4.3,"place":"10 km S of Çelikhan, Turkey","time":1675682881235,"updated":1681594777040,"tz":null,"url":"https://earthquake.usgs.gov/earthquakes/eventpage/us6000jlr0","detail":"https://earthquake.usgs.gov/fdsnws/event/1/query?eventid=us6000jlr0&format=geojson","felt":null,"cdi":null,"mmi":null,"alert":null,"status":"reviewed","tsunami":0,"sig":284,"net":"us","code":"6000jlr0","ids":",us6000jlr0,","sources":",us,","types":",origin,phase-data,","nst":48,"dmin":0.67,"rms":0.53,"gap":90,"magType":"mb","type":"earthquake","title":"M 4.3 - 10 km S of Çelikhan, Turkey"},"geometry":{"type":"Point","coordinates":[38.246,37.9321,13.126]},"id":"us6000jlr0"},
{"type":"Feature","properties":{"mag":4.2,"place":"22 km SW of Ekinözü, Turkey","time":1675682913812,"updated":1681594805040,"tz":null,"url":"https://earthquake.usgs.gov/earthquakes/eventpage/us6000jnwp","detail":"https://earthquake.usgs.gov/fdsnws/event/1/query?eventid=us6000jnwp&format=geojson","felt":null,"cdi":null,"mmi":null,"alert":null,"status":"reviewed","tsunami":0,"sig":271,"net":"us","code":"6000jnwp","ids":",us6000jnwp,","sources":",us,","types":",origin,phase-data,","nst":20,"dmin":0.623,"rms":0.34,"gap":156,"magType":"mb","type":"earthquake","title":"M 4.2 - 22 km SW of Ekinözü, Turkey"},"geometry":{"type":"Point","coordinates":[36.9995,37.9264,18.104]},"id":"us6000jnwp"},
{"type":"Feature","properties":{"mag":4.1,"place":"12 km NE of Do?an?ehir, Turkey","time":1675683044548,"updated":1681594803040,"tz":null,"url":"https://earthquake.usgs.gov/earthquakes/eventpage/us6000jnuc","detail":"https://earthquake.usgs.gov/fdsnws/event/1/query?eventid=us6000jnuc&format=geojson","felt":null,"cdi":null,"mmi":null,"alert":null,"status":"reviewed","tsunami":0,"sig":259,"net":"us","code":"6000jnuc","ids":",us6000jnuc,","sources":",us,","types":",origin,phase-data,","nst":27,"dmin":1.007,"rms":0.74,"gap":73,"magType":"mb","type":"earthquake","title":"M 4.1 - 12 km NE of Do?an?ehir, Turkey"},"geometry":{"type":"Point","coordinates":[37.955,38.1794,11.962]},"id":"us6000jnuc"},
{"type":"Feature","properties":{"mag":4.5,"place":"Central Turkey","time":1675683328583,"updated":1681594777040,"tz":null,"url":"https://earthquake.usgs.gov/earthquakes/eventpage/us6000jlr9","detail":"https://earthquake.usgs.gov/fdsnws/event/1/query?eventid=us6000jlr9&format=geojson","felt":1,"cdi":0,"mmi":null,"alert":null,"status":"reviewed","tsunami":0,"sig":312,"net":"us","code":"6000jlr9","ids":",us6000jlr9,","sources":",us,","types":",dyfi,origin,phase-data,","nst":95,"dmin":0.776,"rms":0.41,"gap":64,"magType":"mb","type":"earthquake","title":"M 4.5 - Central Turkey"},"geometry":{"type":"Point","coordinates":[37.351,37.9417,17.733]},"id":"us6000jlr9"},
{"type":"Feature","properties":{"mag":4.8,"place":"7 km NE of Göksun, Turkey","time":1675683581665,"updated":1681594777040,"tz":null,"url":"https://earthquake.usgs.gov/earthquakes/eventpage/us6000jlr7","detail":"https://earthquake.usgs.gov/fdsnws/event/1/query?eventid=us6000jlr7&format=geojson","felt":null,"cdi":null,"mmi":null,"alert":null,"status":"reviewed","tsunami":0,"sig":354,"net":"us","code":"6000jlr7","ids":",us6000jlr7,","sources":",us,","types":",origin,phase-data,","nst":75,"dmin":0.364,"rms":0.56,"gap":41,"magType":"mb","type":"earthquake","title":"M 4.8 - 7 km NE of Göksun, Turkey"},"geometry":{"type":"Point","coordinates":[36.5678,38.0622,11.405]},"id":"us6000jlr7"},
{"type":"Feature","properties":{"mag":4.3,"place":"eastern Turkey","time":1675683849385,"updated":1681594802040,"tz":null,"url":"https://earthquake.usgs.gov/earthquakes/eventpage/us6000jntb","detail":"https://earthquake.usgs.gov/fdsnws/event/1/query?eventid=us6000jntb&format=geojson","felt":null,"cdi":null,"mmi":null,"alert":null,"status":"reviewed","tsunami":0,"sig":284,"net":"us","code":"6000jntb","ids":",us6000jntb,","sources":",us,","types":",origin,phase-data,","nst":41,"dmin":0.933,"rms":0.29,"gap":75,"magType":"mb","type":"earthquake","title":"M 4.3 - eastern Turkey"},"geometry":{"type":"Point","coordinates":[38.0506,38.1471,16.478]},"id":"us6000jntb"},
{"type":"Feature","properties":{"mag":4.5,"place":"14 km WSW of Göksun, Turkey","time":1675684204398,"updated":1681594777040,"tz":null,"url":"https://earthquake.usgs.gov/earthquakes/eventpage/us6000jlra","detail":"https://earthquake.usgs.gov/fdsnws/event/1/query?eventid=us6000jlra&format=geojson","felt":null,"cdi":null,"mmi":null,"alert":null,"status":"reviewed","tsunami":0,"sig":312,"net":"us","code":"6000jlra","ids":",us6000jlra,","sources":",us,","types":",origin,phase-data,","nst":60,"dmin":0.391,"rms":0.34,"gap":52,"magType":"mb","type":"earthquake","title":"M 4.5 - 14 km WSW of Göksun, Turkey"},"geometry":{"type":"Point","coordinates":[36.3402,37.9721,5.716]},"id":"us6000jlra"},
{"type":"Feature","properties":{"mag":4.5,"place":"15 km WSW of Do?an?ehir, Turkey","time":1675684282063,"updated":1705605553495,"tz":null,"url":"https://earthquake.usgs.gov/earthquakes/eventpage/us6000jm76","detail":"https://earthquake.usgs.gov/fdsnws/event/1/query?eventid=us6000jm76&format=geojson","felt":null,"cdi":null,"mmi":null,"alert":null,"status":"reviewed","tsunami":0,"sig":312,"net":"us","code":"6000jm76","ids":",us6000jm76,","sources":",us,","types":",earthquake-name,origin,phase-data,","nst":59,"dmin":0.936,"rms":0.58,"gap":82,"magType":"mb","type":"earthquake","title":"M 4.5 - 15 km WSW of Do?an?ehir, Turkey"},"geometry":{"type":"Point","coordinates":[37.7225,38.016,16.818]},"id":"us6000jm76"},
{"type":"Feature","properties":{"mag":4.3,"place":"16 km ENE of Göksun, Turkey","time":1675684557601,"updated":1681594802040,"tz":null,"url":"https://earthquake.usgs.gov/earthquakes/eventpage/us6000jntd","detail":"https://earthquake.usgs.gov/fdsnws/event/1/query?eventid=us6000jntd&format=geojson","felt":null,"cdi":null,"mmi":null,"alert":null,"status":"reviewed","tsunami":0,"sig":284,"net":"us","code":"6000jntd","ids":",us6000jntd,","sources":",us,","types":",origin,phase-data,","nst":36,"dmin":0.404,"rms":0.5,"gap":63,"magType":"mb","type":"earthquake","title":"M 4.3 - 16 km ENE of Göksun, Turkey"},"geometry":{"type":"Point","coordinates":[36.6805,38.0599,7.09]},"id":"us6000jntd"},
{"type":"Feature","properties":{"mag":4.7,"place":"14 km NE of Nurhak, Turkey","time":1675684717429,"updated":1681594777040,"tz":null,"url":"https://earthquake.usgs.gov/earthquakes/eventpage/us6000jlrb","detail":"https://earthquake.usgs.gov/fdsnws/event/1/query?eventid=us6000jlrb&format=geojson","felt":null,"cdi":null,"mmi":null,"alert":null,"status":"reviewed","tsunami":0,"sig":340,"net":"us","code":"6000jlrb","ids":",us6000jlrb,","sources":",us,","types":",origin,phase-data,","nst":77,"dmin":0.922,"rms":0.51,"gap":73,"magType":"mb","type":"earthquake","title":"M 4.7 - 14 km NE of Nurhak, Turkey"},"geometry":{"type":"Point","coordinates":[37.5686,38.0509,15.351]},"id":"us6000jlrb"},
{"type":"Feature","properties":{"mag":6,"place":"4 km NNE of Göksun, Turkey","time":1675684931275,"updated":1758829916268,"tz":null,"url":"https://earthquake.usgs.gov/earthquakes/eventpage/us6000jlrc","detail":"https://earthquake.usgs.gov/fdsnws/event/1/query?eventid=us6000jlrc&format=geojson","felt":24,"cdi":7.5,"mmi":7.528,"alert":"yellow","status":"reviewed","tsunami":0,"sig":668,"net":"us","code":"6000jlrc","ids":",us6000jlrc,at00rpnqrp,","sources":",us,at,","types":",dyfi,ground-failure,internal-origin,losspager,origin,phase-data,shakemap,","nst":138,"dmin":0.356,"rms":0.54,"gap":25,"magType":"mb","type":"earthquake","title":"M 6.0 - 4 km NNE of Göksun, Turkey"},"geometry":{"type":"Point","coordinates":[36.5114,38.0582,8.516]},"id":"us6000jlrc"},
{"type":"Feature","properties":{"mag":4.4,"place":"8 km W of Göksun, Turkey","time":1675685252722,"updated":1681594805040,"tz":null,"url":"https://earthquake.usgs.gov/earthquakes/eventpage/us6000jnwq","detail":"https://earthquake.usgs.gov/fdsnws/event/1/query?eventid=us6000jnwq&format=geojson","felt":null,"cdi":null,"mmi":null,"alert":null,"status":"reviewed","tsunami":0,"sig":298,"net":"us","code":"6000jnwq","ids":",us6000jnwq,","sources":",us,","types":",origin,phase-data,","nst":21,"dmin":0.39,"rms":0.34,"gap":74,"magType":"mb","type":"earthquake","title":"M 4.4 - 8 km W of Göksun, Turkey"},"geometry":{"type":"Point","coordinates":[36.4016,38.0169,8.28]},"id":"us6000jnwq"},
{"type":"Feature","properties":{"mag":4.7,"place":"7 km SW of Nurhak, Turkey","time":1675685628646,"updated":1681594777040,"tz":null,"url":"https://earthquake.usgs.gov/earthquakes/eventpage/us6000jlrg","detail":"https://earthquake.usgs.gov/fdsnws/event/1/query?eventid=us6000jlrg&format=geojson","felt":null,"cdi":null,"mmi":null,"alert":null,"status":"reviewed","tsunami":0,"sig":340,"net":"us","code":"6000jlrg","ids":",us6000jlrg,","sources":",us,","types":",origin,phase-data,","nst":87,"dmin":0.763,"rms":0.38,"gap":66,"magType":"mb","type":"earthquake","title":"M 4.7 - 7 km SW of Nurhak, Turkey"},"geometry":{"type":"Point","coordinates":[37.3761,37.9248,17.77]},"id":"us6000jlrg"},
{"type":"Feature","properties":{"mag":4.4,"place":"5 km NW of Göksun, Turkey","time":1675686078492,"updated":1681594777040,"tz":null,"url":"https://earthquake.usgs.gov/earthquakes/eventpage/us6000jlrh","detail":"https://earthquake.usgs.gov/fdsnws/event/1/query?eventid=us6000jlrh&format=geojson","felt":1,"cdi":0,"mmi":null,"alert":null,"status":"reviewed","tsunami":0,"sig":298,"net":"us","code":"6000jlrh","ids":",us6000jlrh,","sources":",us,","types":",dyfi,origin,phase-data,","nst":49,"dmin":0.346,"rms":0.51,"gap":52,"magType":"mb","type":"earthquake","title":"M 4.4 - 5 km NW of Göksun, Turkey"},"geometry":{"type":"Point","coordinates":[36.4541,38.0621,8.221]},"id":"us6000jlrh"},
{"type":"Feature","properties":{"mag":4.2,"place":"10 km SSE of Nurhak, Turkey","time":1675686700752,"updated":1681594802040,"tz":null,"url":"https://earthquake.usgs.gov/earthquakes/eventpage/us6000jntg","detail":"https://earthquake.usgs.gov/fdsnws/event/1/query?eventid=us6000jntg&format=geojson","felt":null,"cdi":null,"mmi":null,"alert":null,"status":"reviewed","tsunami":0,"sig":271,"net":"us","code":"6000jntg","ids":",us6000jntg,","sources":",us,","types":",origin,phase-data,","nst":36,"dmin":0.739,"rms":0.36,"gap":60,"magType":"mb","type":"earthquake","title":"M 4.2 - 10 km SSE of Nurhak, Turkey"},"geometry":{"type":"Point","coordinates":[37.4824,37.8798,16.174]},"id":"us6000jntg"},
{"type":"Feature","properties":{"mag":4,"place":"18 km WSW of Çelikhan, Turkey","time":1675686768345,"updated":1681594805040,"tz":null,"url":"https://earthquake.usgs.gov/earthquakes/eventpage/us6000jnwf","detail":"https://earthquake.usgs.gov/fdsnws/event/1/query?eventid=us6000jnwf&format=geojson","felt":null,"cdi":null,"mmi":null,"alert":null,"status":"reviewed","tsunami":0,"sig":246,"net":"us","code":"6000jnwf","ids":",us6000jnwf,","sources":",us,","types":",origin,phase-data,","nst":26,"dmin":0.781,"rms":0.66,"gap":52,"magType":"mb","type":"earthquake","title":"M 4.0 - 18 km WSW of Çelikhan, Turkey"},"geometry":{"type":"Point","coordinates":[38.0571,37.9345,16.472]},"id":"us6000jnwf"},
{"type":"Feature","properties":{"mag":4.9,"place":"7 km N of Çelikhan, Turkey","time":1675686883513,"updated":1681594777040,"tz":null,"url":"https://earthquake.usgs.gov/earthquakes/eventpage/us6000jlrj","detail":"https://earthquake.usgs.gov/fdsnws/event/1/query?eventid=us6000jlrj&format=geojson","felt":1,"cdi":5,"mmi":null,"alert":null,"status":"reviewed","tsunami":0,"sig":370,"net":"us","code":"6000jlrj","ids":",us6000jlrj,","sources":",us,","types":",dyfi,origin,phase-data,","nst":65,"dmin":0.804,"rms":0.37,"gap":40,"magType":"mb","type":"earthquake","title":"M 4.9 - 7 km N of Çelikhan, Turkey"},"geometry":{"type":"Point","coordinates":[38.2339,38.0972,14.471]},"id":"us6000jlrj"},
{"type":"Feature","properties":{"mag":4.6,"place":"Central Turkey","time":1675686993066,"updated":1681594777040,"tz":null,"url":"https://earthquake.usgs.gov/earthquakes/eventpage/us6000jlrk","detail":"https://earthquake.usgs.gov/fdsnws/event/1/query?eventid=us6000jlrk&format=geojson","felt":null,"cdi":null,"mmi":null,"alert":null,"status":"reviewed","tsunami":0,"sig":326,"net":"us","code":"6000jlrk","ids":",us6000jlrk,","sources":",us,","types":",origin,phase-data,","nst":65,"dmin":0.917,"rms":0.69,"gap":85,"magType":"mb","type":"earthquake","title":"M 4.6 - Central Turkey"},"geometry":{"type":"Point","coordinates":[37.7885,37.9664,10]},"id":"us6000jlrk"},
{"type":"Feature","properties":{"mag":4.3,"place":"23 km S of Af?in, Turkey","time":1675687681449,"updated":1681594777040,"tz":null,"url":"https://earthquake.usgs.gov/earthquakes/eventpage/us6000jlrp","detail":"https://earthquake.usgs.gov/fdsnws/event/1/query?eventid=us6000jlrp&format=geojson","felt":null,"cdi":null,"mmi":null,"alert":null,"status":"reviewed","tsunami":0,"sig":284,"net":"us","code":"6000jlrp","ids":",us6000jlrp,","sources":",us,","types":",origin,phase-data,","nst":48,"dmin":0.51,"rms":0.5,"gap":55,"magType":"mb","type":"earthquake","title":"M 4.3 - 23 km S of Af?in, Turkey"},"geometry":{"type":"Point","coordinates":[36.8659,38.0382,13.923]},"id":"us6000jlrp"},
{"type":"Feature","properties":{"mag":4.2,"place":"191 km NW of Tobelo, Indonesia","time":1675687720593,"updated":1681594803040,"tz":null,"url":"https://earthquake.usgs.gov/earthquakes/eventpage/us6000jnuh","detail":"https://earthquake.usgs.gov/fdsnws/event/1/query?eventid=us6000jnuh&format=geojson","felt":null,"cdi":null,"mmi":null,"alert":null,"status":"reviewed","tsunami":0,"sig":271,"net":"us","code":"6000jnuh","ids":",us6000jnuh,","sources":",us,","types":",origin,phase-data,","nst":23,"dmin":2.297,"rms":0.56,"gap":115,"magType":"mb","type":"earthquake","title":"M 4.2 - 191 km NW of Tobelo, Indonesia"},"geometry":{"type":"Point","coordinates":[126.8752,3.031,46.899]},"id":"us6000jnuh"},
{"type":"Feature","properties":{"mag":4.6,"place":"22 km SSW of Af?in, Turkey","time":1675688079920,"updated":1681594777040,"tz":null,"url":"https://earthquake.usgs.gov/earthquakes/eventpage/us6000jlrq","detail":"https://earthquake.usgs.gov/fdsnws/event/1/query?eventid=us6000jlrq&format=geojson","felt":null,"cdi":null,"mmi":null,"alert":null,"status":"reviewed","tsunami":0,"sig":326,"net":"us","code":"6000jlrq","ids":",us6000jlrq,","sources":",us,","types":",origin,phase-data,","nst":77,"dmin":0.499,"rms":0.38,"gap":48,"magType":"mb","type":"earthquake","title":"M 4.6 - 22 km SSW of Af?in, Turkey"},"geometry":{"type":"Point","coordinates":[36.864,38.0519,18.833]},"id":"us6000jlrq"},
{"type":"Feature","properties":{"mag":4.5,"place":"19 km ENE of Göksun, Turkey","time":1675688418127,"updated":1681594777040,"tz":null,"url":"https://earthquake.usgs.gov/earthquakes/eventpage/us6000jlrt","detail":"https://earthquake.usgs.gov/fdsnws/event/1/query?eventid=us6000jlrt&format=geojson","felt":null,"cdi":null,"mmi":null,"alert":null,"status":"reviewed","tsunami":0,"sig":312,"net":"us","code":"6000jlrt","ids":",us6000jlrt,","sources":",us,","types":",origin,phase-data,","nst":34,"dmin":0.986,"rms":0.59,"gap":97,"magType":"mb","type":"earthquake","title":"M 4.5 - 19 km ENE of Göksun, Turkey"},"geometry":{"type":"Point","coordinates":[36.6841,38.1156,10]},"id":"us6000jlrt"},
{"type":"Feature","properties":{"mag":4.5,"place":"24 km NNW of Temirlanovka, Kazakhstan","time":1675688559070,"updated":1681594777040,"tz":null,"url":"https://earthquake.usgs.gov/earthquakes/eventpage/us6000jlrs","detail":"https://earthquake.usgs.gov/fdsnws/event/1/query?eventid=us6000jlrs&format=geojson","felt":1,"cdi":2,"mmi":null,"alert":null,"status":"reviewed","tsunami":0,"sig":312,"net":"us","code":"6000jlrs","ids":",us6000jlrs,","sources":",us,","types":",dyfi,origin,phase-data,","nst":47,"dmin":1.028,"rms":0.83,"gap":93,"magType":"mb","type":"earthquake","title":"M 4.5 - 24 km NNW of Temirlanovka, Kazakhstan"},"geometry":{"type":"Point","coordinates":[69.168,42.8119,8.459]},"id":"us6000jlrs"},
{"type":"Feature","properties":{"mag":4.6,"place":"4 km NE of Nurhak, Turkey","time":1675688597843,"updated":1681594802040,"tz":null,"url":"https://earthquake.usgs.gov/earthquakes/eventpage/us6000jntk","detail":"https://earthquake.usgs.gov/fdsnws/event/1/query?eventid=us6000jntk&format=geojson","felt":null,"cdi":null,"mmi":null,"alert":null,"status":"reviewed","tsunami":0,"sig":326,"net":"us","code":"6000jntk","ids":",us6000jntk,","sources":",us,","types":",origin,phase-data,","nst":80,"dmin":0.85,"rms":0.8,"gap":77,"magType":"mb","type":"earthquake","title":"M 4.6 - 4 km NE of Nurhak, Turkey"},"geometry":{"type":"Point","coordinates":[37.4732,37.9978,9.48]},"id":"us6000jntk"},
{"type":"Feature","properties":{"mag":4.5,"place":"10 km SE of Ekinözü, Turkey","time":1675688799750,"updated":1681594803040,"tz":null,"url":"https://earthquake.usgs.gov/earthquakes/eventpage/us6000jnu4","detail":"https://earthquake.usgs.gov/fdsnws/event/1/query?eventid=us6000jnu4&format=geojson","felt":null,"cdi":null,"mmi":null,"alert":null,"status":"reviewed","tsunami":0,"sig":312,"net":"us","code":"6000jnu4","ids":",us6000jnu4,","sources":",us,","types":",origin,phase-data,","nst":57,"dmin":0.794,"rms":0.94,"gap":60,"magType":"mb","type":"earthquake","title":"M 4.5 - 10 km SE of Ekinözü, Turkey"},"geometry":{"type":"Point","coordinates":[37.2762,37.991,19.665]},"id":"us6000jnu4"},
{"type":"Feature","properties":{"mag":5,"place":"Central Turkey","time":1675688865076,"updated":1681594777040,"tz":null,"url":"https://earthquake.usgs.gov/earthquakes/eventpage/us6000jlrv","detail":"https://earthquake.usgs.gov/fdsnws/event/1/query?eventid=us6000jlrv&format=geojson","felt":1,"cdi":6.6,"mmi":null,"alert":null,"status":"reviewed","tsunami":0,"sig":385,"net":"us","code":"6000jlrv","ids":",us6000jlrv,","sources":",us,","types":",dyfi,origin,phase-data,","nst":114,"dmin":0.836,"rms":0.67,"gap":56,"magType":"mb","type":"earthquake","title":"M 5.0 - Central Turkey"},"geometry":{"type":"Point","coordinates":[37.371,38.0384,16.904]},"id":"us6000jlrv"},
{"type":"Feature","properties":{"mag":4.6,"place":"4 km E of Kastal, Turkey","time":1675688961093,"updated":1681594802040,"tz":null,"url":"https://earthquake.usgs.gov/earthquakes/eventpage/us6000jntm","detail":"https://earthquake.usgs.gov/fdsnws/event/1/query?eventid=us6000jntm&format=geojson","felt":null,"cdi":null,"mmi":null,"alert":null,"status":"reviewed","tsunami":0,"sig":326,"net":"us","code":"6000jntm","ids":",us6000jntm,","sources":",us,","types":",origin,phase-data,","nst":42,"dmin":1.176,"rms":0.83,"gap":102,"magType":"mb","type":"earthquake","title":"M 4.6 - 4 km E of Kastal, Turkey"},"geometry":{"type":"Point","coordinates":[36.2923,36.2541,10]},"id":"us6000jntm"},
{"type":"Feature","properties":{"mag":4.7,"place":"14 km E of Göksun, Turkey","time":1675689116990,"updated":1681594777040,"tz":null,"url":"https://earthquake.usgs.gov/earthquakes/eventpage/us6000jlry","detail":"https://earthquake.usgs.gov/fdsnws/event/1/query?eventid=us6000jlry&format=geojson","felt":null,"cdi":null,"mmi":null,"alert":null,"status":"reviewed","tsunami":0,"sig":340,"net":"us","code":"6000jlry","ids":",us6000jlry,","sources":",us,","types":",origin,phase-data,","nst":61,"dmin":0.945,"rms":0.74,"gap":42,"magType":"mb","type":"earthquake","title":"M 4.7 - 14 km E of Göksun, Turkey"},"geometry":{"type":"Point","coordinates":[36.6564,38.0104,10]},"id":"us6000jlry"},
{"type":"Feature","properties":{"mag":4.8,"place":"12 km S of Göksun, Turkey","time":1675689147843,"updated":1681594804040,"tz":null,"url":"https://earthquake.usgs.gov/earthquakes/eventpage/us6000jnvk","detail":"https://earthquake.usgs.gov/fdsnws/event/1/query?eventid=us6000jnvk&format=geojson","felt":null,"cdi":null,"mmi":null,"alert":null,"status":"reviewed","tsunami":0,"sig":354,"net":"us","code":"6000jnvk","ids":",us6000jnvk,","sources":",us,","types":",origin,phase-data,","nst":50,"dmin":1.082,"rms":0.61,"gap":81,"magType":"mb","type":"earthquake","title":"M 4.8 - 12 km S of Göksun, Turkey"},"geometry":{"type":"Point","coordinates":[36.5237,37.9077,10]},"id":"us6000jnvk"},
{"type":"Feature","properties":{"mag":4.5,"place":"1 km NW of Tut, Turkey","time":1675689241462,"updated":1681594802040,"tz":null,"url":"https://earthquake.usgs.gov/earthquakes/eventpage/us6000jntl","detail":"https://earthquake.usgs.gov/fdsnws/event/1/query?eventid=us6000jntl&format=geojson","felt":null,"cdi":null,"mmi":null,"alert":null,"status":"reviewed","tsunami":0,"sig":312,"net":"us","code":"6000jntl","ids":",us6000jntl,","sources":",us,","types":",origin,phase-data,","nst":33,"dmin":0.81,"rms":0.91,"gap":105,"magType":"mb","type":"earthquake","title":"M 4.5 - 1 km NW of Tut, Turkey"},"geometry":{"type":"Point","coordinates":[37.9066,37.8011,14.619]},"id":"us6000jntl"},
{"type":"Feature","properties":{"mag":4.9,"place":"10 km WSW of Göksun, Turkey","time":1675689462209,"updated":1681594777040,"tz":null,"url":"https://earthquake.usgs.gov/earthquakes/eventpage/us6000jls0","detail":"https://earthquake.usgs.gov/fdsnws/event/1/query?eventid=us6000jls0&format=geojson","felt":2,"cdi":6.6,"mmi":null,"alert":null,"status":"reviewed","tsunami":0,"sig":371,"net":"us","code":"6000jls0","ids":",us6000jls0,","sources":",us,","types":",dyfi,origin,phase-data,","nst":106,"dmin":0.412,"rms":0.78,"gap":30,"magType":"mb","type":"earthquake","title":"M 4.9 - 10 km WSW of Göksun, Turkey"},"geometry":{"type":"Point","coordinates":[36.3843,37.9951,10]},"id":"us6000jls0"},
{"type":"Feature","properties":{"mag":4.4,"place":"Central Turkey","time":1675689721325,"updated":1681594802040,"tz":null,"url":"https://earthquake.usgs.gov/earthquakes/eventpage/us6000jntp","detail":"https://earthquake.usgs.gov/fdsnws/event/1/query?eventid=us6000jntp&format=geojson","felt":null,"cdi":null,"mmi":null,"alert":null,"status":"reviewed","tsunami":0,"sig":298,"net":"us","code":"6000jntp","ids":",us6000jntp,","sources":",us,","types":",origin,phase-data,","nst":40,"dmin":0.874,"rms":0.49,"gap":71,"magType":"mb","type":"earthquake","title":"M 4.4 - Central Turkey"},"geometry":{"type":"Point","coordinates":[37.3789,38.0367,10.761]},"id":"us6000jntp"},
{"type":"Feature","properties":{"mag":4.5,"place":"6 km NW of Uzunkavak, Turkey","time":1675690299632,"updated":1681594802040,"tz":null,"url":"https://earthquake.usgs.gov/earthquakes/eventpage/us6000jntn","detail":"https://earthquake.usgs.gov/fdsnws/event/1/query?eventid=us6000jntn&format=geojson","felt":null,"cdi":null,"mmi":null,"alert":null,"status":"reviewed","tsunami":0,"sig":312,"net":"us","code":"6000jntn","ids":",us6000jntn,","sources":",us,","types":",origin,phase-data,","nst":33,"dmin":1.027,"rms":0.62,"gap":103,"magType":"mb","type":"earthquake","title":"M 4.5 - 6 km NW of Uzunkavak, Turkey"},"geometry":{"type":"Point","coordinates":[36.3691,36.3959,10]},"id":"us6000jntn"},
{"type":"Feature","properties":{"mag":4.3,"place":"10 km SSE of Malatya, Turkey","time":1675690337073,"updated":1681594805040,"tz":null,"url":"https://earthquake.usgs.gov/earthquakes/eventpage/us6000jnwm","detail":"https://earthquake.usgs.gov/fdsnws/event/1/query?eventid=us6000jnwm&format=geojson","felt":null,"cdi":null,"mmi":null,"alert":null,"status":"reviewed","tsunami":0,"sig":284,"net":"us","code":"6000jnwm","ids":",us6000jnwm,","sources":",us,","types":",origin,phase-data,","nst":31,"dmin":0.896,"rms":0.61,"gap":63,"magType":"mb","type":"earthquake","title":"M 4.3 - 10 km SSE of Malatya, Turkey"},"geometry":{"type":"Point","coordinates":[38.3801,38.2669,10]},"id":"us6000jnwm"},
{"type":"Feature","properties":{"mag":4.2,"place":"Central Turkey","time":1675690395653,"updated":1681594803040,"tz":null,"url":"https://earthquake.usgs.gov/earthquakes/eventpage/us6000jnu9","detail":"https://earthquake.usgs.gov/fdsnws/event/1/query?eventid=us6000jnu9&format=geojson","felt":null,"cdi":null,"mmi":null,"alert":null,"status":"reviewed","tsunami":0,"sig":271,"net":"us","code":"6000jnu9","ids":",us6000jnu9,","sources":",us,","types":",origin,phase-data,","nst":32,"dmin":0.794,"rms":1.06,"gap":64,"magType":"mb","type":"earthquake","title":"M 4.2 - Central Turkey"},"geometry":{"type":"Point","coordinates":[37.5399,37.9231,15.685]},"id":"us6000jnu9"},
{"type":"Feature","properties":{"mag":4.2,"place":"5 km E of Uzunkavak, Turkey","time":1675690568640,"updated":1681594802040,"tz":null,"url":"https://earthquake.usgs.gov/earthquakes/eventpage/us6000jntr","detail":"https://earthquake.usgs.gov/fdsnws/event/1/query?eventid=us6000jntr&format=geojson","felt":null,"cdi":null,"mmi":null,"alert":null,"status":"reviewed","tsunami":0,"sig":271,"net":"us","code":"6000jntr","ids":",us6000jntr,","sources":",us,","types":",origin,phase-data,","nst":32,"dmin":1.013,"rms":0.75,"gap":96,"magType":"mb","type":"earthquake","title":"M 4.2 - 5 km E of Uzunkavak, Turkey"},"geometry":{"type":"Point","coordinates":[36.4775,36.3454,10]},"id":"us6000jntr"},
{"type":"Feature","properties":{"mag":5.3,"place":"16 km WSW of Do?an?ehir, Turkey","time":1675690764254,"updated":1681594777040,"tz":null,"url":"https://earthquake.usgs.gov/earthquakes/eventpage/us6000jls3","detail":"https://earthquake.usgs.gov/fdsnws/event/1/query?eventid=us6000jls3&format=geojson","felt":1,"cdi":7.2,"mmi":null,"alert":null,"status":"reviewed","tsunami":0,"sig":433,"net":"us","code":"6000jls3","ids":",us6000jls3,","sources":",us,","types":",dyfi,origin,phase-data,","nst":221,"dmin":0.929,"rms":1.23,"gap":33,"magType":"mb","type":"earthquake","title":"M 5.3 - 16 km WSW of Do?an?ehir, Turkey"},"geometry":{"type":"Point","coordinates":[37.7013,38.0166,10]},"id":"us6000jls3"},
{"type":"Feature","properties":{"mag":5,"place":"5 km ESE of Nurhak, Turkey","time":1675691091298,"updated":1681594778040,"tz":null,"url":"https://earthquake.usgs.gov/earthquakes/eventpage/us6000jls6","detail":"https://earthquake.usgs.gov/fdsnws/event/1/query?eventid=us6000jls6&format=geojson","felt":1,"cdi":6.1,"mmi":null,"alert":null,"status":"reviewed","tsunami":0,"sig":385,"net":"us","code":"6000jls6","ids":",us6000jls6,","sources":",us,","types":",dyfi,origin,phase-data,","nst":106,"dmin":0.799,"rms":0.71,"gap":64,"magType":"mb","type":"earthquake","title":"M 5.0 - 5 km ESE of Nurhak, Turkey"},"geometry":{"type":"Point","coordinates":[37.4916,37.9405,16.865]},"id":"us6000jls6"},
{"type":"Feature","properties":{"mag":4.5,"place":"111 km NE of Tobelo, Indonesia","time":1675691414093,"updated":1681594805040,"tz":null,"url":"https://earthquake.usgs.gov/earthquakes/eventpage/us6000jnwu","detail":"https://earthquake.usgs.gov/fdsnws/event/1/query?eventid=us6000jnwu&format=geojson","felt":null,"cdi":null,"mmi":null,"alert":null,"status":"reviewed","tsunami":0,"sig":312,"net":"us","code":"6000jnwu","ids":",us6000jnwu,","sources":",us,","types":",origin,phase-data,","nst":28,"dmin":2.137,"rms":0.71,"gap":94,"magType":"mb","type":"earthquake","title":"M 4.5 - 111 km NE of Tobelo, Indonesia"},"geometry":{"type":"Point","coordinates":[128.7157,2.4404,51.926]},"id":"us6000jnwu"},
{"type":"Feature","properties":{"mag":4.3,"place":"Central Turkey","time":1675691930413,"updated":1681594803040,"tz":null,"url":"https://earthquake.usgs.gov/earthquakes/eventpage/us6000jnts","detail":"https://earthquake.usgs.gov/fdsnws/event/1/query?eventid=us6000jnts&format=geojson","felt":null,"cdi":null,"mmi":null,"alert":null,"status":"reviewed","tsunami":0,"sig":284,"net":"us","code":"6000jnts","ids":",us6000jnts,","sources":",us,","types":",origin,phase-data,","nst":38,"dmin":0.35,"rms":0.84,"gap":80,"magType":"mb","type":"earthquake","title":"M 4.3 - Central Turkey"},"geometry":{"type":"Point","coordinates":[36.4642,38.0588,10]},"id":"us6000jnts"},
{"type":"Feature","properties":{"mag":4.3,"place":"13 km N of Do?an?ehir, Turkey","time":1675692188489,"updated":1681594803040,"tz":null,"url":"https://earthquake.usgs.gov/earthquakes/eventpage/us6000jntu","detail":"https://earthquake.usgs.gov/fdsnws/event/1/query?eventid=us6000jntu&format=geojson","felt":null,"cdi":null,"mmi":null,"alert":null,"status":"reviewed","tsunami":0,"sig":284,"net":"us","code":"6000jntu","ids":",us6000jntu,","sources":",us,","types":",origin,phase-data,","nst":41,"dmin":1.07,"rms":0.83,"gap":50,"magType":"mb","type":"earthquake","title":"M 4.3 - 13 km N of Do?an?ehir, Turkey"},"geometry":{"type":"Point","coordinates":[37.8768,38.2079,10]},"id":"us6000jntu"},
{"type":"Feature","properties":{"mag":4.4,"place":"4 km SW of Göksun, Turkey","time":1675692289444,"updated":1681594778040,"tz":null,"url":"https://earthquake.usgs.gov/earthquakes/eventpage/us6000jls9","detail":"https://earthquake.usgs.gov/fdsnws/event/1/query?eventid=us6000jls9&format=geojson","felt":null,"cdi":null,"mmi":null,"alert":null,"status":"reviewed","tsunami":0,"sig":298,"net":"us","code":"6000jls9","ids":",us6000jls9,","sources":",us,","types":",origin,phase-data,","nst":67,"dmin":0.413,"rms":0.64,"gap":36,"magType":"mb","type":"earthquake","title":"M 4.4 - 4 km SW of Göksun, Turkey"},"geometry":{"type":"Point","coordinates":[36.4533,37.9944,10]},"id":"us6000jls9"},
{"type":"Feature","properties":{"mag":4.5,"place":"8 km ESE of Ça?layancerit, Turkey","time":1675692609968,"updated":1681594778040,"tz":null,"url":"https://earthquake.usgs.gov/earthquakes/eventpage/us6000jlsb","detail":"https://earthquake.usgs.gov/fdsnws/event/1/query?eventid=us6000jlsb&format=geojson","felt":null,"cdi":null,"mmi":null,"alert":null,"status":"reviewed","tsunami":0,"sig":312,"net":"us","code":"6000jlsb","ids":",us6000jlsb,","sources":",us,","types":",origin,phase-data,","nst":102,"dmin":0.57,"rms":0.87,"gap":66,"magType":"mb","type":"earthquake","title":"M 4.5 - 8 km ESE of Ça?layancerit, Turkey"},"geometry":{"type":"Point","coordinates":[37.385,37.7257,10]},"id":"us6000jlsb"},
{"type":"Feature","properties":{"mag":4.4,"place":"12 km SW of Nurhak, Turkey","time":1675693038854,"updated":1705605554943,"tz":null,"url":"https://earthquake.usgs.gov/earthquakes/eventpage/us6000jlsd","detail":"https://earthquake.usgs.gov/fdsnws/event/1/query?eventid=us6000jlsd&format=geojson","felt":null,"cdi":null,"mmi":null,"alert":null,"status":"reviewed","tsunami":0,"sig":298,"net":"us","code":"6000jlsd","ids":",us6000jlsd,","sources":",us,","types":",earthquake-name,origin,phase-data,","nst":66,"dmin":0.71,"rms":0.77,"gap":79,"magType":"mb","type":"earthquake","title":"M 4.4 - 12 km SW of Nurhak, Turkey"},"geometry":{"type":"Point","coordinates":[37.3571,37.8732,21.255]},"id":"us6000jlsd"},
{"type":"Feature","properties":{"mag":4.5,"place":"2 km ENE of Hassa, Turkey","time":1675693663394,"updated":1681594778040,"tz":null,"url":"https://earthquake.usgs.gov/earthquakes/eventpage/us6000jlse","detail":"https://earthquake.usgs.gov/fdsnws/event/1/query?eventid=us6000jlse&format=geojson","felt":null,"cdi":null,"mmi":null,"alert":null,"status":"reviewed","tsunami":0,"sig":312,"net":"us","code":"6000jlse","ids":",us6000jlse,","sources":",us,","types":",origin,phase-data,","nst":78,"dmin":0.648,"rms":0.68,"gap":60,"magType":"mb","type":"earthquake","title":"M 4.5 - 2 km ENE of Hassa, Turkey"},"geometry":{"type":"Point","coordinates":[36.5387,36.8097,10]},"id":"us6000jlse"},
{"type":"Feature","properties":{"mag":4.7,"place":"2 km S of Göksun, Turkey","time":1675693797853,"updated":1681594778040,"tz":null,"url":"https://earthquake.usgs.gov/earthquakes/eventpage/us6000jlsf","detail":"https://earthquake.usgs.gov/fdsnws/event/1/query?eventid=us6000jlsf&format=geojson","felt":null,"cdi":null,"mmi":null,"alert":null,"status":"reviewed","tsunami":0,"sig":340,"net":"us","code":"6000jlsf","ids":",us6000jlsf,","sources":",us,","types":",origin,phase-data,","nst":104,"dmin":0.413,"rms":0.89,"gap":39,"magType":"mb","type":"earthquake","title":"M 4.7 - 2 km S of Göksun, Turkey"},"geometry":{"type":"Point","coordinates":[36.4927,37.9977,10]},"id":"us6000jlsf"},
{"type":"Feature","properties":{"mag":4.5,"place":"5 km SSW of Do?an?ehir, Turkey","time":1675693987461,"updated":1681594803040,"tz":null,"url":"https://earthquake.usgs.gov/earthquakes/eventpage/us6000jntw","detail":"https://earthquake.usgs.gov/fdsnws/event/1/query?eventid=us6000jntw&format=geojson","felt":null,"cdi":null,"mmi":null,"alert":null,"status":"reviewed","tsunami":0,"sig":312,"net":"us","code":"6000jntw","ids":",us6000jntw,","sources":",us,","types":",origin,phase-data,","nst":39,"dmin":0.968,"rms":0.54,"gap":83,"magType":"mb","type":"earthquake","title":"M 4.5 - 5 km SSW of Do?an?ehir, Turkey"},"geometry":{"type":"Point","coordinates":[37.8572,38.0365,10]},"id":"us6000jntw"},
{"type":"Feature","properties":{"mag":4.5,"place":"15 km NW of Do?an?ehir, Turkey","time":1675694517177,"updated":1681594778040,"tz":null,"url":"https://earthquake.usgs.gov/earthquakes/eventpage/us6000jlsj","detail":"https://earthquake.usgs.gov/fdsnws/event/1/query?eventid=us6000jlsj&format=geojson","felt":null,"cdi":null,"mmi":null,"alert":null,"status":"reviewed","tsunami":0,"sig":312,"net":"us","code":"6000jlsj","ids":",us6000jlsj,","sources":",us,","types":",origin,phase-data,","nst":60,"dmin":1.068,"rms":1.16,"gap":65,"magType":"mb","type":"earthquake","title":"M 4.5 - 15 km NW of Do?an?ehir, Turkey"},"geometry":{"type":"Point","coordinates":[37.7439,38.1782,10]},"id":"us6000jlsj"},
{"type":"Feature","properties":{"mag":4.4,"place":"15 km ENE of Çelikhan, Turkey","time":1675695075299,"updated":1681594778040,"tz":null,"url":"https://earthquake.usgs.gov/earthquakes/eventpage/us6000jlsl","detail":"https://earthquake.usgs.gov/fdsnws/event/1/query?eventid=us6000jlsl&format=geojson","felt":null,"cdi":null,"mmi":null,"alert":null,"status":"reviewed","tsunami":0,"sig":298,"net":"us","code":"6000jlsl","ids":",us6000jlsl,","sources":",us,","types":",origin,phase-data,","nst":84,"dmin":0.71,"rms":0.7,"gap":28,"magType":"mb","type":"earthquake","title":"M 4.4 - 15 km ENE of Çelikhan, Turkey"},"geometry":{"type":"Point","coordinates":[38.404,38.0706,10]},"id":"us6000jlsl"},
{"type":"Feature","properties":{"mag":4.3,"place":"6 km SSW of Do?an?ehir, Turkey","time":1675695466819,"updated":1681594778040,"tz":null,"url":"https://earthquake.usgs.gov/earthquakes/eventpage/us6000jlsn","detail":"https://earthquake.usgs.gov/fdsnws/event/1/query?eventid=us6000jlsn&format=geojson","felt":null,"cdi":null,"mmi":null,"alert":null,"status":"reviewed","tsunami":0,"sig":284,"net":"us","code":"6000jlsn","ids":",us6000jlsn,","sources":",us,","types":",moment-tensor,origin,phase-data,","nst":67,"dmin":0.983,"rms":1.13,"gap":52,"magType":"mwr","type":"earthquake","title":"M 4.3 - 6 km SSW of Do?an?ehir, Turkey"},"geometry":{"type":"Point","coordinates":[37.8354,38.0378,10]},"id":"us6000jlsn"},
{"type":"Feature","properties":{"mag":4.9,"place":"13 km NE of Gölba??, Turkey","time":1675696474402,"updated":1681594778040,"tz":null,"url":"https://earthquake.usgs.gov/earthquakes/eventpage/us6000jlsq","detail":"https://earthquake.usgs.gov/fdsnws/event/1/query?eventid=us6000jlsq&format=geojson","felt":1,"cdi":5,"mmi":5.463,"alert":"green","status":"reviewed","tsunami":0,"sig":370,"net":"us","code":"6000jlsq","ids":",us6000jlsq,","sources":",us,","types":",dyfi,losspager,moment-tensor,origin,phase-data,shakemap,","nst":132,"dmin":0.82,"rms":0.82,"gap":28,"magType":"mwr","type":"earthquake","title":"M 4.9 - 13 km NE of Gölba??, Turkey"},"geometry":{"type":"Point","coordinates":[37.7355,37.8791,10]},"id":"us6000jlsq"},
{"type":"Feature","properties":{"mag":5.4,"place":"eastern Turkey","time":1675697612721,"updated":1681594778040,"tz":null,"url":"https://earthquake.usgs.gov/earthquakes/eventpage/us6000jlsu","detail":"https://earthquake.usgs.gov/fdsnws/event/1/query?eventid=us6000jlsu&format=geojson","felt":null,"cdi":null,"mmi":6.816,"alert":"green","status":"reviewed","tsunami":0,"sig":449,"net":"us","code":"6000jlsu","ids":",us6000jlsu,","sources":",us,","types":",losspager,moment-tensor,origin,phase-data,shakemap,","nst":112,"dmin":1.273,"rms":0.8,"gap":29,"magType":"mwr","type":"earthquake","title":"M 5.4 - eastern Turkey"},"geometry":{"type":"Point","coordinates":[38.1756,38.19,7.43]},"id":"us6000jlsu"},
{"type":"Feature","properties":{"mag":4.3,"place":"Central Turkey","time":1675698764320,"updated":1681594803040,"tz":null,"url":"https://earthquake.usgs.gov/earthquakes/eventpage/us6000jnu2","detail":"https://earthquake.usgs.gov/fdsnws/event/1/query?eventid=us6000jnu2&format=geojson","felt":null,"cdi":null,"mmi":null,"alert":null,"status":"reviewed","tsunami":0,"sig":284,"net":"us","code":"6000jnu2","ids":",us6000jnu2,","sources":",us,","types":",origin,phase-data,","nst":48,"dmin":0.862,"rms":0.93,"gap":97,"magType":"mb","type":"earthquake","title":"M 4.3 - Central Turkey"},"geometry":{"type":"Point","coordinates":[37.8519,37.868,15.594]},"id":"us6000jnu2"},
{"type":"Feature","properties":{"mag":4.2,"place":"Central Turkey","time":1675699167990,"updated":1681594805040,"tz":null,"url":"https://earthquake.usgs.gov/earthquakes/eventpage/us6000jnwa","detail":"https://earthquake.usgs.gov/fdsnws/event/1/query?eventid=us6000jnwa&format=geojson","felt":null,"cdi":null,"mmi":null,"alert":null,"status":"reviewed","tsunami":0,"sig":271,"net":"us","code":"6000jnwa","ids":",us6000jnwa,","sources":",us,","types":",origin,phase-data,","nst":44,"dmin":0.937,"rms":1.22,"gap":75,"magType":"mb","type":"earthquake","title":"M 4.2 - Central Turkey"},"geometry":{"type":"Point","coordinates":[37.5505,38.0709,10]},"id":"us6000jnwa"},
{"type":"Feature","properties":{"mag":4.3,"place":"18 km WSW of Ekinözü, Turkey","time":1675699602958,"updated":1681594778040,"tz":null,"url":"https://earthquake.usgs.gov/earthquakes/eventpage/us6000jlsy","detail":"https://earthquake.usgs.gov/fdsnws/event/1/query?eventid=us6000jlsy&format=geojson","felt":null,"cdi":null,"mmi":null,"alert":null,"status":"reviewed","tsunami":0,"sig":284,"net":"us","code":"6000jlsy","ids":",us6000jlsy,","sources":",us,","types":",origin,phase-data,","nst":52,"dmin":0.609,"rms":0.83,"gap":51,"magType":"mb","type":"earthquake","title":"M 4.3 - 18 km WSW of Ekinözü, Turkey"},"geometry":{"type":"Point","coordinates":[36.9911,37.9972,10]},"id":"us6000jlsy"},
{"type":"Feature","properties":{"mag":4.5,"place":"23 km W of Uzunba?, Turkey","time":1675699843265,"updated":1681594778040,"tz":null,"url":"https://earthquake.usgs.gov/earthquakes/eventpage/us6000jlt0","detail":"https://earthquake.usgs.gov/fdsnws/event/1/query?eventid=us6000jlt0&format=geojson","felt":null,"cdi":null,"mmi":null,"alert":null,"status":"reviewed","tsunami":0,"sig":312,"net":"us","code":"6000jlt0","ids":",us6000jlt0,","sources":",us,","types":",origin,phase-data,","nst":47,"dmin":1.565,"rms":0.7,"gap":54,"magType":"mb","type":"earthquake","title":"M 4.5 - 23 km W of Uzunba?, Turkey"},"geometry":{"type":"Point","coordinates":[35.7822,36.1064,10]},"id":"us6000jlt0"},
{"type":"Feature","properties":{"mag":4.1,"place":"9 km NW of Göksun, Turkey","time":1675700506033,"updated":1681594803040,"tz":null,"url":"https://earthquake.usgs.gov/earthquakes/eventpage/us6000jnua","detail":"https://earthquake.usgs.gov/fdsnws/event/1/query?eventid=us6000jnua&format=geojson","felt":null,"cdi":null,"mmi":null,"alert":null,"status":"reviewed","tsunami":0,"sig":259,"net":"us","code":"6000jnua","ids":",us6000jnua,","sources":",us,","types":",origin,phase-data,","nst":33,"dmin":0.316,"rms":1.08,"gap":49,"magType":"mb","type":"earthquake","title":"M 4.1 - 9 km NW of Göksun, Turkey"},"geometry":{"type":"Point","coordinates":[36.433,38.0912,10]},"id":"us6000jnua"},
{"type":"Feature","properties":{"mag":4.1,"place":"0 km ESE of Göksun, Turkey","time":1675700564967,"updated":1681594805040,"tz":null,"url":"https://earthquake.usgs.gov/earthquakes/eventpage/us6000jnwi","detail":"https://earthquake.usgs.gov/fdsnws/event/1/query?eventid=us6000jnwi&format=geojson","felt":null,"cdi":null,"mmi":null,"alert":null,"status":"reviewed","tsunami":0,"sig":259,"net":"us","code":"6000jnwi","ids":",us6000jnwi,","sources":",us,","types":",origin,phase-data,","nst":22,"dmin":0.394,"rms":0.55,"gap":77,"magType":"mb","type":"earthquake","title":"M 4.1 - 0 km ESE of Göksun, Turkey"},"geometry":{"type":"Point","coordinates":[36.5048,38.0189,3.826]},"id":"us6000jnwi"},
{"type":"Feature","properties":{"mag":4.2,"place":"5 km NNW of Göksun, Turkey","time":1675700701255,"updated":1681594804040,"tz":null,"url":"https://earthquake.usgs.gov/earthquakes/eventpage/us6000jnuu","detail":"https://earthquake.usgs.gov/fdsnws/event/1/query?eventid=us6000jnuu&format=geojson","felt":null,"cdi":null,"mmi":null,"alert":null,"status":"reviewed","tsunami":0,"sig":271,"net":"us","code":"6000jnuu","ids":",us6000jnuu,","sources":",us,","types":",origin,phase-data,","nst":55,"dmin":0.342,"rms":0.62,"gap":37,"magType":"mb","type":"earthquake","title":"M 4.2 - 5 km NNW of Göksun, Turkey"},"geometry":{"type":"Point","coordinates":[36.4607,38.0666,10]},"id":"us6000jnuu"},
{"type":"Feature","properties":{"mag":4.6,"place":"26 km WSW of Ekinözü, Turkey","time":1675700775464,"updated":1681594779040,"tz":null,"url":"https://earthquake.usgs.gov/earthquakes/eventpage/us6000jlt5","detail":"https://earthquake.usgs.gov/fdsnws/event/1/query?eventid=us6000jlt5&format=geojson","felt":null,"cdi":null,"mmi":null,"alert":null,"status":"reviewed","tsunami":0,"sig":326,"net":"us","code":"6000jlt5","ids":",us6000jlt5,","sources":",us,","types":",origin,phase-data,","nst":122,"dmin":0.569,"rms":0.58,"gap":44,"magType":"mb","type":"earthquake","title":"M 4.6 - 26 km WSW of Ekinözü, Turkey"},"geometry":{"type":"Point","coordinates":[36.8994,37.9826,10]},"id":"us6000jlt5"},
{"type":"Feature","properties":{"mag":4.8,"place":"9 km ENE of Göksun, Turkey","time":1675700799507,"updated":1681594779040,"tz":null,"url":"https://earthquake.usgs.gov/earthquakes/eventpage/us6000jlt1","detail":"https://earthquake.usgs.gov/fdsnws/event/1/query?eventid=us6000jlt1&format=geojson","felt":null,"cdi":null,"mmi":null,"alert":null,"status":"reviewed","tsunami":0,"sig":354,"net":"us","code":"6000jlt1","ids":",us6000jlt1,","sources":",us,","types":",origin,phase-data,","nst":104,"dmin":0.394,"rms":0.65,"gap":28,"magType":"mb","type":"earthquake","title":"M 4.8 - 9 km ENE of Göksun, Turkey"},"geometry":{"type":"Point","coordinates":[36.5982,38.0385,10]},"id":"us6000jlt1"},
{"type":"Feature","properties":{"mag":4.7,"place":"6 km WNW of Göksun, Turkey","time":1675700839276,"updated":1681594806040,"tz":null,"url":"https://earthquake.usgs.gov/earthquakes/eventpage/us6000jnwy","detail":"https://earthquake.usgs.gov/fdsnws/event/1/query?eventid=us6000jnwy&format=geojson","felt":null,"cdi":null,"mmi":null,"alert":null,"status":"reviewed","tsunami":0,"sig":340,"net":"us","code":"6000jnwy","ids":",us6000jnwy,","sources":",us,","types":",moment-tensor,origin,phase-data,","nst":34,"dmin":0.36,"rms":0.82,"gap":82,"magType":"mwr","type":"earthquake","title":"M 4.7 - 6 km WNW of Göksun, Turkey"},"geometry":{"type":"Point","coordinates":[36.4364,38.0468,10]},"id":"us6000jnwy"},
{"type":"Feature","properties":{"mag":4.7,"place":"14 km SSE of Kahramanmara?, Turkey","time":1675700888698,"updated":1681594803040,"tz":null,"url":"https://earthquake.usgs.gov/earthquakes/eventpage/us6000jnu7","detail":"https://earthquake.usgs.gov/fdsnws/event/1/query?eventid=us6000jnu7&format=geojson","felt":null,"cdi":null,"mmi":null,"alert":null,"status":"reviewed","tsunami":0,"sig":340,"net":"us","code":"6000jnu7","ids":",us6000jnu7,","sources":",us,","types":",origin,phase-data,","nst":57,"dmin":0.343,"rms":0.92,"gap":66,"magType":"mb","type":"earthquake","title":"M 4.7 - 14 km SSE of Kahramanmara?, Turkey"},"geometry":{"type":"Point","coordinates":[36.981,37.4633,5.178]},"id":"us6000jnu7"},
{"type":"Feature","properties":{"mag":4.9,"place":"14 km SSW of A?a?? Karafak?l?, Turkey","time":1675701131661,"updated":1681594779040,"tz":null,"url":"https://earthquake.usgs.gov/earthquakes/eventpage/us6000jlt7","detail":"https://earthquake.usgs.gov/fdsnws/event/1/query?eventid=us6000jlt7&format=geojson","felt":0,"cdi":1,"mmi":null,"alert":null,"status":"reviewed","tsunami":0,"sig":369,"net":"us","code":"6000jlt7","ids":",us6000jlt7,","sources":",us,","types":",dyfi,origin,phase-data,","nst":128,"dmin":0.773,"rms":0.91,"gap":68,"magType":"mb","type":"earthquake","title":"M 4.9 - 14 km SSW of A?a?? Karafak?l?, Turkey"},"geometry":{"type":"Point","coordinates":[36.4828,36.6625,10]},"id":"us6000jlt7"},
{"type":"Feature","properties":{"mag":4.3,"place":"10 km SE of Do?anyol, Turkey","time":1675701318135,"updated":1681594803040,"tz":null,"url":"https://earthquake.usgs.gov/earthquakes/eventpage/us6000jnum","detail":"https://earthquake.usgs.gov/fdsnws/event/1/query?eventid=us6000jnum&format=geojson","felt":null,"cdi":null,"mmi":null,"alert":null,"status":"reviewed","tsunami":0,"sig":284,"net":"us","code":"6000jnum","ids":",us6000jnum,","sources":",us,","types":",moment-tensor,origin,phase-data,","nst":69,"dmin":0.827,"rms":0.83,"gap":52,"magType":"mwr","type":"earthquake","title":"M 4.3 - 10 km SE of Do?anyol, Turkey"},"geometry":{"type":"Point","coordinates":[39.1175,38.2354,10]},"id":"us6000jnum"},
{"type":"Feature","properties":{"mag":5,"place":"2 km SSE of Göksun, Turkey","time":1675701808541,"updated":1681594779040,"tz":null,"url":"https://earthquake.usgs.gov/earthquakes/eventpage/us6000jlta","detail":"https://earthquake.usgs.gov/fdsnws/event/1/query?eventid=us6000jlta&format=geojson","felt":3,"cdi":6,"mmi":null,"alert":null,"status":"reviewed","tsunami":0,"sig":386,"net":"us","code":"6000jlta","ids":",us6000jlta,","sources":",us,","types":",dyfi,moment-tensor,origin,phase-data,","nst":128,"dmin":0.412,"rms":0.88,"gap":33,"magType":"mwr","type":"earthquake","title":"M 5.0 - 2 km SSE of Göksun, Turkey"},"geometry":{"type":"Point","coordinates":[36.5078,38.0007,10]},"id":"us6000jlta"},
{"type":"Feature","properties":{"mag":4.5,"place":"5 km NNW of Nurhak, Turkey","time":1675702535783,"updated":1681594779040,"tz":null,"url":"https://earthquake.usgs.gov/earthquakes/eventpage/us6000jlth","detail":"https://earthquake.usgs.gov/fdsnws/event/1/query?eventid=us6000jlth&format=geojson","felt":null,"cdi":null,"mmi":null,"alert":null,"status":"reviewed","tsunami":0,"sig":312,"net":"us","code":"6000jlth","ids":",us6000jlth,","sources":",us,","types":",origin,phase-data,","nst":110,"dmin":0.853,"rms":0.57,"gap":56,"magType":"mb","type":"earthquake","title":"M 4.5 - 5 km NNW of Nurhak, Turkey"},"geometry":{"type":"Point","coordinates":[37.4148,38.0112,9.152]},"id":"us6000jlth"},
{"type":"Feature","properties":{"mag":4.3,"place":"9 km W of Nurhak, Turkey","time":1675703507921,"updated":1681594779040,"tz":null,"url":"https://earthquake.usgs.gov/earthquakes/eventpage/us6000jlu3","detail":"https://earthquake.usgs.gov/fdsnws/event/1/query?eventid=us6000jlu3&format=geojson","felt":null,"cdi":null,"mmi":null,"alert":null,"status":"reviewed","tsunami":0,"sig":284,"net":"us","code":"6000jlu3","ids":",us6000jlu3,","sources":",us,","types":",moment-tensor,origin,phase-data,","nst":54,"dmin":0.794,"rms":0.76,"gap":60,"magType":"mwr","type":"earthquake","title":"M 4.3 - 9 km W of Nurhak, Turkey"},"geometry":{"type":"Point","coordinates":[37.3379,37.961,10]},"id":"us6000jlu3"},
{"type":"Feature","properties":{"mag":4.1,"place":"11 km N of Göksun, Turkey","time":1675704122040,"updated":1681594779040,"tz":null,"url":"https://earthquake.usgs.gov/earthquakes/eventpage/us6000jlww","detail":"https://earthquake.usgs.gov/fdsnws/event/1/query?eventid=us6000jlww&format=geojson","felt":null,"cdi":null,"mmi":null,"alert":null,"status":"reviewed","tsunami":0,"sig":259,"net":"us","code":"6000jlww","ids":",us6000jlww,","sources":",us,","types":",origin,phase-data,","nst":40,"dmin":0.291,"rms":1.14,"gap":65,"magType":"mb","type":"earthquake","title":"M 4.1 - 11 km N of Göksun, Turkey"},"geometry":{"type":"Point","coordinates":[36.5145,38.1262,10]},"id":"us6000jlww"},
{"type":"Feature","properties":{"mag":4.5,"place":"19 km ENE of Göksun, Turkey","time":1675704384481,"updated":1681594779040,"tz":null,"url":"https://earthquake.usgs.gov/earthquakes/eventpage/us6000jlwh","detail":"https://earthquake.usgs.gov/fdsnws/event/1/query?eventid=us6000jlwh&format=geojson","felt":null,"cdi":null,"mmi":null,"alert":null,"status":"reviewed","tsunami":0,"sig":312,"net":"us","code":"6000jlwh","ids":",us6000jlwh,","sources":",us,","types":",moment-tensor,origin,phase-data,","nst":99,"dmin":0.379,"rms":0.85,"gap":33,"magType":"mwr","type":"earthquake","title":"M 4.5 - 19 km ENE of Göksun, Turkey"},"geometry":{"type":"Point","coordinates":[36.696,38.097,10]},"id":"us6000jlwh"},
{"type":"Feature","properties":{"mag":4.5,"place":"8 km S of Nurda??, Turkey","time":1675704694269,"updated":1681594779040,"tz":null,"url":"https://earthquake.usgs.gov/earthquakes/eventpage/us6000jly1","detail":"https://earthquake.usgs.gov/fdsnws/event/1/query?eventid=us6000jly1&format=geojson","felt":null,"cdi":null,"mmi":null,"alert":null,"status":"reviewed","tsunami":0,"sig":312,"net":"us","code":"6000jly1","ids":",us6000jly1,","sources":",us,","types":",moment-tensor,origin,phase-data,","nst":83,"dmin":0.385,"rms":1.12,"gap":57,"magType":"mwr","type":"earthquake","title":"M 4.5 - 8 km S of Nurda??, Turkey"},"geometry":{"type":"Point","coordinates":[36.7386,37.0895,10]},"id":"us6000jly1"},
{"type":"Feature","properties":{"mag":4.9,"place":"Samoa Islands region","time":1675704770308,"updated":1681594779040,"tz":null,"url":"https://earthquake.usgs.gov/earthquakes/eventpage/us6000jlyl","detail":"https://earthquake.usgs.gov/fdsnws/event/1/query?eventid=us6000jlyl&format=geojson","felt":null,"cdi":null,"mmi":null,"alert":null,"status":"reviewed","tsunami":0,"sig":369,"net":"us","code":"6000jlyl","ids":",us6000jlyl,","sources":",us,","types":",origin,phase-data,","nst":75,"dmin":1.915,"rms":0.66,"gap":71,"magType":"mb","type":"earthquake","title":"M 4.9 - Samoa Islands region"},"geometry":{"type":"Point","coordinates":[-172.953,-15.4623,10]},"id":"us6000jlyl"},
{"type":"Feature","properties":{"mag":4.5,"place":"4 km WSW of San Juan Cacahuatepec, Mexico","time":1675704826677,"updated":1681594779040,"tz":null,"url":"https://earthquake.usgs.gov/earthquakes/eventpage/us6000jlyh","detail":"https://earthquake.usgs.gov/fdsnws/event/1/query?eventid=us6000jlyh&format=geojson","felt":2,"cdi":2.7,"mmi":null,"alert":null,"status":"reviewed","tsunami":0,"sig":312,"net":"us","code":"6000jlyh","ids":",us6000jlyh,","sources":",us,","types":",dyfi,origin,phase-data,","nst":80,"dmin":0.67,"rms":1.03,"gap":125,"magType":"mb","type":"earthquake","title":"M 4.5 - 4 km WSW of San Juan Cacahuatepec, Mexico"},"geometry":{"type":"Point","coordinates":[-98.1903,16.5957,11.021]},"id":"us6000jlyh"},
{"type":"Feature","properties":{"mag":4.5,"place":"Central Turkey","time":1675705609824,"updated":1681594779040,"tz":null,"url":"https://earthquake.usgs.gov/earthquakes/eventpage/us6000jm13","detail":"https://earthquake.usgs.gov/fdsnws/event/1/query?eventid=us6000jm13&format=geojson","felt":null,"cdi":null,"mmi":null,"alert":null,"status":"reviewed","tsunami":0,"sig":312,"net":"us","code":"6000jm13","ids":",us6000jm13,","sources":",us,","types":",origin,phase-data,","nst":72,"dmin":1.044,"rms":1.12,"gap":83,"magType":"mb","type":"earthquake","title":"M 4.5 - Central Turkey"},"geometry":{"type":"Point","coordinates":[37.8449,38.0881,10]},"id":"us6000jm13"},
{"type":"Feature","properties":{"mag":4.4,"place":"9 km NNE of Göksun, Turkey","time":1675706564660,"updated":1681594779040,"tz":null,"url":"https://earthquake.usgs.gov/earthquakes/eventpage/us6000jm1n","detail":"https://earthquake.usgs.gov/fdsnws/event/1/query?eventid=us6000jm1n&format=geojson","felt":null,"cdi":null,"mmi":null,"alert":null,"status":"reviewed","tsunami":0,"sig":298,"net":"us","code":"6000jm1n","ids":",us6000jm1n,","sources":",us,","types":",origin,phase-data,","nst":59,"dmin":0.317,"rms":0.77,"gap":46,"magType":"mb","type":"earthquake","title":"M 4.4 - 9 km NNE of Göksun, Turkey"},"geometry":{"type":"Point","coordinates":[36.5286,38.1022,10]},"id":"us6000jm1n"},
{"type":"Feature","properties":{"mag":5.2,"place":"6 km SW of G?ksun, Turkey","time":1675706633807,"updated":1705605556453,"tz":null,"url":"https://earthquake.usgs.gov/earthquakes/eventpage/us6000jm1p","detail":"https://earthquake.usgs.gov/fdsnws/event/1/query?eventid=us6000jm1p&format=geojson","felt":2,"cdi":5.8,"mmi":null,"alert":null,"status":"reviewed","tsunami":0,"sig":417,"net":"us","code":"6000jm1p","ids":",us6000jm1p,","sources":",us,","types":",dyfi,earthquake-name,moment-tensor,origin,phase-data,","nst":119,"dmin":0.405,"rms":0.76,"gap":20,"magType":"mww","type":"earthquake","title":"M 5.2 - 6 km SW of G?ksun, Turkey"},"geometry":{"type":"Point","coordinates":[36.4456,37.9781,10]},"id":"us6000jm1p"},
{"type":"Feature","properties":{"mag":4,"place":"25 km ENE of Graneros, Chile","time":1675707202718,"updated":1681594779040,"tz":null,"url":"https://earthquake.usgs.gov/earthquakes/eventpage/us6000jm1q","detail":"https://earthquake.usgs.gov/fdsnws/event/1/query?eventid=us6000jm1q&format=geojson","felt":null,"cdi":null,"mmi":null,"alert":null,"status":"reviewed","tsunami":0,"sig":246,"net":"us","code":"6000jm1q","ids":",us6000jm1q,","sources":",us,","types":",origin,phase-data,","nst":31,"dmin":0.101,"rms":0.31,"gap":115,"magType":"mb","type":"earthquake","title":"M 4.0 - 25 km ENE of Graneros, Chile"},"geometry":{"type":"Point","coordinates":[-70.4956,-33.9519,105.659]},"id":"us6000jm1q"},
{"type":"Feature","properties":{"mag":4.1,"place":"17 km WNW of Musabeyli, Turkey","time":1675709394341,"updated":1681594805040,"tz":null,"url":"https://earthquake.usgs.gov/earthquakes/eventpage/us6000jnw9","detail":"https://earthquake.usgs.gov/fdsnws/event/1/query?eventid=us6000jnw9&format=geojson","felt":null,"cdi":null,"mmi":null,"alert":null,"status":"reviewed","tsunami":0,"sig":259,"net":"us","code":"6000jnw9","ids":",us6000jnw9,","sources":",us,","types":",origin,phase-data,","nst":20,"dmin":0.457,"rms":1,"gap":196,"magType":"mb","type":"earthquake","title":"M 4.1 - 17 km WNW of Musabeyli, Turkey"},"geometry":{"type":"Point","coordinates":[36.7256,36.9291,10]},"id":"us6000jnw9"},
{"type":"Feature","properties":{"mag":4.3,"place":"11 km NNW of Musabeyli, Turkey","time":1675709478887,"updated":1681594803040,"tz":null,"url":"https://earthquake.usgs.gov/earthquakes/eventpage/us6000jnuk","detail":"https://earthquake.usgs.gov/fdsnws/event/1/query?eventid=us6000jnuk&format=geojson","felt":null,"cdi":null,"mmi":null,"alert":null,"status":"reviewed","tsunami":0,"sig":284,"net":"us","code":"6000jnuk","ids":",us6000jnuk,","sources":",us,","types":",origin,phase-data,","nst":41,"dmin":0.326,"rms":0.67,"gap":57,"magType":"mb","type":"earthquake","title":"M 4.3 - 11 km NNW of Musabeyli, Turkey"},"geometry":{"type":"Point","coordinates":[36.8786,36.9819,10]},"id":"us6000jnuk"},
{"type":"Feature","properties":{"mag":4.2,"place":"10 km SSW of Çelikhan, Turkey","time":1675709752597,"updated":1681594804040,"tz":null,"url":"https://earthquake.usgs.gov/earthquakes/eventpage/us6000jnux","detail":"https://earthquake.usgs.gov/fdsnws/event/1/query?eventid=us6000jnux&format=geojson","felt":null,"cdi":null,"mmi":null,"alert":null,"status":"reviewed","tsunami":0,"sig":271,"net":"us","code":"6000jnux","ids":",us6000jnux,","sources":",us,","types":",origin,phase-data,","nst":19,"dmin":0.707,"rms":0.82,"gap":91,"magType":"mb","type":"earthquake","title":"M 4.2 - 10 km SSW of Çelikhan, Turkey"},"geometry":{"type":"Point","coordinates":[38.1889,37.9398,10]},"id":"us6000jnux"},
{"type":"Feature","properties":{"mag":4.1,"place":"12 km ESE of Ekinözü, Turkey","time":1675710751181,"updated":1681594804040,"tz":null,"url":"https://earthquake.usgs.gov/earthquakes/eventpage/us6000jnuy","detail":"https://earthquake.usgs.gov/fdsnws/event/1/query?eventid=us6000jnuy&format=geojson","felt":1,"cdi":0,"mmi":null,"alert":null,"status":"reviewed","tsunami":0,"sig":259,"net":"us","code":"6000jnuy","ids":",us6000jnuy,","sources":",us,","types":",dyfi,origin,phase-data,","nst":34,"dmin":0.805,"rms":0.71,"gap":70,"magType":"mb","type":"earthquake","title":"M 4.1 - 12 km ESE of Ekinözü, Turkey"},"geometry":{"type":"Point","coordinates":[37.3231,38.0322,10]},"id":"us6000jnuy"},
{"type":"Feature","properties":{"mag":4.2,"place":"Central Turkey","time":1675710947865,"updated":1681594779040,"tz":null,"url":"https://earthquake.usgs.gov/earthquakes/eventpage/us6000jm1w","detail":"https://earthquake.usgs.gov/fdsnws/event/1/query?eventid=us6000jm1w&format=geojson","felt":null,"cdi":null,"mmi":null,"alert":null,"status":"reviewed","tsunami":0,"sig":271,"net":"us","code":"6000jm1w","ids":",us6000jm1w,","sources":",us,","types":",moment-tensor,origin,phase-data,","nst":49,"dmin":0.41,"rms":1.09,"gap":36,"magType":"mwr","type":"earthquake","title":"M 4.2 - Central Turkey"},"geometry":{"type":"Point","coordinates":[36.3922,37.989,10]},"id":"us6000jm1w"},
{"type":"Feature","properties":{"mag":4.5,"place":"23 km SE of Göksun, Turkey","time":1675711501538,"updated":1681594804040,"tz":null,"url":"https://earthquake.usgs.gov/earthquakes/eventpage/us6000jnuz","detail":"https://earthquake.usgs.gov/fdsnws/event/1/query?eventid=us6000jnuz&format=geojson","felt":null,"cdi":null,"mmi":null,"alert":null,"status":"reviewed","tsunami":0,"sig":312,"net":"us","code":"6000jnuz","ids":",us6000jnuz,","sources":",us,","types":",origin,phase-data,","nst":36,"dmin":0.37,"rms":0.8,"gap":44,"magType":"mb","type":"earthquake","title":"M 4.5 - 23 km SE of Göksun, Turkey"},"geometry":{"type":"Point","coordinates":[36.6645,37.8505,10]},"id":"us6000jnuz"},
{"type":"Feature","properties":{"mag":4.4,"place":"9 km SE of Ekinözü, Turkey","time":1675711859475,"updated":1681594780040,"tz":null,"url":"https://earthquake.usgs.gov/earthquakes/eventpage/us6000jm1z","detail":"https://earthquake.usgs.gov/fdsnws/event/1/query?eventid=us6000jm1z&format=geojson","felt":null,"cdi":null,"mmi":null,"alert":null,"status":"reviewed","tsunami":0,"sig":298,"net":"us","code":"6000jm1z","ids":",us6000jm1z,","sources":",us,","types":",origin,phase-data,","nst":70,"dmin":0.786,"rms":0.68,"gap":80,"magType":"mb","type":"earthquake","title":"M 4.4 - 9 km SE of Ekinözü, Turkey"},"geometry":{"type":"Point","coordinates":[37.2784,38.0086,10]},"id":"us6000jm1z"},
{"type":"Feature","properties":{"mag":4.2,"place":"13 km W of Pazarc?k, Turkey","time":1675712150641,"updated":1681594780040,"tz":null,"url":"https://earthquake.usgs.gov/earthquakes/eventpage/us6000jm21","detail":"https://earthquake.usgs.gov/fdsnws/event/1/query?eventid=us6000jm21&format=geojson","felt":1,"cdi":4.8,"mmi":null,"alert":null,"status":"reviewed","tsunami":0,"sig":272,"net":"us","code":"6000jm21","ids":",us6000jm21,","sources":",us,","types":",dyfi,moment-tensor,origin,phase-data,","nst":69,"dmin":0.311,"rms":0.69,"gap":49,"magType":"mwr","type":"earthquake","title":"M 4.2 - 13 km W of Pazarc?k, Turkey"},"geometry":{"type":"Point","coordinates":[37.1528,37.4801,10]},"id":"us6000jm21"},
{"type":"Feature","properties":{"mag":4.4,"place":"4 km NW of Çelikhan, Turkey","time":1675712416799,"updated":1681594780040,"tz":null,"url":"https://earthquake.usgs.gov/earthquakes/eventpage/us6000jm2a","detail":"https://earthquake.usgs.gov/fdsnws/event/1/query?eventid=us6000jm2a&format=geojson","felt":null,"cdi":null,"mmi":null,"alert":null,"status":"reviewed","tsunami":0,"sig":298,"net":"us","code":"6000jm2a","ids":",us6000jm2a,","sources":",us,","types":",moment-tensor,origin,phase-data,","nst":109,"dmin":0.787,"rms":0.71,"gap":39,"magType":"mwr","type":"earthquake","title":"M 4.4 - 4 km NW of Çelikhan, Turkey"},"geometry":{"type":"Point","coordinates":[38.1927,38.0516,9.27]},"id":"us6000jm2a"},
{"type":"Feature","properties":{"mag":4.2,"place":"15 km ENE of G?ksun, Turkey","time":1675712980242,"updated":1705605559424,"tz":null,"url":"https://earthquake.usgs.gov/earthquakes/eventpage/us6000jm28","detail":"https://earthquake.usgs.gov/fdsnws/event/1/query?eventid=us6000jm28&format=geojson","felt":null,"cdi":null,"mmi":null,"alert":null,"status":"reviewed","tsunami":0,"sig":271,"net":"us","code":"6000jm28","ids":",us6000jm28,","sources":",us,","types":",earthquake-name,moment-tensor,origin,phase-data,","nst":56,"dmin":0.358,"rms":0.61,"gap":31,"magType":"mwr","type":"earthquake","title":"M 4.2 - 15 km ENE of G?ksun, Turkey"},"geometry":{"type":"Point","coordinates":[36.6422,38.0947,10]},"id":"us6000jm28"},
{"type":"Feature","properties":{"mag":4.8,"place":"Adana, Turkey","time":1675713935045,"updated":1681594780040,"tz":null,"url":"https://earthquake.usgs.gov/earthquakes/eventpage/us6000jm29","detail":"https://earthquake.usgs.gov/fdsnws/event/1/query?eventid=us6000jm29&format=geojson","felt":null,"cdi":null,"mmi":null,"alert":null,"status":"reviewed","tsunami":0,"sig":354,"net":"us","code":"6000jm29","ids":",us6000jm29,","sources":",us,","types":",earthquake-name,moment-tensor,origin,phase-data,","nst":91,"dmin":0.382,"rms":0.83,"gap":35,"magType":"mwr","type":"earthquake","title":"M 4.8 - Adana, Turkey"},"geometry":{"type":"Point","coordinates":[36.3096,38.0339,10]},"id":"us6000jm29"},
{"type":"Feature","properties":{"mag":4.3,"place":"Central Turkey","time":1675714309233,"updated":1681594803040,"tz":null,"url":"https://earthquake.usgs.gov/earthquakes/eventpage/us6000jnuq","detail":"https://earthquake.usgs.gov/fdsnws/event/1/query?eventid=us6000jnuq&format=geojson","felt":null,"cdi":null,"mmi":null,"alert":null,"status":"reviewed","tsunami":0,"sig":284,"net":"us","code":"6000jnuq","ids":",us6000jnuq,","sources":",us,","types":",origin,phase-data,","nst":45,"dmin":0.702,"rms":0.9,"gap":90,"magType":"mb","type":"earthquake","title":"M 4.3 - Central Turkey"},"geometry":{"type":"Point","coordinates":[37.6383,37.8934,14.754]},"id":"us6000jnuq"},
{"type":"Feature","properties":{"mag":4.3,"place":"6 km SSW of Göksun, Turkey","time":1675714451184,"updated":1681594780040,"tz":null,"url":"https://earthquake.usgs.gov/earthquakes/eventpage/us6000jm2k","detail":"https://earthquake.usgs.gov/fdsnws/event/1/query?eventid=us6000jm2k&format=geojson","felt":null,"cdi":null,"mmi":null,"alert":null,"status":"reviewed","tsunami":0,"sig":284,"net":"us","code":"6000jm2k","ids":",us6000jm2k,","sources":",us,","types":",origin,phase-data,","nst":55,"dmin":0.399,"rms":0.73,"gap":46,"magType":"mb","type":"earthquake","title":"M 4.3 - 6 km SSW of Göksun, Turkey"},"geometry":{"type":"Point","coordinates":[36.479,37.9649,6.59]},"id":"us6000jm2k"},
{"type":"Feature","properties":{"mag":4.8,"place":"38 km NE of Hualien City, Taiwan","time":1675714815847,"updated":1681594780040,"tz":null,"url":"https://earthquake.usgs.gov/earthquakes/eventpage/us6000jm2l","detail":"https://earthquake.usgs.gov/fdsnws/event/1/query?eventid=us6000jm2l&format=geojson","felt":4,"cdi":3.1,"mmi":null,"alert":null,"status":"reviewed","tsunami":0,"sig":356,"net":"us","code":"6000jm2l","ids":",us6000jm2l,","sources":",us,","types":",dyfi,origin,phase-data,","nst":78,"dmin":0.244,"rms":0.83,"gap":98,"magType":"mb","type":"earthquake","title":"M 4.8 - 38 km NE of Hualien City, Taiwan"},"geometry":{"type":"Point","coordinates":[121.8534,24.2348,20.266]},"id":"us6000jm2l"},
{"type":"Feature","properties":{"mag":4.1,"place":"8 km NE of Sincik, Turkey","time":1675714992615,"updated":1681594804040,"tz":null,"url":"https://earthquake.usgs.gov/earthquakes/eventpage/us6000jnur","detail":"https://earthquake.usgs.gov/fdsnws/event/1/query?eventid=us6000jnur&format=geojson","felt":1,"cdi":0,"mmi":null,"alert":null,"status":"reviewed","tsunami":0,"sig":259,"net":"us","code":"6000jnur","ids":",us6000jnur,","sources":",us,","types":",dyfi,moment-tensor,origin,phase-data,","nst":36,"dmin":0.656,"rms":0.73,"gap":62,"magType":"mwr","type":"earthquake","title":"M 4.1 - 8 km NE of Sincik, Turkey"},"geometry":{"type":"Point","coordinates":[38.6825,38.0887,10]},"id":"us6000jnur"},
{"type":"Feature","properties":{"mag":5.3,"place":"32 km SW of Pazarc?k, Turkey","time":1675715871879,"updated":1681594780040,"tz":null,"url":"https://earthquake.usgs.gov/earthquakes/eventpage/us6000jm2r","detail":"https://earthquake.usgs.gov/fdsnws/event/1/query?eventid=us6000jm2r&format=geojson","felt":2,"cdi":3.4,"mmi":null,"alert":null,"status":"reviewed","tsunami":0,"sig":433,"net":"us","code":"6000jm2r","ids":",us6000jm2r,","sources":",us,","types":",dyfi,moment-tensor,origin,phase-data,","nst":137,"dmin":0.126,"rms":0.76,"gap":34,"magType":"mww","type":"earthquake","title":"M 5.3 - 32 km SW of Pazarc?k, Turkey"},"geometry":{"type":"Point","coordinates":[37.0859,37.2507,10]},"id":"us6000jm2r"},
{"type":"Feature","properties":{"mag":4.9,"place":"8 km SSE of Ak?ada?, Turkey","time":1675716006434,"updated":1705605560916,"tz":null,"url":"https://earthquake.usgs.gov/earthquakes/eventpage/us6000jnut","detail":"https://earthquake.usgs.gov/fdsnws/event/1/query?eventid=us6000jnut&format=geojson","felt":null,"cdi":null,"mmi":null,"alert":null,"status":"reviewed","tsunami":0,"sig":369,"net":"us","code":"6000jnut","ids":",us6000jnut,","sources":",us,","types":",earthquake-name,origin,phase-data,","nst":44,"dmin":1.052,"rms":0.76,"gap":68,"magType":"mb","type":"earthquake","title":"M 4.9 - 8 km SSE of Ak?ada?, Turkey"},"geometry":{"type":"Point","coordinates":[37.9916,38.2636,10]},"id":"us6000jnut"},
{"type":"Feature","properties":{"mag":4.8,"place":"Central Turkey","time":1675716240230,"updated":1681594780040,"tz":null,"url":"https://earthquake.usgs.gov/earthquakes/eventpage/us6000jm2t","detail":"https://earthquake.usgs.gov/fdsnws/event/1/query?eventid=us6000jm2t&format=geojson","felt":null,"cdi":null,"mmi":null,"alert":null,"status":"reviewed","tsunami":0,"sig":354,"net":"us","code":"6000jm2t","ids":",us6000jm2t,","sources":",us,","types":",moment-tensor,origin,phase-data,","nst":93,"dmin":0.419,"rms":0.67,"gap":30,"magType":"mwr","type":"earthquake","title":"M 4.8 - Central Turkey"},"geometry":{"type":"Point","coordinates":[36.5773,38.0063,10]},"id":"us6000jm2t"},
{"type":"Feature","properties":{"mag":4.3,"place":"2 km SE of Dursunlu, Turkey","time":1675716342200,"updated":1681594805040,"tz":null,"url":"https://earthquake.usgs.gov/earthquakes/eventpage/us6000jnw4","detail":"https://earthquake.usgs.gov/fdsnws/event/1/query?eventid=us6000jnw4&format=geojson","felt":null,"cdi":null,"mmi":null,"alert":null,"status":"reviewed","tsunami":0,"sig":284,"net":"us","code":"6000jnw4","ids":",us6000jnw4,","sources":",us,","types":",origin,phase-data,","nst":28,"dmin":1.312,"rms":0.55,"gap":99,"magType":"mb","type":"earthquake","title":"M 4.3 - 2 km SE of Dursunlu, Turkey"},"geometry":{"type":"Point","coordinates":[36.1819,36.1512,10]},"id":"us6000jnw4"},
{"type":"Feature","properties":{"mag":4.8,"place":"9 km S of Ye?ilyurt, Turkey","time":1675716804379,"updated":1681594780040,"tz":null,"url":"https://earthquake.usgs.gov/earthquakes/eventpage/us6000jm2v","detail":"https://earthquake.usgs.gov/fdsnws/event/1/query?eventid=us6000jm2v&format=geojson","felt":null,"cdi":null,"mmi":null,"alert":null,"status":"reviewed","tsunami":0,"sig":354,"net":"us","code":"6000jm2v","ids":",us6000jm2v,","sources":",us,","types":",moment-tensor,origin,phase-data,","nst":115,"dmin":0.891,"rms":0.9,"gap":32,"magType":"mwr","type":"earthquake","title":"M 4.8 - 9 km S of Ye?ilyurt, Turkey"},"geometry":{"type":"Point","coordinates":[38.2511,38.2106,10]},"id":"us6000jm2v"},
{"type":"Feature","properties":{"mag":4.4,"place":"Central Turkey","time":1675716841125,"updated":1681594805040,"tz":null,"url":"https://earthquake.usgs.gov/earthquakes/eventpage/us6000jnvx","detail":"https://earthquake.usgs.gov/fdsnws/event/1/query?eventid=us6000jnvx&format=geojson","felt":null,"cdi":null,"mmi":null,"alert":null,"status":"reviewed","tsunami":0,"sig":298,"net":"us","code":"6000jnvx","ids":",us6000jnvx,","sources":",us,","types":",origin,phase-data,","nst":28,"dmin":0.359,"rms":1.12,"gap":62,"magType":"mb","type":"earthquake","title":"M 4.4 - Central Turkey"},"geometry":{"type":"Point","coordinates":[36.4655,37.9263,10]},"id":"us6000jnvx"},
{"type":"Feature","properties":{"mag":4.5,"place":"6 km SSW of Hassa, Turkey","time":1675717326978,"updated":1681594780040,"tz":null,"url":"https://earthquake.usgs.gov/earthquakes/eventpage/us6000jm2x","detail":"https://earthquake.usgs.gov/fdsnws/event/1/query?eventid=us6000jm2x&format=geojson","felt":null,"cdi":null,"mmi":null,"alert":null,"status":"reviewed","tsunami":0,"sig":312,"net":"us","code":"6000jm2x","ids":",us6000jm2x,","sources":",us,","types":",origin,phase-data,","nst":80,"dmin":0.717,"rms":0.78,"gap":68,"magType":"mb","type":"earthquake","title":"M 4.5 - 6 km SSW of Hassa, Turkey"},"geometry":{"type":"Point","coordinates":[36.4904,36.7444,19.625]},"id":"us6000jm2x"},
{"type":"Feature","properties":{"mag":4.9,"place":"13 km W of Ekinözü, Turkey","time":1675718118245,"updated":1681594780040,"tz":null,"url":"https://earthquake.usgs.gov/earthquakes/eventpage/us6000jm30","detail":"https://earthquake.usgs.gov/fdsnws/event/1/query?eventid=us6000jm30&format=geojson","felt":null,"cdi":null,"mmi":null,"alert":null,"status":"reviewed","tsunami":0,"sig":369,"net":"us","code":"6000jm30","ids":",us6000jm30,","sources":",us,","types":",moment-tensor,origin,phase-data,","nst":135,"dmin":0.589,"rms":0.66,"gap":47,"magType":"mwr","type":"earthquake","title":"M 4.9 - 13 km W of Ekinözü, Turkey"},"geometry":{"type":"Point","coordinates":[37.034,38.072,10.235]},"id":"us6000jm30"},
{"type":"Feature","properties":{"mag":4.6,"place":"93 km W of San Antonio de los Cobres, Argentina","time":1675719242739,"updated":1681594780040,"tz":null,"url":"https://earthquake.usgs.gov/earthquakes/eventpage/us6000jm33","detail":"https://earthquake.usgs.gov/fdsnws/event/1/query?eventid=us6000jm33&format=geojson","felt":null,"cdi":null,"mmi":null,"alert":null,"status":"reviewed","tsunami":0,"sig":326,"net":"us","code":"6000jm33","ids":",us6000jm33,","sources":",us,","types":",origin,phase-data,","nst":31,"dmin":1.611,"rms":0.96,"gap":66,"magType":"mb","type":"earthquake","title":"M 4.6 - 93 km W of San Antonio de los Cobres, Argentina"},"geometry":{"type":"Point","coordinates":[-67.2323,-24.3158,176.027]},"id":"us6000jm33"},
{"type":"Feature","properties":{"mag":4.7,"place":"8 km E of Göksun, Turkey","time":1675720663529,"updated":1681594780040,"tz":null,"url":"https://earthquake.usgs.gov/earthquakes/eventpage/us6000jm3c","detail":"https://earthquake.usgs.gov/fdsnws/event/1/query?eventid=us6000jm3c&format=geojson","felt":1,"cdi":2.2,"mmi":null,"alert":null,"status":"reviewed","tsunami":0,"sig":340,"net":"us","code":"6000jm3c","ids":",us6000jm3c,","sources":",us,","types":",dyfi,moment-tensor,origin,phase-data,","nst":166,"dmin":0.398,"rms":0.58,"gap":27,"magType":"mwr","type":"earthquake","title":"M 4.7 - 8 km E of Göksun, Turkey"},"geometry":{"type":"Point","coordinates":[36.5882,38.032,9.855]},"id":"us6000jm3c"},
{"type":"Feature","properties":{"mag":4.1,"place":"18 km S of Af?in, Turkey","time":1675721391889,"updated":1681594804040,"tz":null,"url":"https://earthquake.usgs.gov/earthquakes/eventpage/us6000jnuw","detail":"https://earthquake.usgs.gov/fdsnws/event/1/query?eventid=us6000jnuw&format=geojson","felt":null,"cdi":null,"mmi":null,"alert":null,"status":"reviewed","tsunami":0,"sig":259,"net":"us","code":"6000jnuw","ids":",us6000jnuw,","sources":",us,","types":",origin,phase-data,","nst":33,"dmin":0.499,"rms":0.67,"gap":67,"magType":"mb","type":"earthquake","title":"M 4.1 - 18 km S of Af?in, Turkey"},"geometry":{"type":"Point","coordinates":[36.8993,38.0814,10.236]},"id":"us6000jnuw"},
{"type":"Feature","properties":{"mag":4.4,"place":"eastern Turkey","time":1675721496032,"updated":1681594781040,"tz":null,"url":"https://earthquake.usgs.gov/earthquakes/eventpage/us6000jm3f","detail":"https://earthquake.usgs.gov/fdsnws/event/1/query?eventid=us6000jm3f&format=geojson","felt":1,"cdi":2,"mmi":null,"alert":null,"status":"reviewed","tsunami":0,"sig":298,"net":"us","code":"6000jm3f","ids":",us6000jm3f,","sources":",us,","types":",dyfi,moment-tensor,origin,phase-data,","nst":74,"dmin":0.906,"rms":0.81,"gap":71,"magType":"mwr","type":"earthquake","title":"M 4.4 - eastern Turkey"},"geometry":{"type":"Point","coordinates":[38.1778,38.1918,8.296]},"id":"us6000jm3f"},
{"type":"Feature","properties":{"mag":5,"place":"central East Pacific Rise","time":1675722048859,"updated":1681594781040,"tz":null,"url":"https://earthquake.usgs.gov/earthquakes/eventpage/us6000jm3s","detail":"https://earthquake.usgs.gov/fdsnws/event/1/query?eventid=us6000jm3s&format=geojson","felt":2,"cdi":1,"mmi":null,"alert":null,"status":"reviewed","tsunami":0,"sig":385,"net":"us","code":"6000jm3s","ids":",us6000jm3s,","sources":",us,","types":",dyfi,origin,phase-data,","nst":74,"dmin":28.343,"rms":0.53,"gap":112,"magType":"mb","type":"earthquake","title":"M 5.0 - central East Pacific Rise"},"geometry":{"type":"Point","coordinates":[-109.3659,-8.8627,10]},"id":"us6000jm3s"},
{"type":"Feature","properties":{"mag":4.2,"place":"3 km ESE of Nurhak, Turkey","time":1675722377724,"updated":1681594781040,"tz":null,"url":"https://earthquake.usgs.gov/earthquakes/eventpage/us6000jm3l","detail":"https://earthquake.usgs.gov/fdsnws/event/1/query?eventid=us6000jm3l&format=geojson","felt":null,"cdi":null,"mmi":null,"alert":null,"status":"reviewed","tsunami":0,"sig":271,"net":"us","code":"6000jm3l","ids":",us6000jm3l,","sources":",us,","types":",moment-tensor,origin,phase-data,","nst":62,"dmin":0.638,"rms":0.73,"gap":68,"magType":"mwr","type":"earthquake","title":"M 4.2 - 3 km ESE of Nurhak, Turkey"},"geometry":{"type":"Point","coordinates":[37.4756,37.9513,5.481]},"id":"us6000jm3l"},
{"type":"Feature","properties":{"mag":4.1,"place":"7 km WNW of Göksun, Turkey","time":1675722579343,"updated":1681594781040,"tz":null,"url":"https://earthquake.usgs.gov/earthquakes/eventpage/us6000jm3n","detail":"https://earthquake.usgs.gov/fdsnws/event/1/query?eventid=us6000jm3n&format=geojson","felt":2,"cdi":5,"mmi":null,"alert":null,"status":"reviewed","tsunami":0,"sig":260,"net":"us","code":"6000jm3n","ids":",us6000jm3n,","sources":",us,","types":",dyfi,moment-tensor,origin,phase-data,","nst":100,"dmin":0.359,"rms":0.51,"gap":28,"magType":"mwr","type":"earthquake","title":"M 4.1 - 7 km WNW of Göksun, Turkey"},"geometry":{"type":"Point","coordinates":[36.4145,38.0473,6.86]},"id":"us6000jm3n"},
{"type":"Feature","properties":{"mag":4.2,"place":"7 km NE of Göksun, Turkey","time":1675723494848,"updated":1681594804040,"tz":null,"url":"https://earthquake.usgs.gov/earthquakes/eventpage/us6000jnv1","detail":"https://earthquake.usgs.gov/fdsnws/event/1/query?eventid=us6000jnv1&format=geojson","felt":null,"cdi":null,"mmi":null,"alert":null,"status":"reviewed","tsunami":0,"sig":271,"net":"us","code":"6000jnv1","ids":",us6000jnv1,","sources":",us,","types":",origin,phase-data,","nst":26,"dmin":0.364,"rms":0.42,"gap":75,"magType":"mb","type":"earthquake","title":"M 4.2 - 7 km NE of Göksun, Turkey"},"geometry":{"type":"Point","coordinates":[36.5637,38.0613,13.174]},"id":"us6000jnv1"},
{"type":"Feature","properties":{"mag":4.7,"place":"central East Pacific Rise","time":1675723633544,"updated":1681594804040,"tz":null,"url":"https://earthquake.usgs.gov/earthquakes/eventpage/us6000jnv9","detail":"https://earthquake.usgs.gov/fdsnws/event/1/query?eventid=us6000jnv9&format=geojson","felt":null,"cdi":null,"mmi":null,"alert":null,"status":"reviewed","tsunami":0,"sig":340,"net":"us","code":"6000jnv9","ids":",us6000jnv9,","sources":",us,","types":",origin,phase-data,","nst":46,"dmin":31.113,"rms":0.46,"gap":112,"magType":"mb","type":"earthquake","title":"M 4.7 - central East Pacific Rise"},"geometry":{"type":"Point","coordinates":[-109.1973,-8.79,10]},"id":"us6000jnv9"},
{"type":"Feature","properties":{"mag":4,"place":"14 km SE of Göksun, Turkey","time":1675724127276,"updated":1681594804040,"tz":null,"url":"https://earthquake.usgs.gov/earthquakes/eventpage/us6000jnv2","detail":"https://earthquake.usgs.gov/fdsnws/event/1/query?eventid=us6000jnv2&format=geojson","felt":null,"cdi":null,"mmi":null,"alert":null,"status":"reviewed","tsunami":0,"sig":246,"net":"us","code":"6000jnv2","ids":",us6000jnv2,","sources":",us,","types":",origin,phase-data,","nst":33,"dmin":0.417,"rms":0.67,"gap":74,"magType":"mb","type":"earthquake","title":"M 4.0 - 14 km SE of Göksun, Turkey"},"geometry":{"type":"Point","coordinates":[36.6247,37.9341,11.221]},"id":"us6000jnv2"},
{"type":"Feature","properties":{"mag":4.2,"place":"3 km NW of Nurhak, Turkey","time":1675725210166,"updated":1681594804040,"tz":null,"url":"https://earthquake.usgs.gov/earthquakes/eventpage/us6000jnv4","detail":"https://earthquake.usgs.gov/fdsnws/event/1/query?eventid=us6000jnv4&format=geojson","felt":null,"cdi":null,"mmi":null,"alert":null,"status":"reviewed","tsunami":0,"sig":271,"net":"us","code":"6000jnv4","ids":",us6000jnv4,","sources":",us,","types":",moment-tensor,origin,phase-data,","nst":40,"dmin":0.623,"rms":0.76,"gap":68,"magType":"mwr","type":"earthquake","title":"M 4.2 - 3 km NW of Nurhak, Turkey"},"geometry":{"type":"Point","coordinates":[37.404,37.9846,10]},"id":"us6000jnv4"},
{"type":"Feature","properties":{"mag":4.5,"place":"39 km WNW of Latakia, Syria","time":1675726154993,"updated":1681594781040,"tz":null,"url":"https://earthquake.usgs.gov/earthquakes/eventpage/us6000jm3x","detail":"https://earthquake.usgs.gov/fdsnws/event/1/query?eventid=us6000jm3x&format=geojson","felt":9,"cdi":3.9,"mmi":null,"alert":null,"status":"reviewed","tsunami":0,"sig":315,"net":"us","code":"6000jm3x","ids":",us6000jm3x,","sources":",us,","types":",dyfi,moment-tensor,origin,phase-data,","nst":81,"dmin":1.779,"rms":0.56,"gap":43,"magType":"mwr","type":"earthquake","title":"M 4.5 - 39 km WNW of Latakia, Syria"},"geometry":{"type":"Point","coordinates":[35.3598,35.6037,10.855]},"id":"us6000jm3x"},
{"type":"Feature","properties":{"mag":4.6,"place":"south of the Fiji Islands","time":1675727498972,"updated":1681594804040,"tz":null,"url":"https://earthquake.usgs.gov/earthquakes/eventpage/us6000jnv7","detail":"https://earthquake.usgs.gov/fdsnws/event/1/query?eventid=us6000jnv7&format=geojson","felt":null,"cdi":null,"mmi":null,"alert":null,"status":"reviewed","tsunami":0,"sig":326,"net":"us","code":"6000jnv7","ids":",us6000jnv7,","sources":",us,","types":",origin,phase-data,","nst":47,"dmin":4.098,"rms":0.66,"gap":49,"magType":"mb","type":"earthquake","title":"M 4.6 - south of the Fiji Islands"},"geometry":{"type":"Point","coordinates":[-176.8704,-24.9869,90.233]},"id":"us6000jnv7"},
{"type":"Feature","properties":{"mag":4.2,"place":"22 km SSE of Göksun, Turkey","time":1675729216237,"updated":1681594806040,"tz":null,"url":"https://earthquake.usgs.gov/earthquakes/eventpage/us6000jp3d","detail":"https://earthquake.usgs.gov/fdsnws/event/1/query?eventid=us6000jp3d&format=geojson","felt":null,"cdi":null,"mmi":null,"alert":null,"status":"reviewed","tsunami":0,"sig":271,"net":"us","code":"6000jp3d","ids":",us6000jp3d,","sources":",us,","types":",origin,phase-data,","nst":53,"dmin":0.339,"rms":0.74,"gap":34,"magType":"mb","type":"earthquake","title":"M 4.2 - 22 km SSE of Göksun, Turkey"},"geometry":{"type":"Point","coordinates":[36.6148,37.8431,10]},"id":"us6000jp3d"},
{"type":"Feature","properties":{"mag":5.4,"place":"66 km WSW of Pelabuhanratu, Indonesia","time":1675730151557,"updated":1681594781040,"tz":null,"url":"https://earthquake.usgs.gov/earthquakes/eventpage/us6000jm4c","detail":"https://earthquake.usgs.gov/fdsnws/event/1/query?eventid=us6000jm4c&format=geojson","felt":15,"cdi":5.7,"mmi":3.656,"alert":"green","status":"reviewed","tsunami":0,"sig":457,"net":"us","code":"6000jm4c","ids":",us6000jm4c,","sources":",us,","types":",dyfi,impact-text,losspager,origin,phase-data,shakemap,","nst":161,"dmin":4.174,"rms":0.55,"gap":53,"magType":"mb","type":"earthquake","title":"M 5.4 - 66 km WSW of Pelabuhanratu, Indonesia"},"geometry":{"type":"Point","coordinates":[106.0073,-7.2442,50.524]},"id":"us6000jm4c"},
{"type":"Feature","properties":{"mag":4.4,"place":"Macquarie Island region","time":1675731935234,"updated":1681594806040,"tz":null,"url":"https://earthquake.usgs.gov/earthquakes/eventpage/us6000jp3n","detail":"https://earthquake.usgs.gov/fdsnws/event/1/query?eventid=us6000jp3n&format=geojson","felt":null,"cdi":null,"mmi":null,"alert":null,"status":"reviewed","tsunami":0,"sig":298,"net":"us","code":"6000jp3n","ids":",us6000jp3n,","sources":",us,","types":",origin,phase-data,","nst":18,"dmin":1.997,"rms":0.47,"gap":109,"magType":"mb","type":"earthquake","title":"M 4.4 - Macquarie Island region"},"geometry":{"type":"Point","coordinates":[155.7786,-55.3049,10]},"id":"us6000jp3n"},
{"type":"Feature","properties":{"mag":4.3,"place":"3 km W of Göksun, Turkey","time":1675732687375,"updated":1681594806040,"tz":null,"url":"https://earthquake.usgs.gov/earthquakes/eventpage/us6000jp3f","detail":"https://earthquake.usgs.gov/fdsnws/event/1/query?eventid=us6000jp3f&format=geojson","felt":null,"cdi":null,"mmi":null,"alert":null,"status":"reviewed","tsunami":0,"sig":284,"net":"us","code":"6000jp3f","ids":",us6000jp3f,","sources":",us,","types":",origin,phase-data,","nst":23,"dmin":0.389,"rms":0.89,"gap":66,"magType":"mb","type":"earthquake","title":"M 4.3 - 3 km W of Göksun, Turkey"},"geometry":{"type":"Point","coordinates":[36.4624,38.0195,10]},"id":"us6000jp3f"},
{"type":"Feature","properties":{"mag":4.2,"place":"21 km SW of Af?in, Turkey","time":1675733358918,"updated":1681594781040,"tz":null,"url":"https://earthquake.usgs.gov/earthquakes/eventpage/us6000jm4r","detail":"https://earthquake.usgs.gov/fdsnws/event/1/query?eventid=us6000jm4r&format=geojson","felt":null,"cdi":null,"mmi":null,"alert":null,"status":"reviewed","tsunami":0,"sig":271,"net":"us","code":"6000jm4r","ids":",us6000jm4r,","sources":",us,","types":",origin,phase-data,","nst":62,"dmin":0.42,"rms":0.78,"gap":36,"magType":"mb","type":"earthquake","title":"M 4.2 - 21 km SW of Af?in, Turkey"},"geometry":{"type":"Point","coordinates":[36.7693,38.0903,10]},"id":"us6000jm4r"},
{"type":"Feature","properties":{"mag":4.1,"place":"Kepulauan Babar, Indonesia","time":1675733442552,"updated":1681594781040,"tz":null,"url":"https://earthquake.usgs.gov/earthquakes/eventpage/us6000jm4s","detail":"https://earthquake.usgs.gov/fdsnws/event/1/query?eventid=us6000jm4s&format=geojson","felt":null,"cdi":null,"mmi":null,"alert":null,"status":"reviewed","tsunami":0,"sig":259,"net":"us","code":"6000jm4s","ids":",us6000jm4s,","sources":",us,","types":",origin,phase-data,","nst":20,"dmin":2.072,"rms":0.91,"gap":81,"magType":"mb","type":"earthquake","title":"M 4.1 - Kepulauan Babar, Indonesia"},"geometry":{"type":"Point","coordinates":[129.4173,-7.0741,99.774]},"id":"us6000jm4s"},
{"type":"Feature","properties":{"mag":4.4,"place":"5 km E of Göksun, Turkey","time":1675733520826,"updated":1681594806040,"tz":null,"url":"https://earthquake.usgs.gov/earthquakes/eventpage/us6000jp3g","detail":"https://earthquake.usgs.gov/fdsnws/event/1/query?eventid=us6000jp3g&format=geojson","felt":null,"cdi":null,"mmi":null,"alert":null,"status":"reviewed","tsunami":0,"sig":298,"net":"us","code":"6000jp3g","ids":",us6000jp3g,","sources":",us,","types":",origin,phase-data,","nst":31,"dmin":0.406,"rms":0.55,"gap":56,"magType":"mb","type":"earthquake","title":"M 4.4 - 5 km E of Göksun, Turkey"},"geometry":{"type":"Point","coordinates":[36.5543,38.0152,10]},"id":"us6000jp3g"},
{"type":"Feature","properties":{"mag":4.4,"place":"20 km SSE of Kahramanmara?, Turkey","time":1675733669191,"updated":1681594781040,"tz":null,"url":"https://earthquake.usgs.gov/earthquakes/eventpage/us6000jm4x","detail":"https://earthquake.usgs.gov/fdsnws/event/1/query?eventid=us6000jm4x&format=geojson","felt":1,"cdi":2,"mmi":null,"alert":null,"status":"reviewed","tsunami":0,"sig":298,"net":"us","code":"6000jm4x","ids":",us6000jm4x,","sources":",us,","types":",dyfi,origin,phase-data,","nst":46,"dmin":0.141,"rms":0.76,"gap":111,"magType":"mb","type":"earthquake","title":"M 4.4 - 20 km SSE of Kahramanmara?, Turkey"},"geometry":{"type":"Point","coordinates":[37.0521,37.4326,10]},"id":"us6000jm4x"},
{"type":"Feature","properties":{"mag":4.3,"place":"143 km ESE of Kimbe, Papua New Guinea","time":1675735280676,"updated":1681594806040,"tz":null,"url":"https://earthquake.usgs.gov/earthquakes/eventpage/us6000jp3h","detail":"https://earthquake.usgs.gov/fdsnws/event/1/query?eventid=us6000jp3h&format=geojson","felt":null,"cdi":null,"mmi":null,"alert":null,"status":"reviewed","tsunami":0,"sig":284,"net":"us","code":"6000jp3h","ids":",us6000jp3h,","sources":",us,","types":",origin,phase-data,","nst":14,"dmin":1.803,"rms":0.27,"gap":154,"magType":"mb","type":"earthquake","title":"M 4.3 - 143 km ESE of Kimbe, Papua New Guinea"},"geometry":{"type":"Point","coordinates":[151.3977,-5.836,10]},"id":"us6000jp3h"},
{"type":"Feature","properties":{"mag":4.3,"place":"Fiji region","time":1675735955034,"updated":1681594781040,"tz":null,"url":"https://earthquake.usgs.gov/earthquakes/eventpage/us6000jm50","detail":"https://earthquake.usgs.gov/fdsnws/event/1/query?eventid=us6000jm50&format=geojson","felt":null,"cdi":null,"mmi":null,"alert":null,"status":"reviewed","tsunami":0,"sig":284,"net":"us","code":"6000jm50","ids":",us6000jm50,","sources":",us,","types":",origin,phase-data,","nst":28,"dmin":3.571,"rms":0.57,"gap":42,"magType":"mb","type":"earthquake","title":"M 4.3 - Fiji region"},"geometry":{"type":"Point","coordinates":[-178.2173,-18.1205,601.967]},"id":"us6000jm50"},
{"type":"Feature","properties":{"mag":4.1,"place":"9 km NE of Nurhak, Turkey","time":1675736900753,"updated":1681594807040,"tz":null,"url":"https://earthquake.usgs.gov/earthquakes/eventpage/us6000jp53","detail":"https://earthquake.usgs.gov/fdsnws/event/1/query?eventid=us6000jp53&format=geojson","felt":null,"cdi":null,"mmi":null,"alert":null,"status":"reviewed","tsunami":0,"sig":259,"net":"us","code":"6000jp53","ids":",us6000jp53,","sources":",us,","types":",origin,phase-data,","nst":30,"dmin":0.71,"rms":0.8,"gap":118,"magType":"mb","type":"earthquake","title":"M 4.1 - 9 km NE of Nurhak, Turkey"},"geometry":{"type":"Point","coordinates":[37.5093,38.0265,10]},"id":"us6000jp53"},
{"type":"Feature","properties":{"mag":5,"place":"61 km NNE of Yigo Village, Guam","time":1675736974087,"updated":1737565694599,"tz":null,"url":"https://earthquake.usgs.gov/earthquakes/eventpage/us6000jm51","detail":"https://earthquake.usgs.gov/fdsnws/event/1/query?eventid=us6000jm51&format=geojson","felt":19,"cdi":3.2,"mmi":null,"alert":null,"status":"reviewed","tsunami":0,"sig":391,"net":"us","code":"6000jm51","ids":",us6000jm51,","sources":",us,","types":",dyfi,origin,phase-data,","nst":75,"dmin":0.512,"rms":0.67,"gap":64,"magType":"mb","type":"earthquake","title":"M 5.0 - 61 km NNE of Yigo Village, Guam"},"geometry":{"type":"Point","coordinates":[145.0781,14.0618,110.678]},"id":"us6000jm51"},
{"type":"Feature","properties":{"mag":4.2,"place":"45 km NE of Bandar-e Lengeh, Iran","time":1675737056621,"updated":1681594781040,"tz":null,"url":"https://earthquake.usgs.gov/earthquakes/eventpage/us6000jm52","detail":"https://earthquake.usgs.gov/fdsnws/event/1/query?eventid=us6000jm52&format=geojson","felt":2,"cdi":2.5,"mmi":null,"alert":null,"status":"reviewed","tsunami":0,"sig":272,"net":"us","code":"6000jm52","ids":",us6000jm52,","sources":",us,","types":",dyfi,origin,phase-data,","nst":27,"dmin":2.075,"rms":0.83,"gap":97,"magType":"mb","type":"earthquake","title":"M 4.2 - 45 km NE of Bandar-e Lengeh, Iran"},"geometry":{"type":"Point","coordinates":[55.2235,26.8303,10]},"id":"us6000jm52"},
{"type":"Feature","properties":{"mag":4.2,"place":"6 km N of Darende, Turkey","time":1675737543939,"updated":1681594782040,"tz":null,"url":"https://earthquake.usgs.gov/earthquakes/eventpage/us6000jm53","detail":"https://earthquake.usgs.gov/fdsnws/event/1/query?eventid=us6000jm53&format=geojson","felt":null,"cdi":null,"mmi":null,"alert":null,"status":"reviewed","tsunami":0,"sig":271,"net":"us","code":"6000jm53","ids":",us6000jm53,","sources":",us,","types":",origin,phase-data,","nst":36,"dmin":1.328,"rms":0.64,"gap":64,"magType":"mb","type":"earthquake","title":"M 4.2 - 6 km N of Darende, Turkey"},"geometry":{"type":"Point","coordinates":[37.5154,38.6041,15.268]},"id":"us6000jm53"},
{"type":"Feature","properties":{"mag":4.4,"place":"15 km S of Af?in, Turkey","time":1675737807973,"updated":1681594782040,"tz":null,"url":"https://earthquake.usgs.gov/earthquakes/eventpage/us6000jm54","detail":"https://earthquake.usgs.gov/fdsnws/event/1/query?eventid=us6000jm54&format=geojson","felt":null,"cdi":null,"mmi":null,"alert":null,"status":"reviewed","tsunami":0,"sig":298,"net":"us","code":"6000jm54","ids":",us6000jm54,","sources":",us,","types":",origin,phase-data,","nst":41,"dmin":0.961,"rms":0.75,"gap":45,"magType":"mb","type":"earthquake","title":"M 4.4 - 15 km S of Af?in, Turkey"},"geometry":{"type":"Point","coordinates":[36.9078,38.1044,10]},"id":"us6000jm54"},
{"type":"Feature","properties":{"mag":4.1,"place":"97 km ESE of Sarkand, Kazakhstan","time":1675737980923,"updated":1681594782040,"tz":null,"url":"https://earthquake.usgs.gov/earthquakes/eventpage/us6000jm56","detail":"https://earthquake.usgs.gov/fdsnws/event/1/query?eventid=us6000jm56&format=geojson","felt":null,"cdi":null,"mmi":null,"alert":null,"status":"reviewed","tsunami":0,"sig":259,"net":"us","code":"6000jm56","ids":",us6000jm56,","sources":",us,","types":",origin,phase-data,","nst":23,"dmin":1.926,"rms":0.36,"gap":91,"magType":"mb","type":"earthquake","title":"M 4.1 - 97 km ESE of Sarkand, Kazakhstan"},"geometry":{"type":"Point","coordinates":[81.0171,45.0031,47.478]},"id":"us6000jm56"},
{"type":"Feature","properties":{"mag":4.7,"place":"10 km NW of Yaylada??, Turkey","time":1675738057074,"updated":1681594782040,"tz":null,"url":"https://earthquake.usgs.gov/earthquakes/eventpage/us6000jm55","detail":"https://earthquake.usgs.gov/fdsnws/event/1/query?eventid=us6000jm55&format=geojson","felt":2,"cdi":2.7,"mmi":null,"alert":null,"status":"reviewed","tsunami":0,"sig":340,"net":"us","code":"6000jm55","ids":",us6000jm55,","sources":",us,","types":",dyfi,moment-tensor,origin,phase-data,","nst":109,"dmin":1.555,"rms":0.88,"gap":47,"magType":"mwr","type":"earthquake","title":"M 4.7 - 10 km NW of Yaylada??, Turkey"},"geometry":{"type":"Point","coordinates":[35.9849,35.9675,10]},"id":"us6000jm55"},
{"type":"Feature","properties":{"mag":4.4,"place":"6 km ENE of Göksun, Turkey","time":1675738409007,"updated":1681594782040,"tz":null,"url":"https://earthquake.usgs.gov/earthquakes/eventpage/us6000jm57","detail":"https://earthquake.usgs.gov/fdsnws/event/1/query?eventid=us6000jm57&format=geojson","felt":null,"cdi":null,"mmi":null,"alert":null,"status":"reviewed","tsunami":0,"sig":298,"net":"us","code":"6000jm57","ids":",us6000jm57,","sources":",us,","types":",origin,phase-data,","nst":63,"dmin":0.388,"rms":0.38,"gap":48,"magType":"mb","type":"earthquake","title":"M 4.4 - 6 km ENE of Göksun, Turkey"},"geometry":{"type":"Point","coordinates":[36.5733,38.0387,10]},"id":"us6000jm57"},
{"type":"Feature","properties":{"mag":4.6,"place":"northern Colombia","time":1675738577992,"updated":1681594782040,"tz":null,"url":"https://earthquake.usgs.gov/earthquakes/eventpage/us6000jm59","detail":"https://earthquake.usgs.gov/fdsnws/event/1/query?eventid=us6000jm59&format=geojson","felt":1,"cdi":2.2,"mmi":null,"alert":null,"status":"reviewed","tsunami":0,"sig":326,"net":"us","code":"6000jm59","ids":",us6000jm59,","sources":",us,","types":",dyfi,origin,phase-data,","nst":128,"dmin":0.912,"rms":0.57,"gap":35,"magType":"mb","type":"earthquake","title":"M 4.6 - northern Colombia"},"geometry":{"type":"Point","coordinates":[-73.0222,6.8089,159.15]},"id":"us6000jm59"},
{"type":"Feature","properties":{"mag":4.3,"place":"23 km SW of Pazarc?k, Turkey","time":1675738974008,"updated":1681594782040,"tz":null,"url":"https://earthquake.usgs.gov/earthquakes/eventpage/us6000jm5a","detail":"https://earthquake.usgs.gov/fdsnws/event/1/query?eventid=us6000jm5a&format=geojson","felt":null,"cdi":null,"mmi":null,"alert":null,"status":"reviewed","tsunami":0,"sig":284,"net":"us","code":"6000jm5a","ids":",us6000jm5a,","sources":",us,","types":",origin,phase-data,","nst":24,"dmin":0.18,"rms":0.65,"gap":76,"magType":"mb","type":"earthquake","title":"M 4.3 - 23 km SW of Pazarc?k, Turkey"},"geometry":{"type":"Point","coordinates":[37.1197,37.3373,10]},"id":"us6000jm5a"},
{"type":"Feature","properties":{"mag":4.8,"place":"14 km N of Gölba??, Turkey","time":1675739337248,"updated":1681854364040,"tz":null,"url":"https://earthquake.usgs.gov/earthquakes/eventpage/us6000jm5c","detail":"https://earthquake.usgs.gov/fdsnws/event/1/query?eventid=us6000jm5c&format=geojson","felt":1,"cdi":2.7,"mmi":null,"alert":null,"status":"reviewed","tsunami":0,"sig":355,"net":"us","code":"6000jm5c","ids":",us6000jm5c,","sources":",us,","types":",dyfi,moment-tensor,origin,phase-data,","nst":102,"dmin":0.717,"rms":0.73,"gap":55,"magType":"mwr","type":"earthquake","title":"M 4.8 - 14 km N of Gölba??, Turkey"},"geometry":{"type":"Point","coordinates":[37.6406,37.917,10]},"id":"us6000jm5c"},
{"type":"Feature","properties":{"mag":5.5,"place":"8 km ESE of Gölba??, Turkey","time":1675739592754,"updated":1681594782040,"tz":null,"url":"https://earthquake.usgs.gov/earthquakes/eventpage/us6000jm5e","detail":"https://earthquake.usgs.gov/fdsnws/event/1/query?eventid=us6000jm5e&format=geojson","felt":3,"cdi":7.4,"mmi":6.581,"alert":"green","status":"reviewed","tsunami":0,"sig":468,"net":"us","code":"6000jm5e","ids":",us6000jm5e,usauto6000jm5e,","sources":",us,usauto,","types":",dyfi,internal-moment-tensor,losspager,moment-tensor,origin,phase-data,shakemap,","nst":136,"dmin":0.722,"rms":0.58,"gap":45,"magType":"mww","type":"earthquake","title":"M 5.5 - 8 km ESE of Gölba??, Turkey"},"geometry":{"type":"Point","coordinates":[37.7309,37.7639,10]},"id":"us6000jm5e"},
{"type":"Feature","properties":{"mag":4.6,"place":"15 km NNE of Pazarc?k, Turkey","time":1675739776365,"updated":1681594806040,"tz":null,"url":"https://earthquake.usgs.gov/earthquakes/eventpage/us6000jp3y","detail":"https://earthquake.usgs.gov/fdsnws/event/1/query?eventid=us6000jp3y&format=geojson","felt":null,"cdi":null,"mmi":null,"alert":null,"status":"reviewed","tsunami":0,"sig":326,"net":"us","code":"6000jp3y","ids":",us6000jp3y,","sources":",us,","types":",origin,phase-data,","nst":42,"dmin":0.392,"rms":0.56,"gap":99,"magType":"mb","type":"earthquake","title":"M 4.6 - 15 km NNE of Pazarc?k, Turkey"},"geometry":{"type":"Point","coordinates":[37.3755,37.6089,10]},"id":"us6000jp3y"},
{"type":"Feature","properties":{"mag":4.6,"place":"north of Ascension Island","time":1675740436236,"updated":1681594806040,"tz":null,"url":"https://earthquake.usgs.gov/earthquakes/eventpage/us6000jp3i","detail":"https://earthquake.usgs.gov/fdsnws/event/1/query?eventid=us6000jp3i&format=geojson","felt":null,"cdi":null,"mmi":null,"alert":null,"status":"reviewed","tsunami":0,"sig":326,"net":"us","code":"6000jp3i","ids":",us6000jp3i,","sources":",us,","types":",origin,phase-data,","nst":17,"dmin":13.755,"rms":0.34,"gap":107,"magType":"mb","type":"earthquake","title":"M 4.6 - north of Ascension Island"},"geometry":{"type":"Point","coordinates":[-16.7707,-0.2936,10]},"id":"us6000jp3i"},
{"type":"Feature","properties":{"mag":4.3,"place":"3 km S of Gölba??, Turkey","time":1675740601492,"updated":1681594806040,"tz":null,"url":"https://earthquake.usgs.gov/earthquakes/eventpage/us6000jp3x","detail":"https://earthquake.usgs.gov/fdsnws/event/1/query?eventid=us6000jp3x&format=geojson","felt":null,"cdi":null,"mmi":null,"alert":null,"status":"reviewed","tsunami":0,"sig":284,"net":"us","code":"6000jp3x","ids":",us6000jp3x,","sources":",us,","types":",origin,phase-data,","nst":54,"dmin":0.63,"rms":1.04,"gap":78,"magType":"mb","type":"earthquake","title":"M 4.3 - 3 km S of Gölba??, Turkey"},"geometry":{"type":"Point","coordinates":[37.6323,37.748,10]},"id":"us6000jp3x"},
{"type":"Feature","properties":{"mag":4.3,"place":"2 km SSE of Büyük Dalyan, Turkey","time":1675741020334,"updated":1681594782040,"tz":null,"url":"https://earthquake.usgs.gov/earthquakes/eventpage/us6000jm5j","detail":"https://earthquake.usgs.gov/fdsnws/event/1/query?eventid=us6000jm5j&format=geojson","felt":null,"cdi":null,"mmi":null,"alert":null,"status":"reviewed","tsunami":0,"sig":284,"net":"us","code":"6000jm5j","ids":",us6000jm5j,","sources":",us,","types":",origin,phase-data,","nst":49,"dmin":1.205,"rms":0.64,"gap":81,"magType":"mb","type":"earthquake","title":"M 4.3 - 2 km SSE of Büyük Dalyan, Turkey"},"geometry":{"type":"Point","coordinates":[36.2151,36.2678,10]},"id":"us6000jm5j"},
{"type":"Feature","properties":{"mag":4.3,"place":"116 km NE of Lospalos, Timor Leste","time":1675741216955,"updated":1681594782040,"tz":null,"url":"https://earthquake.usgs.gov/earthquakes/eventpage/us6000jm5m","detail":"https://earthquake.usgs.gov/fdsnws/event/1/query?eventid=us6000jm5m&format=geojson","felt":null,"cdi":null,"mmi":null,"alert":null,"status":"reviewed","tsunami":0,"sig":284,"net":"us","code":"6000jm5m","ids":",us6000jm5m,","sources":",us,","types":",origin,phase-data,","nst":26,"dmin":3.864,"rms":0.72,"gap":94,"magType":"mb","type":"earthquake","title":"M 4.3 - 116 km NE of Lospalos, Timor Leste"},"geometry":{"type":"Point","coordinates":[127.6222,-7.6701,164.647]},"id":"us6000jm5m"},
{"type":"Feature","properties":{"mag":4.2,"place":"6 km WNW of Pazarc?k, Turkey","time":1675742336236,"updated":1681594806040,"tz":null,"url":"https://earthquake.usgs.gov/earthquakes/eventpage/us6000jp3k","detail":"https://earthquake.usgs.gov/fdsnws/event/1/query?eventid=us6000jp3k&format=geojson","felt":null,"cdi":null,"mmi":null,"alert":null,"status":"reviewed","tsunami":0,"sig":271,"net":"us","code":"6000jp3k","ids":",us6000jp3k,","sources":",us,","types":",moment-tensor,origin,phase-data,","nst":37,"dmin":0.26,"rms":0.77,"gap":89,"magType":"mwr","type":"earthquake","title":"M 4.2 - 6 km WNW of Pazarc?k, Turkey"},"geometry":{"type":"Point","coordinates":[37.227,37.507,10]},"id":"us6000jp3k"},
{"type":"Feature","properties":{"mag":4.1,"place":"Kahramanmaras Earthquake Sequence","time":1675742877801,"updated":1681594806040,"tz":null,"url":"https://earthquake.usgs.gov/earthquakes/eventpage/us6000jp3l","detail":"https://earthquake.usgs.gov/fdsnws/event/1/query?eventid=us6000jp3l&format=geojson","felt":null,"cdi":null,"mmi":null,"alert":null,"status":"reviewed","tsunami":0,"sig":259,"net":"us","code":"6000jp3l","ids":",us6000jp3l,","sources":",us,","types":",earthquake-name,origin,phase-data,","nst":24,"dmin":0.466,"rms":0.62,"gap":87,"magType":"mb","type":"earthquake","title":"M 4.1 - Kahramanmaras Earthquake Sequence"},"geometry":{"type":"Point","coordinates":[37.4217,37.7181,10]},"id":"us6000jp3l"},
{"type":"Feature","properties":{"mag":4.4,"place":"13 km WSW of Merizo Village, Guam","time":1675744005440,"updated":1681594806040,"tz":null,"url":"https://earthquake.usgs.gov/earthquakes/eventpage/us6000jp3p","detail":"https://earthquake.usgs.gov/fdsnws/event/1/query?eventid=us6000jp3p&format=geojson","felt":null,"cdi":null,"mmi":null,"alert":null,"status":"reviewed","tsunami":0,"sig":298,"net":"us","code":"6000jp3p","ids":",us6000jp3p,","sources":",us,","types":",origin,phase-data,","nst":31,"dmin":0.479,"rms":0.63,"gap":143,"magType":"mb","type":"earthquake","title":"M 4.4 - 13 km WSW of Merizo Village, Guam"},"geometry":{"type":"Point","coordinates":[144.5526,13.2193,64.28]},"id":"us6000jp3p"},
{"type":"Feature","properties":{"mag":4.4,"place":"7 km ENE of A?a?? Karafak?l?, Turkey","time":1675744923194,"updated":1681594782040,"tz":null,"url":"https://earthquake.usgs.gov/earthquakes/eventpage/us6000jm5v","detail":"https://earthquake.usgs.gov/fdsnws/event/1/query?eventid=us6000jm5v&format=geojson","felt":null,"cdi":null,"mmi":null,"alert":null,"status":"reviewed","tsunami":0,"sig":298,"net":"us","code":"6000jm5v","ids":",us6000jm5v,","sources":",us,","types":",origin,phase-data,","nst":59,"dmin":0.586,"rms":0.77,"gap":57,"magType":"mb","type":"earthquake","title":"M 4.4 - 7 km ENE of A?a?? Karafak?l?, Turkey"},"geometry":{"type":"Point","coordinates":[36.6306,36.8131,10]},"id":"us6000jm5v"},
{"type":"Feature","properties":{"mag":4.4,"place":"Izu Islands, Japan region","time":1675745123679,"updated":1681594806040,"tz":null,"url":"https://earthquake.usgs.gov/earthquakes/eventpage/us6000jp3q","detail":"https://earthquake.usgs.gov/fdsnws/event/1/query?eventid=us6000jp3q&format=geojson","felt":null,"cdi":null,"mmi":null,"alert":null,"status":"reviewed","tsunami":0,"sig":298,"net":"us","code":"6000jp3q","ids":",us6000jp3q,","sources":",us,","types":",origin,phase-data,","nst":27,"dmin":1.896,"rms":0.83,"gap":144,"magType":"mb","type":"earthquake","title":"M 4.4 - Izu Islands, Japan region"},"geometry":{"type":"Point","coordinates":[141.9484,32.5112,10]},"id":"us6000jp3q"},
{"type":"Feature","properties":{"mag":4.3,"place":"Samoa Islands region","time":1675745558486,"updated":1681594806040,"tz":null,"url":"https://earthquake.usgs.gov/earthquakes/eventpage/us6000jp3r","detail":"https://earthquake.usgs.gov/fdsnws/event/1/query?eventid=us6000jp3r&format=geojson","felt":null,"cdi":null,"mmi":null,"alert":null,"status":"reviewed","tsunami":0,"sig":284,"net":"us","code":"6000jp3r","ids":",us6000jp3r,","sources":",us,","types":",origin,phase-data,","nst":19,"dmin":1.734,"rms":0.63,"gap":113,"magType":"mb","type":"earthquake","title":"M 4.3 - Samoa Islands region"},"geometry":{"type":"Point","coordinates":[-173.3358,-14.775,10]},"id":"us6000jp3r"},
{"type":"Feature","properties":{"mag":4.2,"place":"Eastern Xizang","time":1675746539651,"updated":1681594807040,"tz":null,"url":"https://earthquake.usgs.gov/earthquakes/eventpage/us6000jp46","detail":"https://earthquake.usgs.gov/fdsnws/event/1/query?eventid=us6000jp46&format=geojson","felt":null,"cdi":null,"mmi":null,"alert":null,"status":"reviewed","tsunami":0,"sig":271,"net":"us","code":"6000jp46","ids":",us6000jp46,","sources":",us,","types":",origin,phase-data,","nst":39,"dmin":7.026,"rms":0.35,"gap":69,"magType":"mb","type":"earthquake","title":"M 4.2 - Eastern Xizang"},"geometry":{"type":"Point","coordinates":[93.6523,31.7237,10]},"id":"us6000jp46"},
{"type":"Feature","properties":{"mag":4.4,"place":"Turkey-Syria border region","time":1675747590941,"updated":1681594782040,"tz":null,"url":"https://earthquake.usgs.gov/earthquakes/eventpage/us6000jm63","detail":"https://earthquake.usgs.gov/fdsnws/event/1/query?eventid=us6000jm63&format=geojson","felt":1,"cdi":2.2,"mmi":null,"alert":null,"status":"reviewed","tsunami":0,"sig":298,"net":"us","code":"6000jm63","ids":",us6000jm63,","sources":",us,","types":",dyfi,moment-tensor,origin,phase-data,","nst":66,"dmin":1.23,"rms":0.46,"gap":124,"magType":"mwr","type":"earthquake","title":"M 4.4 - Turkey-Syria border region"},"geometry":{"type":"Point","coordinates":[36.3488,36.1531,13.661]},"id":"us6000jm63"},
{"type":"Feature","properties":{"mag":4.7,"place":"78 km NNE of Saipan, Northern Mariana Islands","time":1675749592508,"updated":1681594782040,"tz":null,"url":"https://earthquake.usgs.gov/earthquakes/eventpage/us6000jm66","detail":"https://earthquake.usgs.gov/fdsnws/event/1/query?eventid=us6000jm66&format=geojson","felt":12,"cdi":3.1,"mmi":null,"alert":null,"status":"reviewed","tsunami":0,"sig":344,"net":"us","code":"6000jm66","ids":",us6000jm66,","sources":",us,","types":",dyfi,origin,phase-data,","nst":52,"dmin":2.527,"rms":0.44,"gap":133,"magType":"mb","type":"earthquake","title":"M 4.7 - 78 km NNE of Saipan, Northern Mariana Islands"},"geometry":{"type":"Point","coordinates":[145.9842,15.8878,113.88]},"id":"us6000jm66"},
{"type":"Feature","properties":{"mag":4.1,"place":"9 km WNW of Çelikhan, Turkey","time":1675750523256,"updated":1681594806040,"tz":null,"url":"https://earthquake.usgs.gov/earthquakes/eventpage/us6000jp3w","detail":"https://earthquake.usgs.gov/fdsnws/event/1/query?eventid=us6000jp3w&format=geojson","felt":null,"cdi":null,"mmi":null,"alert":null,"status":"reviewed","tsunami":0,"sig":259,"net":"us","code":"6000jp3w","ids":",us6000jp3w,","sources":",us,","types":",origin,phase-data,","nst":31,"dmin":0.825,"rms":0.38,"gap":65,"magType":"mb","type":"earthquake","title":"M 4.1 - 9 km WNW of Çelikhan, Turkey"},"geometry":{"type":"Point","coordinates":[38.1413,38.0668,17.718]},"id":"us6000jp3w"},
{"type":"Feature","properties":{"mag":4.2,"place":"22 km NE of Nurda??, Turkey","time":1675751171987,"updated":1681594806040,"tz":null,"url":"https://earthquake.usgs.gov/earthquakes/eventpage/us6000jp3v","detail":"https://earthquake.usgs.gov/fdsnws/event/1/query?eventid=us6000jp3v&format=geojson","felt":null,"cdi":null,"mmi":null,"alert":null,"status":"reviewed","tsunami":0,"sig":271,"net":"us","code":"6000jp3v","ids":",us6000jp3v,","sources":",us,","types":",origin,phase-data,","nst":23,"dmin":0.17,"rms":0.4,"gap":150,"magType":"mb","type":"earthquake","title":"M 4.2 - 22 km NE of Nurda??, Turkey"},"geometry":{"type":"Point","coordinates":[36.8762,37.3357,7.505]},"id":"us6000jp3v"},
{"type":"Feature","properties":{"mag":4.5,"place":"3 km WNW of Göksun, Turkey","time":1675752053780,"updated":1681594782040,"tz":null,"url":"https://earthquake.usgs.gov/earthquakes/eventpage/us6000jm69","detail":"https://earthquake.usgs.gov/fdsnws/event/1/query?eventid=us6000jm69&format=geojson","felt":null,"cdi":null,"mmi":null,"alert":null,"status":"reviewed","tsunami":0,"sig":312,"net":"us","code":"6000jm69","ids":",us6000jm69,","sources":",us,","types":",moment-tensor,origin,phase-data,","nst":55,"dmin":0.374,"rms":0.49,"gap":44,"magType":"mwr","type":"earthquake","title":"M 4.5 - 3 km WNW of Göksun, Turkey"},"geometry":{"type":"Point","coordinates":[36.455,38.0342,6.359]},"id":"us6000jm69"},
{"type":"Feature","properties":{"mag":5.3,"place":"169 km S of Severo-Kuril’sk, Russia","time":1675752342149,"updated":1681594782040,"tz":null,"url":"https://earthquake.usgs.gov/earthquakes/eventpage/us6000jm6a","detail":"https://earthquake.usgs.gov/fdsnws/event/1/query?eventid=us6000jm6a&format=geojson","felt":null,"cdi":null,"mmi":null,"alert":null,"status":"reviewed","tsunami":0,"sig":432,"net":"us","code":"6000jm6a","ids":",usauto6000jm6a,us6000jm6a,","sources":",usauto,us,","types":",internal-moment-tensor,moment-tensor,origin,phase-data,","nst":100,"dmin":4.114,"rms":0.53,"gap":47,"magType":"mww","type":"earthquake","title":"M 5.3 - 169 km S of Severo-Kuril’sk, Russia"},"geometry":{"type":"Point","coordinates":[155.9024,49.1578,23.552]},"id":"us6000jm6a"},
{"type":"Feature","properties":{"mag":4.5,"place":"26 km SSE of Darende, Turkey","time":1675752531697,"updated":1681594782040,"tz":null,"url":"https://earthquake.usgs.gov/earthquakes/eventpage/us6000jm6b","detail":"https://earthquake.usgs.gov/fdsnws/event/1/query?eventid=us6000jm6b&format=geojson","felt":null,"cdi":null,"mmi":null,"alert":null,"status":"reviewed","tsunami":0,"sig":312,"net":"us","code":"6000jm6b","ids":",us6000jm6b,","sources":",us,","types":",moment-tensor,origin,phase-data,","nst":79,"dmin":0.919,"rms":0.64,"gap":39,"magType":"mwr","type":"earthquake","title":"M 4.5 - 26 km SSE of Darende, Turkey"},"geometry":{"type":"Point","coordinates":[37.5808,38.3144,5.787]},"id":"us6000jm6b"},
{"type":"Feature","properties":{"mag":5.4,"place":"7 km NNE of Sincik, Turkey","time":1675753875008,"updated":1681594783040,"tz":null,"url":"https://earthquake.usgs.gov/earthquakes/eventpage/us6000jm6p","detail":"https://earthquake.usgs.gov/fdsnws/event/1/query?eventid=us6000jm6p&format=geojson","felt":null,"cdi":null,"mmi":6.39,"alert":"green","status":"reviewed","tsunami":0,"sig":449,"net":"us","code":"6000jm6p","ids":",us6000jm6p,usauto6000jm6p,pt23038000,","sources":",us,usauto,pt,","types":",groundmotion-packet,internal-moment-tensor,internal-origin,losspager,moment-tensor,origin,phase-data,shakemap,","nst":135,"dmin":1.464,"rms":0.72,"gap":29,"magType":"mww","type":"earthquake","title":"M 5.4 - 7 km NNE of Sincik, Turkey"},"geometry":{"type":"Point","coordinates":[38.6398,38.0971,9.063]},"id":"us6000jm6p"},
{"type":"Feature","properties":{"mag":4.4,"place":"14 km ENE of Nurhak, Turkey","time":1675754796313,"updated":1705605568823,"tz":null,"url":"https://earthquake.usgs.gov/earthquakes/eventpage/us6000jm6v","detail":"https://earthquake.usgs.gov/fdsnws/event/1/query?eventid=us6000jm6v&format=geojson","felt":null,"cdi":null,"mmi":null,"alert":null,"status":"reviewed","tsunami":0,"sig":298,"net":"us","code":"6000jm6v","ids":",us6000jm6v,","sources":",us,","types":",earthquake-name,origin,phase-data,","nst":66,"dmin":0.753,"rms":1.05,"gap":65,"magType":"mb","type":"earthquake","title":"M 4.4 - 14 km ENE of Nurhak, Turkey"},"geometry":{"type":"Point","coordinates":[37.5813,38.0311,16.18]},"id":"us6000jm6v"},
{"type":"Feature","properties":{"mag":4.2,"place":"12 km NE of Hassa, Turkey","time":1675755906565,"updated":1681594807040,"tz":null,"url":"https://earthquake.usgs.gov/earthquakes/eventpage/us6000jp49","detail":"https://earthquake.usgs.gov/fdsnws/event/1/query?eventid=us6000jp49&format=geojson","felt":null,"cdi":null,"mmi":null,"alert":null,"status":"reviewed","tsunami":0,"sig":271,"net":"us","code":"6000jp49","ids":",us6000jp49,","sources":",us,","types":",origin,phase-data,","nst":31,"dmin":0.565,"rms":0.81,"gap":104,"magType":"mb","type":"earthquake","title":"M 4.2 - 12 km NE of Hassa, Turkey"},"geometry":{"type":"Point","coordinates":[36.6006,36.8855,10]},"id":"us6000jp49"},
{"type":"Feature","properties":{"mag":4.3,"place":"12 km NE of K?r?khan, Turkey","time":1675756463648,"updated":1681594783040,"tz":null,"url":"https://earthquake.usgs.gov/earthquakes/eventpage/us6000jm6x","detail":"https://earthquake.usgs.gov/fdsnws/event/1/query?eventid=us6000jm6x&format=geojson","felt":null,"cdi":null,"mmi":null,"alert":null,"status":"reviewed","tsunami":0,"sig":284,"net":"us","code":"6000jm6x","ids":",us6000jm6x,","sources":",us,","types":",origin,phase-data,","nst":35,"dmin":0.849,"rms":0.96,"gap":56,"magType":"mb","type":"earthquake","title":"M 4.3 - 12 km NE of K?r?khan, Turkey"},"geometry":{"type":"Point","coordinates":[36.4539,36.5768,10]},"id":"us6000jm6x"},
{"type":"Feature","properties":{"mag":4.3,"place":"13 km NNW of Sincik, Turkey","time":1675757891763,"updated":1681594806040,"tz":null,"url":"https://earthquake.usgs.gov/earthquakes/eventpage/us6000jp3z","detail":"https://earthquake.usgs.gov/fdsnws/event/1/query?eventid=us6000jp3z&format=geojson","felt":null,"cdi":null,"mmi":null,"alert":null,"status":"reviewed","tsunami":0,"sig":284,"net":"us","code":"6000jp3z","ids":",us6000jp3z,","sources":",us,","types":",origin,phase-data,","nst":32,"dmin":0.731,"rms":0.66,"gap":76,"magType":"mb","type":"earthquake","title":"M 4.3 - 13 km NNW of Sincik, Turkey"},"geometry":{"type":"Point","coordinates":[38.537,38.1372,15.974]},"id":"us6000jp3z"},
{"type":"Feature","properties":{"mag":4.2,"place":"11 km SE of Nurhak, Turkey","time":1675758346610,"updated":1681594783040,"tz":null,"url":"https://earthquake.usgs.gov/earthquakes/eventpage/us6000jm71","detail":"https://earthquake.usgs.gov/fdsnws/event/1/query?eventid=us6000jm71&format=geojson","felt":null,"cdi":null,"mmi":null,"alert":null,"status":"reviewed","tsunami":0,"sig":271,"net":"us","code":"6000jm71","ids":",us6000jm71,","sources":",us,","types":",moment-tensor,origin,phase-data,","nst":63,"dmin":0.624,"rms":0.78,"gap":56,"magType":"mwr","type":"earthquake","title":"M 4.2 - 11 km SE of Nurhak, Turkey"},"geometry":{"type":"Point","coordinates":[37.528,37.8817,10]},"id":"us6000jm71"},
{"type":"Feature","properties":{"mag":5.1,"place":"northern Mid-Atlantic Ridge","time":1675759775851,"updated":1681594783040,"tz":null,"url":"https://earthquake.usgs.gov/earthquakes/eventpage/us6000jm74","detail":"https://earthquake.usgs.gov/fdsnws/event/1/query?eventid=us6000jm74&format=geojson","felt":null,"cdi":null,"mmi":null,"alert":null,"status":"reviewed","tsunami":0,"sig":400,"net":"us","code":"6000jm74","ids":",us6000jm74,","sources":",us,","types":",earthquake-name,moment-tensor,origin,phase-data,","nst":69,"dmin":16.422,"rms":0.6,"gap":58,"magType":"mww","type":"earthquake","title":"M 5.1 - northern Mid-Atlantic Ridge"},"geometry":{"type":"Point","coordinates":[-28.4226,49.513,10]},"id":"us6000jm74"},
{"type":"Feature","properties":{"mag":4.2,"place":"17 km NW of Göksun, Turkey","time":1675763611468,"updated":1681594806040,"tz":null,"url":"https://earthquake.usgs.gov/earthquakes/eventpage/us6000jp42","detail":"https://earthquake.usgs.gov/fdsnws/event/1/query?eventid=us6000jp42&format=geojson","felt":null,"cdi":null,"mmi":null,"alert":null,"status":"reviewed","tsunami":0,"sig":271,"net":"us","code":"6000jp42","ids":",us6000jp42,","sources":",us,","types":",origin,phase-data,","nst":45,"dmin":0.263,"rms":0.43,"gap":53,"magType":"mb","type":"earthquake","title":"M 4.2 - 17 km NW of Göksun, Turkey"},"geometry":{"type":"Point","coordinates":[36.3693,38.1471,20.355]},"id":"us6000jp42"},
{"type":"Feature","properties":{"mag":4.7,"place":"178 km W of Ambon, Indonesia","time":1675763806012,"updated":1681594783040,"tz":null,"url":"https://earthquake.usgs.gov/earthquakes/eventpage/us6000jm7c","detail":"https://earthquake.usgs.gov/fdsnws/event/1/query?eventid=us6000jm7c&format=geojson","felt":null,"cdi":null,"mmi":null,"alert":null,"status":"reviewed","tsunami":0,"sig":340,"net":"us","code":"6000jm7c","ids":",us6000jm7c,","sources":",us,","types":",origin,phase-data,","nst":38,"dmin":3.445,"rms":0.55,"gap":86,"magType":"mb","type":"earthquake","title":"M 4.7 - 178 km W of Ambon, Indonesia"},"geometry":{"type":"Point","coordinates":[126.5778,-3.5923,10]},"id":"us6000jm7c"},
{"type":"Feature","properties":{"mag":4.3,"place":"193 km W of Ambon, Indonesia","time":1675763855464,"updated":1681594808040,"tz":null,"url":"https://earthquake.usgs.gov/earthquakes/eventpage/us6000jp5d","detail":"https://earthquake.usgs.gov/fdsnws/event/1/query?eventid=us6000jp5d&format=geojson","felt":null,"cdi":null,"mmi":null,"alert":null,"status":"reviewed","tsunami":0,"sig":284,"net":"us","code":"6000jp5d","ids":",us6000jp5d,","sources":",us,","types":",origin,phase-data,","nst":25,"dmin":3.576,"rms":0.35,"gap":60,"magType":"mb","type":"earthquake","title":"M 4.3 - 193 km W of Ambon, Indonesia"},"geometry":{"type":"Point","coordinates":[126.45,-3.5599,10]},"id":"us6000jp5d"},
{"type":"Feature","properties":{"mag":4.2,"place":"14 km WNW of Pazarc?k, Turkey","time":1675764438238,"updated":1681594807040,"tz":null,"url":"https://earthquake.usgs.gov/earthquakes/eventpage/us6000jp54","detail":"https://earthquake.usgs.gov/fdsnws/event/1/query?eventid=us6000jp54&format=geojson","felt":null,"cdi":null,"mmi":null,"alert":null,"status":"reviewed","tsunami":0,"sig":271,"net":"us","code":"6000jp54","ids":",us6000jp54,","sources":",us,","types":",origin,phase-data,","nst":65,"dmin":0.197,"rms":0.49,"gap":47,"magType":"mb","type":"earthquake","title":"M 4.2 - 14 km WNW of Pazarc?k, Turkey"},"geometry":{"type":"Point","coordinates":[37.1468,37.5226,10.944]},"id":"us6000jp54"},
{"type":"Feature","properties":{"mag":4.5,"place":"88 km SSE of San Jose Village, Northern Mariana Islands","time":1675764658522,"updated":1705605571865,"tz":null,"url":"https://earthquake.usgs.gov/earthquakes/eventpage/us6000jp43","detail":"https://earthquake.usgs.gov/fdsnws/event/1/query?eventid=us6000jp43&format=geojson","felt":null,"cdi":null,"mmi":null,"alert":null,"status":"reviewed","tsunami":0,"sig":312,"net":"us","code":"6000jp43","ids":",us6000jp43,","sources":",us,","types":",earthquake-name,origin,phase-data,","nst":37,"dmin":1.078,"rms":0.58,"gap":75,"magType":"mb","type":"earthquake","title":"M 4.5 - 88 km SSE of San Jose Village, Northern Mariana Islands"},"geometry":{"type":"Point","coordinates":[145.797,14.1841,92.86]},"id":"us6000jp43"},
{"type":"Feature","properties":{"mag":5.3,"place":"4 km WSW of Sincik, Turkey","time":1675765094589,"updated":1681594783040,"tz":null,"url":"https://earthquake.usgs.gov/earthquakes/eventpage/us6000jm7f","detail":"https://earthquake.usgs.gov/fdsnws/event/1/query?eventid=us6000jm7f&format=geojson","felt":null,"cdi":null,"mmi":6.262,"alert":"green","status":"reviewed","tsunami":0,"sig":432,"net":"us","code":"6000jm7f","ids":",usauto6000jm7f,us6000jm7f,","sources":",usauto,us,","types":",internal-moment-tensor,losspager,moment-tensor,origin,phase-data,shakemap,","nst":204,"dmin":0.608,"rms":0.54,"gap":29,"magType":"mww","type":"earthquake","title":"M 5.3 - 4 km WSW of Sincik, Turkey"},"geometry":{"type":"Point","coordinates":[38.57,38.0164,12.988]},"id":"us6000jm7f"},
{"type":"Feature","properties":{"mag":4.2,"place":"113 km NNE of Calama, Chile","time":1675765341610,"updated":1681594783040,"tz":null,"url":"https://earthquake.usgs.gov/earthquakes/eventpage/us6000jm7g","detail":"https://earthquake.usgs.gov/fdsnws/event/1/query?eventid=us6000jm7g&format=geojson","felt":null,"cdi":null,"mmi":null,"alert":null,"status":"reviewed","tsunami":0,"sig":271,"net":"us","code":"6000jm7g","ids":",us6000jm7g,","sources":",us,","types":",origin,phase-data,","nst":27,"dmin":1.01,"rms":0.54,"gap":55,"magType":"mb","type":"earthquake","title":"M 4.2 - 113 km NNE of Calama, Chile"},"geometry":{"type":"Point","coordinates":[-68.5209,-21.5017,130.702]},"id":"us6000jm7g"},
{"type":"Feature","properties":{"mag":4.6,"place":"eastern Turkey","time":1675765652024,"updated":1681594783040,"tz":null,"url":"https://earthquake.usgs.gov/earthquakes/eventpage/us6000jm7h","detail":"https://earthquake.usgs.gov/fdsnws/event/1/query?eventid=us6000jm7h&format=geojson","felt":null,"cdi":null,"mmi":null,"alert":null,"status":"reviewed","tsunami":0,"sig":326,"net":"us","code":"6000jm7h","ids":",us6000jm7h,","sources":",us,","types":",origin,phase-data,","nst":120,"dmin":0.997,"rms":0.38,"gap":42,"magType":"mb","type":"earthquake","title":"M 4.6 - eastern Turkey"},"geometry":{"type":"Point","coordinates":[38.1915,38.3061,16.052]},"id":"us6000jm7h"},
{"type":"Feature","properties":{"mag":4.5,"place":"167 km W of Ambon, Indonesia","time":1675765707701,"updated":1681594783040,"tz":null,"url":"https://earthquake.usgs.gov/earthquakes/eventpage/us6000jm7i","detail":"https://earthquake.usgs.gov/fdsnws/event/1/query?eventid=us6000jm7i&format=geojson","felt":null,"cdi":null,"mmi":null,"alert":null,"status":"reviewed","tsunami":0,"sig":312,"net":"us","code":"6000jm7i","ids":",us6000jm7i,","sources":",us,","types":",origin,phase-data,","nst":32,"dmin":3.382,"rms":0.54,"gap":75,"magType":"mb","type":"earthquake","title":"M 4.5 - 167 km W of Ambon, Indonesia"},"geometry":{"type":"Point","coordinates":[126.6997,-3.4127,10]},"id":"us6000jm7i"},
{"type":"Feature","properties":{"mag":4.6,"place":"9 km WSW of Uzunba?, Turkey","time":1675766237535,"updated":1681594807040,"tz":null,"url":"https://earthquake.usgs.gov/earthquakes/eventpage/us6000jp45","detail":"https://earthquake.usgs.gov/fdsnws/event/1/query?eventid=us6000jp45&format=geojson","felt":null,"cdi":null,"mmi":null,"alert":null,"status":"reviewed","tsunami":0,"sig":326,"net":"us","code":"6000jp45","ids":",us6000jp45,","sources":",us,","types":",origin,phase-data,","nst":84,"dmin":1.48,"rms":0.61,"gap":71,"magType":"mb","type":"earthquake","title":"M 4.6 - 9 km WSW of Uzunba?, Turkey"},"geometry":{"type":"Point","coordinates":[35.9441,36.0958,10]},"id":"us6000jp45"},
{"type":"Feature","properties":{"mag":4.6,"place":"Rota region, Northern Mariana Islands","time":1675766702439,"updated":1681594807040,"tz":null,"url":"https://earthquake.usgs.gov/earthquakes/eventpage/us6000jp47","detail":"https://earthquake.usgs.gov/fdsnws/event/1/query?eventid=us6000jp47&format=geojson","felt":null,"cdi":null,"mmi":null,"alert":null,"status":"reviewed","tsunami":0,"sig":326,"net":"us","code":"6000jp47","ids":",us6000jp47,","sources":",us,","types":",origin,phase-data,","nst":37,"dmin":0.54,"rms":0.49,"gap":107,"magType":"mb","type":"earthquake","title":"M 4.6 - Rota region, Northern Mariana Islands"},"geometry":{"type":"Point","coordinates":[145.1816,14.0378,98.487]},"id":"us6000jp47"},
{"type":"Feature","properties":{"mag":4.9,"place":"4 km SSW of Níkiti, Greece","time":1675767202247,"updated":1681594783040,"tz":null,"url":"https://earthquake.usgs.gov/earthquakes/eventpage/us6000jm7j","detail":"https://earthquake.usgs.gov/fdsnws/event/1/query?eventid=us6000jm7j&format=geojson","felt":10,"cdi":4.3,"mmi":null,"alert":null,"status":"reviewed","tsunami":0,"sig":374,"net":"us","code":"6000jm7j","ids":",us6000jm7j,","sources":",us,","types":",dyfi,origin,phase-data,","nst":80,"dmin":1.732,"rms":0.43,"gap":79,"magType":"mb","type":"earthquake","title":"M 4.9 - 4 km SSW of Níkiti, Greece"},"geometry":{"type":"Point","coordinates":[23.6427,40.1816,10]},"id":"us6000jm7j"},
{"type":"Feature","properties":{"mag":4.5,"place":"Central Turkey","time":1675767389905,"updated":1681594783040,"tz":null,"url":"https://earthquake.usgs.gov/earthquakes/eventpage/us6000jm7k","detail":"https://earthquake.usgs.gov/fdsnws/event/1/query?eventid=us6000jm7k&format=geojson","felt":null,"cdi":null,"mmi":null,"alert":null,"status":"reviewed","tsunami":0,"sig":312,"net":"us","code":"6000jm7k","ids":",us6000jm7k,","sources":",us,","types":",origin,phase-data,","nst":68,"dmin":0.384,"rms":0.7,"gap":68,"magType":"mb","type":"earthquake","title":"M 4.5 - Central Turkey"},"geometry":{"type":"Point","coordinates":[36.6642,37.8696,8.656]},"id":"us6000jm7k"},
{"type":"Feature","properties":{"mag":4.1,"place":"21 km SE of Göksun, Turkey","time":1675767465760,"updated":1681594807040,"tz":null,"url":"https://earthquake.usgs.gov/earthquakes/eventpage/us6000jp48","detail":"https://earthquake.usgs.gov/fdsnws/event/1/query?eventid=us6000jp48&format=geojson","felt":null,"cdi":null,"mmi":null,"alert":null,"status":"reviewed","tsunami":0,"sig":259,"net":"us","code":"6000jp48","ids":",us6000jp48,","sources":",us,","types":",moment-tensor,origin,phase-data,","nst":65,"dmin":0.403,"rms":0.71,"gap":44,"magType":"mwr","type":"earthquake","title":"M 4.1 - 21 km SE of Göksun, Turkey"},"geometry":{"type":"Point","coordinates":[36.6707,37.8906,10]},"id":"us6000jp48"},
{"type":"Feature","properties":{"mag":4.4,"place":"19 km E of Nurhak, Turkey","time":1675767671695,"updated":1681594807040,"tz":null,"url":"https://earthquake.usgs.gov/earthquakes/eventpage/us6000jp4b","detail":"https://earthquake.usgs.gov/fdsnws/event/1/query?eventid=us6000jp4b&format=geojson","felt":null,"cdi":null,"mmi":null,"alert":null,"status":"reviewed","tsunami":0,"sig":298,"net":"us","code":"6000jp4b","ids":",us6000jp4b,","sources":",us,","types":",origin,phase-data,","nst":97,"dmin":0.768,"rms":0.47,"gap":51,"magType":"mb","type":"earthquake","title":"M 4.4 - 19 km E of Nurhak, Turkey"},"geometry":{"type":"Point","coordinates":[37.6619,37.9808,3.759]},"id":"us6000jp4b"},
{"type":"Feature","properties":{"mag":4.5,"place":"8 km S of Ye?ilyurt, Turkey","time":1675771623774,"updated":1681594783040,"tz":null,"url":"https://earthquake.usgs.gov/earthquakes/eventpage/us6000jm7q","detail":"https://earthquake.usgs.gov/fdsnws/event/1/query?eventid=us6000jm7q&format=geojson","felt":null,"cdi":null,"mmi":null,"alert":null,"status":"reviewed","tsunami":0,"sig":312,"net":"us","code":"6000jm7q","ids":",us6000jm7q,","sources":",us,","types":",origin,phase-data,","nst":93,"dmin":0.892,"rms":0.54,"gap":26,"magType":"mb","type":"earthquake","title":"M 4.5 - 8 km S of Ye?ilyurt, Turkey"},"geometry":{"type":"Point","coordinates":[38.263,38.2171,15.409]},"id":"us6000jm7q"},
{"type":"Feature","properties":{"mag":4,"place":"Andreanof Islands, Aleutian Islands, Alaska","time":1675773718511,"updated":1681594784040,"tz":null,"url":"https://earthquake.usgs.gov/earthquakes/eventpage/us6000jm7y","detail":"https://earthquake.usgs.gov/fdsnws/event/1/query?eventid=us6000jm7y&format=geojson","felt":null,"cdi":null,"mmi":2.106,"alert":null,"status":"reviewed","tsunami":0,"sig":246,"net":"us","code":"6000jm7y","ids":",ak0231r1tax0,us6000jm7y,","sources":",ak,us,","types":",origin,phase-data,shakemap,","nst":132,"dmin":0.419,"rms":0.5,"gap":137,"magType":"mb","type":"earthquake","title":"M 4.0 - Andreanof Islands, Aleutian Islands, Alaska"},"geometry":{"type":"Point","coordinates":[-173.5018,52.5944,186.954]},"id":"us6000jm7y"},
{"type":"Feature","properties":{"mag":4.3,"place":"177 km SSE of Atka, Alaska","time":1675776680635,"updated":1681594784040,"tz":null,"url":"https://earthquake.usgs.gov/earthquakes/eventpage/us6000jm83","detail":"https://earthquake.usgs.gov/fdsnws/event/1/query?eventid=us6000jm83&format=geojson","felt":null,"cdi":null,"mmi":1,"alert":null,"status":"reviewed","tsunami":0,"sig":284,"net":"us","code":"6000jm83","ids":",ak0231r2cigu,us6000jm83,","sources":",ak,us,","types":",origin,phase-data,shakemap,","nst":61,"dmin":1.653,"rms":0.48,"gap":136,"magType":"mb","type":"earthquake","title":"M 4.3 - 177 km SSE of Atka, Alaska"},"geometry":{"type":"Point","coordinates":[-173.3448,50.6917,10]},"id":"us6000jm83"},
{"type":"Feature","properties":{"mag":4.4,"place":"New Ireland region, Papua New Guinea","time":1675776963340,"updated":1681594807040,"tz":null,"url":"https://earthquake.usgs.gov/earthquakes/eventpage/us6000jp4g","detail":"https://earthquake.usgs.gov/fdsnws/event/1/query?eventid=us6000jp4g&format=geojson","felt":null,"cdi":null,"mmi":null,"alert":null,"status":"reviewed","tsunami":0,"sig":298,"net":"us","code":"6000jp4g","ids":",us6000jp4g,","sources":",us,","types":",origin,phase-data,","nst":45,"dmin":1.234,"rms":0.68,"gap":119,"magType":"mb","type":"earthquake","title":"M 4.4 - New Ireland region, Papua New Guinea"},"geometry":{"type":"Point","coordinates":[153.3502,-4.5442,80.541]},"id":"us6000jp4g"},
{"type":"Feature","properties":{"mag":4.5,"place":"17 km WSW of Uzunba?, Turkey","time":1675777001353,"updated":1681594784040,"tz":null,"url":"https://earthquake.usgs.gov/earthquakes/eventpage/us6000jm84","detail":"https://earthquake.usgs.gov/fdsnws/event/1/query?eventid=us6000jm84&format=geojson","felt":null,"cdi":null,"mmi":null,"alert":null,"status":"reviewed","tsunami":0,"sig":312,"net":"us","code":"6000jm84","ids":",us6000jm84,","sources":",us,","types":",origin,phase-data,","nst":81,"dmin":1.532,"rms":0.91,"gap":70,"magType":"mb","type":"earthquake","title":"M 4.5 - 17 km WSW of Uzunba?, Turkey"},"geometry":{"type":"Point","coordinates":[35.8449,36.0984,10]},"id":"us6000jm84"},
{"type":"Feature","properties":{"mag":4.8,"place":"Luzon, Philippines","time":1675777616948,"updated":1681594784040,"tz":null,"url":"https://earthquake.usgs.gov/earthquakes/eventpage/us6000jm8f","detail":"https://earthquake.usgs.gov/fdsnws/event/1/query?eventid=us6000jm8f&format=geojson","felt":3,"cdi":3.6,"mmi":null,"alert":null,"status":"reviewed","tsunami":0,"sig":356,"net":"us","code":"6000jm8f","ids":",us6000jm8f,","sources":",us,","types":",dyfi,impact-text,origin,phase-data,","nst":80,"dmin":7.678,"rms":0.57,"gap":112,"magType":"mb","type":"earthquake","title":"M 4.8 - Luzon, Philippines"},"geometry":{"type":"Point","coordinates":[122.9823,14.3575,10]},"id":"us6000jm8f"},
{"type":"Feature","properties":{"mag":4.6,"place":"West Chile Rise","time":1675779134861,"updated":1705605574920,"tz":null,"url":"https://earthquake.usgs.gov/earthquakes/eventpage/us6000jp4i","detail":"https://earthquake.usgs.gov/fdsnws/event/1/query?eventid=us6000jp4i&format=geojson","felt":null,"cdi":null,"mmi":null,"alert":null,"status":"reviewed","tsunami":0,"sig":326,"net":"us","code":"6000jp4i","ids":",us6000jp4i,","sources":",us,","types":",earthquake-name,origin,phase-data,","nst":44,"dmin":13.617,"rms":0.89,"gap":144,"magType":"mb","type":"earthquake","title":"M 4.6 - West Chile Rise"},"geometry":{"type":"Point","coordinates":[-91.249,-40.9842,10]},"id":"us6000jp4i"},
{"type":"Feature","properties":{"mag":4.6,"place":"Laptev Sea","time":1675779343184,"updated":1705605576364,"tz":null,"url":"https://earthquake.usgs.gov/earthquakes/eventpage/us6000jm8m","detail":"https://earthquake.usgs.gov/fdsnws/event/1/query?eventid=us6000jm8m&format=geojson","felt":null,"cdi":null,"mmi":null,"alert":null,"status":"reviewed","tsunami":0,"sig":326,"net":"us","code":"6000jm8m","ids":",us6000jm8m,","sources":",us,","types":",earthquake-name,origin,phase-data,","nst":116,"dmin":3.46,"rms":0.6,"gap":74,"magType":"mb","type":"earthquake","title":"M 4.6 - Laptev Sea"},"geometry":{"type":"Point","coordinates":[134.3835,74.6844,10]},"id":"us6000jm8m"},
{"type":"Feature","properties":{"mag":5.2,"place":"State of Yap, Federated States of Micronesia","time":1675779619970,"updated":1681594784040,"tz":null,"url":"https://earthquake.usgs.gov/earthquakes/eventpage/us6000jm8n","detail":"https://earthquake.usgs.gov/fdsnws/event/1/query?eventid=us6000jm8n&format=geojson","felt":9,"cdi":5.5,"mmi":4.72,"alert":"green","status":"reviewed","tsunami":0,"sig":421,"net":"us","code":"6000jm8n","ids":",us6000jm8n,","sources":",us,","types":",dyfi,losspager,moment-tensor,origin,phase-data,shakemap,","nst":89,"dmin":7.466,"rms":0.73,"gap":66,"magType":"mww","type":"earthquake","title":"M 5.2 - State of Yap, Federated States of Micronesia"},"geometry":{"type":"Point","coordinates":[138.4239,9.5794,10]},"id":"us6000jm8n"},
{"type":"Feature","properties":{"mag":4.4,"place":"7 km ENE of Göksun, Turkey","time":1675779797029,"updated":1681594807040,"tz":null,"url":"https://earthquake.usgs.gov/earthquakes/eventpage/us6000jp4j","detail":"https://earthquake.usgs.gov/fdsnws/event/1/query?eventid=us6000jp4j&format=geojson","felt":null,"cdi":null,"mmi":null,"alert":null,"status":"reviewed","tsunami":0,"sig":298,"net":"us","code":"6000jp4j","ids":",us6000jp4j,","sources":",us,","types":",origin,phase-data,","nst":53,"dmin":0.386,"rms":0.8,"gap":41,"magType":"mb","type":"earthquake","title":"M 4.4 - 7 km ENE of Göksun, Turkey"},"geometry":{"type":"Point","coordinates":[36.5803,38.0426,10]},"id":"us6000jp4j"},
{"type":"Feature","properties":{"mag":4.7,"place":"18 km SW of Pazarc?k, Turkey","time":1675783888295,"updated":1681594784040,"tz":null,"url":"https://earthquake.usgs.gov/earthquakes/eventpage/us6000jm95","detail":"https://earthquake.usgs.gov/fdsnws/event/1/query?eventid=us6000jm95&format=geojson","felt":2,"cdi":2.2,"mmi":null,"alert":null,"status":"reviewed","tsunami":0,"sig":340,"net":"us","code":"6000jm95","ids":",us6000jm95,","sources":",us,","types":",dyfi,moment-tensor,origin,phase-data,","nst":126,"dmin":0.21,"rms":0.64,"gap":34,"magType":"mwr","type":"earthquake","title":"M 4.7 - 18 km SW of Pazarc?k, Turkey"},"geometry":{"type":"Point","coordinates":[37.1447,37.3758,10]},"id":"us6000jm95"},
{"type":"Feature","properties":{"mag":5,"place":"3 km SSW of Göksun, Turkey","time":1675784934123,"updated":1681594784040,"tz":null,"url":"https://earthquake.usgs.gov/earthquakes/eventpage/us6000jm96","detail":"https://earthquake.usgs.gov/fdsnws/event/1/query?eventid=us6000jm96&format=geojson","felt":2,"cdi":5.2,"mmi":null,"alert":null,"status":"reviewed","tsunami":0,"sig":386,"net":"us","code":"6000jm96","ids":",us6000jm96,","sources":",us,","types":",dyfi,moment-tensor,origin,phase-data,","nst":138,"dmin":0.415,"rms":0.61,"gap":22,"magType":"mww","type":"earthquake","title":"M 5.0 - 3 km SSW of Göksun, Turkey"},"geometry":{"type":"Point","coordinates":[36.4771,37.9939,11.132]},"id":"us6000jm96"},
{"type":"Feature","properties":{"mag":4.8,"place":"Fiji region","time":1675786276763,"updated":1681594784040,"tz":null,"url":"https://earthquake.usgs.gov/earthquakes/eventpage/us6000jm98","detail":"https://earthquake.usgs.gov/fdsnws/event/1/query?eventid=us6000jm98&format=geojson","felt":null,"cdi":null,"mmi":null,"alert":null,"status":"reviewed","tsunami":0,"sig":354,"net":"us","code":"6000jm98","ids":",us6000jm98,","sources":",us,","types":",origin,phase-data,","nst":81,"dmin":3.59,"rms":0.68,"gap":43,"magType":"mb","type":"earthquake","title":"M 4.8 - Fiji region"},"geometry":{"type":"Point","coordinates":[-179.0498,-21.135,613.484]},"id":"us6000jm98"},
{"type":"Feature","properties":{"mag":5.1,"place":"34 km NE of Colonia, Micronesia","time":1675788272338,"updated":1681594784040,"tz":null,"url":"https://earthquake.usgs.gov/earthquakes/eventpage/us6000jm9h","detail":"https://earthquake.usgs.gov/fdsnws/event/1/query?eventid=us6000jm9h&format=geojson","felt":4,"cdi":4.3,"mmi":null,"alert":null,"status":"reviewed","tsunami":0,"sig":402,"net":"us","code":"6000jm9h","ids":",us6000jm9h,","sources":",us,","types":",dyfi,origin,phase-data,","nst":68,"dmin":7.444,"rms":0.79,"gap":38,"magType":"mb","type":"earthquake","title":"M 5.1 - 34 km NE of Colonia, Micronesia"},"geometry":{"type":"Point","coordinates":[138.3681,9.7081,10]},"id":"us6000jm9h"},
{"type":"Feature","properties":{"mag":4.2,"place":"Central Turkey","time":1675788807462,"updated":1681594807040,"tz":null,"url":"https://earthquake.usgs.gov/earthquakes/eventpage/us6000jp56","detail":"https://earthquake.usgs.gov/fdsnws/event/1/query?eventid=us6000jp56&format=geojson","felt":null,"cdi":null,"mmi":null,"alert":null,"status":"reviewed","tsunami":0,"sig":271,"net":"us","code":"6000jp56","ids":",us6000jp56,","sources":",us,","types":",origin,phase-data,","nst":22,"dmin":1.517,"rms":0.88,"gap":120,"magType":"mb","type":"earthquake","title":"M 4.2 - Central Turkey"},"geometry":{"type":"Point","coordinates":[35.9967,36.0086,10]},"id":"us6000jp56"},
{"type":"Feature","properties":{"mag":4.1,"place":"10 km WSW of Nurhak, Turkey","time":1675788871685,"updated":1681594807040,"tz":null,"url":"https://earthquake.usgs.gov/earthquakes/eventpage/us6000jp57","detail":"https://earthquake.usgs.gov/fdsnws/event/1/query?eventid=us6000jp57&format=geojson","felt":null,"cdi":null,"mmi":null,"alert":null,"status":"reviewed","tsunami":0,"sig":259,"net":"us","code":"6000jp57","ids":",us6000jp57,","sources":",us,","types":",origin,phase-data,","nst":26,"dmin":0.55,"rms":1.18,"gap":74,"magType":"mb","type":"earthquake","title":"M 4.1 - 10 km WSW of Nurhak, Turkey"},"geometry":{"type":"Point","coordinates":[37.323,37.9421,17.033]},"id":"us6000jp57"},
{"type":"Feature","properties":{"mag":4.2,"place":"Central Turkey","time":1675791480327,"updated":1681594784040,"tz":null,"url":"https://earthquake.usgs.gov/earthquakes/eventpage/us6000jmar","detail":"https://earthquake.usgs.gov/fdsnws/event/1/query?eventid=us6000jmar&format=geojson","felt":null,"cdi":null,"mmi":null,"alert":null,"status":"reviewed","tsunami":0,"sig":271,"net":"us","code":"6000jmar","ids":",us6000jmar,","sources":",us,","types":",origin,phase-data,","nst":32,"dmin":0.79,"rms":0.97,"gap":102,"magType":"mb","type":"earthquake","title":"M 4.2 - Central Turkey"},"geometry":{"type":"Point","coordinates":[37.6276,37.8896,16.287]},"id":"us6000jmar"},
{"type":"Feature","properties":{"mag":4.2,"place":"5 km WSW of Göksun, Turkey","time":1675792430882,"updated":1681594807040,"tz":null,"url":"https://earthquake.usgs.gov/earthquakes/eventpage/us6000jp4m","detail":"https://earthquake.usgs.gov/fdsnws/event/1/query?eventid=us6000jp4m&format=geojson","felt":null,"cdi":null,"mmi":null,"alert":null,"status":"reviewed","tsunami":0,"sig":271,"net":"us","code":"6000jp4m","ids":",us6000jp4m,","sources":",us,","types":",origin,phase-data,","nst":71,"dmin":0.407,"rms":0.68,"gap":35,"magType":"mb","type":"earthquake","title":"M 4.2 - 5 km WSW of Göksun, Turkey"},"geometry":{"type":"Point","coordinates":[36.4438,38.0002,8.524]},"id":"us6000jp4m"},
{"type":"Feature","properties":{"mag":5.3,"place":"Central Turkey","time":1675793399860,"updated":1681594785040,"tz":null,"url":"https://earthquake.usgs.gov/earthquakes/eventpage/us6000jmat","detail":"https://earthquake.usgs.gov/fdsnws/event/1/query?eventid=us6000jmat&format=geojson","felt":8,"cdi":3.6,"mmi":null,"alert":null,"status":"reviewed","tsunami":0,"sig":435,"net":"us","code":"6000jmat","ids":",us6000jmat,","sources":",us,","types":",dyfi,moment-tensor,origin,phase-data,","nst":165,"dmin":0.409,"rms":0.61,"gap":26,"magType":"mww","type":"earthquake","title":"M 5.3 - Central Turkey"},"geometry":{"type":"Point","coordinates":[36.6013,37.9358,17.857]},"id":"us6000jmat"},
{"type":"Feature","properties":{"mag":4.4,"place":"11 km N of Ad?yaman, Turkey","time":1675793648571,"updated":1681594808040,"tz":null,"url":"https://earthquake.usgs.gov/earthquakes/eventpage/us6000jp5e","detail":"https://earthquake.usgs.gov/fdsnws/event/1/query?eventid=us6000jp5e&format=geojson","felt":null,"cdi":null,"mmi":null,"alert":null,"status":"reviewed","tsunami":0,"sig":298,"net":"us","code":"6000jp5e","ids":",us6000jp5e,","sources":",us,","types":",origin,phase-data,","nst":49,"dmin":0.597,"rms":0.68,"gap":60,"magType":"mb","type":"earthquake","title":"M 4.4 - 11 km N of Ad?yaman, Turkey"},"geometry":{"type":"Point","coordinates":[38.2929,37.8659,26.793]},"id":"us6000jp5e"},
{"type":"Feature","properties":{"mag":4.1,"place":"220 km NNE of Lospalos, Timor Leste","time":1675794434492,"updated":1681594785040,"tz":null,"url":"https://earthquake.usgs.gov/earthquakes/eventpage/us6000jmb8","detail":"https://earthquake.usgs.gov/fdsnws/event/1/query?eventid=us6000jmb8&format=geojson","felt":null,"cdi":null,"mmi":null,"alert":null,"status":"reviewed","tsunami":0,"sig":259,"net":"us","code":"6000jmb8","ids":",us6000jmb8,","sources":",us,","types":",origin,phase-data,","nst":52,"dmin":3.126,"rms":0.74,"gap":47,"magType":"mb","type":"earthquake","title":"M 4.1 - 220 km NNE of Lospalos, Timor Leste"},"geometry":{"type":"Point","coordinates":[127.5477,-6.6018,398.085]},"id":"us6000jmb8"},
{"type":"Feature","properties":{"mag":4.2,"place":"Sulawesi, Indonesia","time":1675795352727,"updated":1681594807040,"tz":null,"url":"https://earthquake.usgs.gov/earthquakes/eventpage/us6000jp4p","detail":"https://earthquake.usgs.gov/fdsnws/event/1/query?eventid=us6000jp4p&format=geojson","felt":null,"cdi":null,"mmi":null,"alert":null,"status":"reviewed","tsunami":0,"sig":271,"net":"us","code":"6000jp4p","ids":",us6000jp4p,","sources":",us,","types":",origin,phase-data,","nst":24,"dmin":1.446,"rms":0.83,"gap":68,"magType":"mb","type":"earthquake","title":"M 4.2 - Sulawesi, Indonesia"},"geometry":{"type":"Point","coordinates":[123.9229,-0.1617,106.352]},"id":"us6000jp4p"},
{"type":"Feature","properties":{"mag":4.3,"place":"37 km E of Lata, Solomon Islands","time":1675795427287,"updated":1681594807040,"tz":null,"url":"https://earthquake.usgs.gov/earthquakes/eventpage/us6000jp4n","detail":"https://earthquake.usgs.gov/fdsnws/event/1/query?eventid=us6000jp4n&format=geojson","felt":null,"cdi":null,"mmi":null,"alert":null,"status":"reviewed","tsunami":0,"sig":284,"net":"us","code":"6000jp4n","ids":",us6000jp4n,","sources":",us,","types":",origin,phase-data,","nst":16,"dmin":9.898,"rms":0.4,"gap":146,"magType":"mb","type":"earthquake","title":"M 4.3 - 37 km E of Lata, Solomon Islands"},"geometry":{"type":"Point","coordinates":[166.142,-10.7595,186.319]},"id":"us6000jp4n"},
{"type":"Feature","properties":{"mag":4.4,"place":"14 km E of Gökbudak, Turkey","time":1675796904810,"updated":1681594807040,"tz":null,"url":"https://earthquake.usgs.gov/earthquakes/eventpage/us6000jp50","detail":"https://earthquake.usgs.gov/fdsnws/event/1/query?eventid=us6000jp50&format=geojson","felt":null,"cdi":null,"mmi":null,"alert":null,"status":"reviewed","tsunami":0,"sig":298,"net":"us","code":"6000jp50","ids":",us6000jp50,","sources":",us,","types":",origin,phase-data,","nst":63,"dmin":0.441,"rms":0.72,"gap":72,"magType":"mb","type":"earthquake","title":"M 4.4 - 14 km E of Gökbudak, Turkey"},"geometry":{"type":"Point","coordinates":[42.8093,37.9172,3.523]},"id":"us6000jp50"},
{"type":"Feature","properties":{"mag":4.4,"place":"Central Turkey","time":1675797229620,"updated":1681594785040,"tz":null,"url":"https://earthquake.usgs.gov/earthquakes/eventpage/us6000jmbj","detail":"https://earthquake.usgs.gov/fdsnws/event/1/query?eventid=us6000jmbj&format=geojson","felt":null,"cdi":null,"mmi":null,"alert":null,"status":"reviewed","tsunami":0,"sig":298,"net":"us","code":"6000jmbj","ids":",us6000jmbj,","sources":",us,","types":",moment-tensor,origin,phase-data,","nst":96,"dmin":0.535,"rms":0.72,"gap":42,"magType":"mwr","type":"earthquake","title":"M 4.4 - Central Turkey"},"geometry":{"type":"Point","coordinates":[36.9204,38.0472,13]},"id":"us6000jmbj"},
{"type":"Feature","properties":{"mag":4.3,"place":"South Sandwich Islands region","time":1675799641116,"updated":1681594808040,"tz":null,"url":"https://earthquake.usgs.gov/earthquakes/eventpage/us6000jp5a","detail":"https://earthquake.usgs.gov/fdsnws/event/1/query?eventid=us6000jp5a&format=geojson","felt":null,"cdi":null,"mmi":null,"alert":null,"status":"reviewed","tsunami":0,"sig":284,"net":"us","code":"6000jp5a","ids":",us6000jp5a,","sources":",us,","types":",origin,phase-data,","nst":24,"dmin":6.44,"rms":0.59,"gap":73,"magType":"mb","type":"earthquake","title":"M 4.3 - South Sandwich Islands region"},"geometry":{"type":"Point","coordinates":[-26.3268,-57.2046,91.614]},"id":"us6000jp5a"},
{"type":"Feature","properties":{"mag":4.6,"place":"eastern Turkey","time":1675799663826,"updated":1681594785040,"tz":null,"url":"https://earthquake.usgs.gov/earthquakes/eventpage/us6000jmbq","detail":"https://earthquake.usgs.gov/fdsnws/event/1/query?eventid=us6000jmbq&format=geojson","felt":null,"cdi":null,"mmi":null,"alert":null,"status":"reviewed","tsunami":0,"sig":326,"net":"us","code":"6000jmbq","ids":",us6000jmbq,","sources":",us,","types":",moment-tensor,origin,phase-data,","nst":127,"dmin":1.424,"rms":0.62,"gap":23,"magType":"mwr","type":"earthquake","title":"M 4.6 - eastern Turkey"},"geometry":{"type":"Point","coordinates":[39.9722,38.5889,10]},"id":"us6000jmbq"},
{"type":"Feature","properties":{"mag":4.4,"place":"Fiji region","time":1675803519482,"updated":1681594807040,"tz":null,"url":"https://earthquake.usgs.gov/earthquakes/eventpage/us6000jp4q","detail":"https://earthquake.usgs.gov/fdsnws/event/1/query?eventid=us6000jp4q&format=geojson","felt":null,"cdi":null,"mmi":null,"alert":null,"status":"reviewed","tsunami":0,"sig":298,"net":"us","code":"6000jp4q","ids":",us6000jp4q,","sources":",us,","types":",origin,phase-data,","nst":19,"dmin":3.376,"rms":0.67,"gap":105,"magType":"mb","type":"earthquake","title":"M 4.4 - Fiji region"},"geometry":{"type":"Point","coordinates":[-177.5589,-18.5746,620.166]},"id":"us6000jp4q"},
{"type":"Feature","properties":{"mag":4.1,"place":"Dead Sea region","time":1675804468432,"updated":1681594785040,"tz":null,"url":"https://earthquake.usgs.gov/earthquakes/eventpage/us6000jmcs","detail":"https://earthquake.usgs.gov/fdsnws/event/1/query?eventid=us6000jmcs&format=geojson","felt":65,"cdi":4.8,"mmi":null,"alert":null,"status":"reviewed","tsunami":0,"sig":290,"net":"us","code":"6000jmcs","ids":",us6000jmcs,","sources":",us,","types":",dyfi,origin,phase-data,","nst":11,"dmin":3.281,"rms":0.41,"gap":171,"magType":"mb","type":"earthquake","title":"M 4.1 - Dead Sea region"},"geometry":{"type":"Point","coordinates":[35.2415,32.0866,10]},"id":"us6000jmcs"},
{"type":"Feature","properties":{"mag":4.8,"place":"Tonga","time":1675804566392,"updated":1681594807040,"tz":null,"url":"https://earthquake.usgs.gov/earthquakes/eventpage/us6000jp4s","detail":"https://earthquake.usgs.gov/fdsnws/event/1/query?eventid=us6000jp4s&format=geojson","felt":null,"cdi":null,"mmi":null,"alert":null,"status":"reviewed","tsunami":0,"sig":354,"net":"us","code":"6000jp4s","ids":",us6000jp4s,","sources":",us,","types":",origin,phase-data,","nst":18,"dmin":1.928,"rms":0.62,"gap":83,"magType":"mb","type":"earthquake","title":"M 4.8 - Tonga"},"geometry":{"type":"Point","coordinates":[-173.3557,-16.8113,82.212]},"id":"us6000jp4s"},
{"type":"Feature","properties":{"mag":4.7,"place":"Central Turkey","time":1675804885723,"updated":1681594785040,"tz":null,"url":"https://earthquake.usgs.gov/earthquakes/eventpage/us6000jmc7","detail":"https://earthquake.usgs.gov/fdsnws/event/1/query?eventid=us6000jmc7&format=geojson","felt":1,"cdi":3.4,"mmi":null,"alert":null,"status":"reviewed","tsunami":0,"sig":340,"net":"us","code":"6000jmc7","ids":",us6000jmc7,","sources":",us,","types":",dyfi,moment-tensor,origin,phase-data,","nst":136,"dmin":0.618,"rms":0.68,"gap":45,"magType":"mww","type":"earthquake","title":"M 4.7 - Central Turkey"},"geometry":{"type":"Point","coordinates":[37.4957,37.904,3.541]},"id":"us6000jmc7"},
{"type":"Feature","properties":{"mag":4.4,"place":"southeast of the Loyalty Islands","time":1675805308763,"updated":1681594807040,"tz":null,"url":"https://earthquake.usgs.gov/earthquakes/eventpage/us6000jp4t","detail":"https://earthquake.usgs.gov/fdsnws/event/1/query?eventid=us6000jp4t&format=geojson","felt":null,"cdi":null,"mmi":null,"alert":null,"status":"reviewed","tsunami":0,"sig":298,"net":"us","code":"6000jp4t","ids":",us6000jp4t,","sources":",us,","types":",origin,phase-data,","nst":36,"dmin":3.123,"rms":0.65,"gap":172,"magType":"mb","type":"earthquake","title":"M 4.4 - southeast of the Loyalty Islands"},"geometry":{"type":"Point","coordinates":[170.7608,-22.0314,35]},"id":"us6000jp4t"},
{"type":"Feature","properties":{"mag":5.3,"place":"91 km W of Lata, Solomon Islands","time":1675805417344,"updated":1681594785040,"tz":null,"url":"https://earthquake.usgs.gov/earthquakes/eventpage/us6000jmcg","detail":"https://earthquake.usgs.gov/fdsnws/event/1/query?eventid=us6000jmcg&format=geojson","felt":null,"cdi":null,"mmi":3.72,"alert":"green","status":"reviewed","tsunami":0,"sig":432,"net":"us","code":"6000jmcg","ids":",usauto6000jmcg,us6000jmcg,","sources":",usauto,us,","types":",internal-moment-tensor,losspager,origin,phase-data,shakemap,","nst":136,"dmin":5.086,"rms":0.68,"gap":26,"magType":"mww","type":"earthquake","title":"M 5.3 - 91 km W of Lata, Solomon Islands"},"geometry":{"type":"Point","coordinates":[164.9618,-10.6644,51.214]},"id":"us6000jmcg"},
{"type":"Feature","properties":{"mag":5,"place":"northern Colombia","time":1675805496127,"updated":1681594785040,"tz":null,"url":"https://earthquake.usgs.gov/earthquakes/eventpage/us6000jmce","detail":"https://earthquake.usgs.gov/fdsnws/event/1/query?eventid=us6000jmce&format=geojson","felt":4,"cdi":4.9,"mmi":null,"alert":null,"status":"reviewed","tsunami":0,"sig":387,"net":"us","code":"6000jmce","ids":",us6000jmce,","sources":",us,","types":",dyfi,origin,phase-data,","nst":91,"dmin":1.742,"rms":0.54,"gap":58,"magType":"mb","type":"earthquake","title":"M 5.0 - northern Colombia"},"geometry":{"type":"Point","coordinates":[-76.9892,7.1614,23.642]},"id":"us6000jmce"},
{"type":"Feature","properties":{"mag":4.1,"place":"18 km S of Kahramanmara?, Turkey","time":1675807134224,"updated":1705605582261,"tz":null,"url":"https://earthquake.usgs.gov/earthquakes/eventpage/us6000jp4u","detail":"https://earthquake.usgs.gov/fdsnws/event/1/query?eventid=us6000jp4u&format=geojson","felt":null,"cdi":null,"mmi":null,"alert":null,"status":"reviewed","tsunami":0,"sig":259,"net":"us","code":"6000jp4u","ids":",us6000jp4u,","sources":",us,","types":",earthquake-name,origin,phase-data,","nst":20,"dmin":0.096,"rms":0.73,"gap":90,"magType":"mb","type":"earthquake","title":"M 4.1 - 18 km S of Kahramanmara?, Turkey"},"geometry":{"type":"Point","coordinates":[36.9564,37.4201,12.635]},"id":"us6000jp4u"},
{"type":"Feature","properties":{"mag":4.2,"place":"Central Turkey","time":1675807674879,"updated":1681594807040,"tz":null,"url":"https://earthquake.usgs.gov/earthquakes/eventpage/us6000jp4v","detail":"https://earthquake.usgs.gov/fdsnws/event/1/query?eventid=us6000jp4v&format=geojson","felt":null,"cdi":null,"mmi":null,"alert":null,"status":"reviewed","tsunami":0,"sig":271,"net":"us","code":"6000jp4v","ids":",us6000jp4v,","sources":",us,","types":",origin,phase-data,","nst":56,"dmin":0.357,"rms":0.58,"gap":45,"magType":"mb","type":"earthquake","title":"M 4.2 - Central Turkey"},"geometry":{"type":"Point","coordinates":[36.5541,38.0663,12.635]},"id":"us6000jp4v"},
{"type":"Feature","properties":{"mag":4.2,"place":"9 km NNE of Göksun, Turkey","time":1675809927921,"updated":1681594807040,"tz":null,"url":"https://earthquake.usgs.gov/earthquakes/eventpage/us6000jp4y","detail":"https://earthquake.usgs.gov/fdsnws/event/1/query?eventid=us6000jp4y&format=geojson","felt":null,"cdi":null,"mmi":null,"alert":null,"status":"reviewed","tsunami":0,"sig":271,"net":"us","code":"6000jp4y","ids":",us6000jp4y,","sources":",us,","types":",origin,phase-data,","nst":51,"dmin":0.325,"rms":1.21,"gap":37,"magType":"mb","type":"earthquake","title":"M 4.2 - 9 km NNE of Göksun, Turkey"},"geometry":{"type":"Point","coordinates":[36.5507,38.0992,6.069]},"id":"us6000jp4y"},
{"type":"Feature","properties":{"mag":4.7,"place":"59 km W of San Antonio de los Cobres, Argentina","time":1675811572630,"updated":1681594785040,"tz":null,"url":"https://earthquake.usgs.gov/earthquakes/eventpage/us6000jmdu","detail":"https://earthquake.usgs.gov/fdsnws/event/1/query?eventid=us6000jmdu&format=geojson","felt":null,"cdi":null,"mmi":null,"alert":null,"status":"reviewed","tsunami":0,"sig":340,"net":"us","code":"6000jmdu","ids":",us6000jmdu,","sources":",us,","types":",origin,phase-data,","nst":132,"dmin":1.746,"rms":0.68,"gap":43,"magType":"mwr","type":"earthquake","title":"M 4.7 - 59 km W of San Antonio de los Cobres, Argentina"},"geometry":{"type":"Point","coordinates":[-66.9039,-24.2545,174.594]},"id":"us6000jmdu"},
{"type":"Feature","properties":{"mag":4.5,"place":"Central Turkey","time":1675811582009,"updated":1681594785040,"tz":null,"url":"https://earthquake.usgs.gov/earthquakes/eventpage/us6000jmdw","detail":"https://earthquake.usgs.gov/fdsnws/event/1/query?eventid=us6000jmdw&format=geojson","felt":3,"cdi":4.3,"mmi":null,"alert":null,"status":"reviewed","tsunami":0,"sig":313,"net":"us","code":"6000jmdw","ids":",us6000jmdw,","sources":",us,","types":",dyfi,origin,phase-data,","nst":95,"dmin":1.527,"rms":0.93,"gap":54,"magType":"mb","type":"earthquake","title":"M 4.5 - Central Turkey"},"geometry":{"type":"Point","coordinates":[35.8637,36.0927,10]},"id":"us6000jmdw"},
{"type":"Feature","properties":{"mag":4.1,"place":"2 km NNE of Ekinözü, Turkey","time":1675815115118,"updated":1681594785040,"tz":null,"url":"https://earthquake.usgs.gov/earthquakes/eventpage/us6000jme5","detail":"https://earthquake.usgs.gov/fdsnws/event/1/query?eventid=us6000jme5&format=geojson","felt":null,"cdi":null,"mmi":null,"alert":null,"status":"reviewed","tsunami":0,"sig":259,"net":"us","code":"6000jme5","ids":",us6000jme5,","sources":",us,","types":",origin,phase-data,","nst":33,"dmin":0.622,"rms":0.44,"gap":63,"magType":"mb","type":"earthquake","title":"M 4.1 - 2 km NNE of Ekinözü, Turkey"},"geometry":{"type":"Point","coordinates":[37.1939,38.0835,14.197]},"id":"us6000jme5"},
{"type":"Feature","properties":{"mag":4.2,"place":"100 km SSE of Toba, Japan","time":1675818482261,"updated":1681594808040,"tz":null,"url":"https://earthquake.usgs.gov/earthquakes/eventpage/us6000jpc9","detail":"https://earthquake.usgs.gov/fdsnws/event/1/query?eventid=us6000jpc9&format=geojson","felt":null,"cdi":null,"mmi":null,"alert":null,"status":"reviewed","tsunami":0,"sig":271,"net":"us","code":"6000jpc9","ids":",us6000jpc9,","sources":",us,","types":",origin,phase-data,","nst":32,"dmin":1.711,"rms":0.57,"gap":139,"magType":"mb","type":"earthquake","title":"M 4.2 - 100 km SSE of Toba, Japan"},"geometry":{"type":"Point","coordinates":[137.2662,33.6464,355.629]},"id":"us6000jpc9"},
{"type":"Feature","properties":{"mag":4.4,"place":"284 km NE of Lospalos, Timor Leste","time":1675819492292,"updated":1681594808040,"tz":null,"url":"https://earthquake.usgs.gov/earthquakes/eventpage/us6000jpcb","detail":"https://earthquake.usgs.gov/fdsnws/event/1/query?eventid=us6000jpcb&format=geojson","felt":null,"cdi":null,"mmi":null,"alert":null,"status":"reviewed","tsunami":0,"sig":298,"net":"us","code":"6000jpcb","ids":",us6000jpcb,","sources":",us,","types":",origin,phase-data,","nst":14,"dmin":2.426,"rms":0.35,"gap":115,"magType":"mb","type":"earthquake","title":"M 4.4 - 284 km NE of Lospalos, Timor Leste"},"geometry":{"type":"Point","coordinates":[129.0677,-6.9813,153.222]},"id":"us6000jpcb"},
{"type":"Feature","properties":{"mag":4.6,"place":"117 km SSE of San Mateo del Mar, Mexico","time":1675823052957,"updated":1705605585463,"tz":null,"url":"https://earthquake.usgs.gov/earthquakes/eventpage/us6000jmen","detail":"https://earthquake.usgs.gov/fdsnws/event/1/query?eventid=us6000jmen&format=geojson","felt":null,"cdi":null,"mmi":null,"alert":null,"status":"reviewed","tsunami":0,"sig":326,"net":"us","code":"6000jmen","ids":",us6000jmen,","sources":",us,","types":",earthquake-name,origin,phase-data,","nst":86,"dmin":1.578,"rms":0.83,"gap":92,"magType":"mb","type":"earthquake","title":"M 4.6 - 117 km SSE of San Mateo del Mar, Mexico"},"geometry":{"type":"Point","coordinates":[-94.7611,15.1737,10]},"id":"us6000jmen"},
{"type":"Feature","properties":{"mag":4.3,"place":"18 km NW of Ad?yaman, Turkey","time":1675823112724,"updated":1681594786040,"tz":null,"url":"https://earthquake.usgs.gov/earthquakes/eventpage/us6000jmem","detail":"https://earthquake.usgs.gov/fdsnws/event/1/query?eventid=us6000jmem&format=geojson","felt":null,"cdi":null,"mmi":null,"alert":null,"status":"reviewed","tsunami":0,"sig":284,"net":"us","code":"6000jmem","ids":",us6000jmem,","sources":",us,","types":",origin,phase-data,","nst":63,"dmin":1.008,"rms":0.58,"gap":80,"magType":"mb","type":"earthquake","title":"M 4.3 - 18 km NW of Ad?yaman, Turkey"},"geometry":{"type":"Point","coordinates":[38.1193,37.8759,10]},"id":"us6000jmem"},
{"type":"Feature","properties":{"mag":4,"place":"Izu Islands, Japan region","time":1675824252360,"updated":1681594786040,"tz":null,"url":"https://earthquake.usgs.gov/earthquakes/eventpage/us6000jmep","detail":"https://earthquake.usgs.gov/fdsnws/event/1/query?eventid=us6000jmep&format=geojson","felt":null,"cdi":null,"mmi":null,"alert":null,"status":"reviewed","tsunami":0,"sig":246,"net":"us","code":"6000jmep","ids":",us6000jmep,","sources":",us,","types":",origin,phase-data,","nst":69,"dmin":3.033,"rms":0.45,"gap":82,"magType":"mb","type":"earthquake","title":"M 4.0 - Izu Islands, Japan region"},"geometry":{"type":"Point","coordinates":[138.3409,30.3381,436.135]},"id":"us6000jmep"},
{"type":"Feature","properties":{"mag":4.1,"place":"7 km SE of Bahçe, Turkey","time":1675824957054,"updated":1681594809040,"tz":null,"url":"https://earthquake.usgs.gov/earthquakes/eventpage/us6000jpcg","detail":"https://earthquake.usgs.gov/fdsnws/event/1/query?eventid=us6000jpcg&format=geojson","felt":null,"cdi":null,"mmi":null,"alert":null,"status":"reviewed","tsunami":0,"sig":259,"net":"us","code":"6000jpcg","ids":",us6000jpcg,","sources":",us,","types":",origin,phase-data,","nst":17,"dmin":0.401,"rms":0.32,"gap":89,"magType":"mb","type":"earthquake","title":"M 4.1 - 7 km SE of Bahçe, Turkey"},"geometry":{"type":"Point","coordinates":[36.6433,37.1601,10]},"id":"us6000jpcg"},
{"type":"Feature","properties":{"mag":4.3,"place":"6 km WSW of Nurda??, Turkey","time":1675825262184,"updated":1681594786040,"tz":null,"url":"https://earthquake.usgs.gov/earthquakes/eventpage/us6000jmer","detail":"https://earthquake.usgs.gov/fdsnws/event/1/query?eventid=us6000jmer&format=geojson","felt":null,"cdi":null,"mmi":null,"alert":null,"status":"reviewed","tsunami":0,"sig":284,"net":"us","code":"6000jmer","ids":",us6000jmer,","sources":",us,","types":",origin,phase-data,","nst":31,"dmin":0.398,"rms":0.51,"gap":111,"magType":"mb","type":"earthquake","title":"M 4.3 - 6 km WSW of Nurda??, Turkey"},"geometry":{"type":"Point","coordinates":[36.671,37.1511,10]},"id":"us6000jmer"},
{"type":"Feature","properties":{"mag":4.4,"place":"46 km NE of Masjed Soleym?n, Iran","time":1675828876063,"updated":1681594786040,"tz":null,"url":"https://earthquake.usgs.gov/earthquakes/eventpage/us6000jmfb","detail":"https://earthquake.usgs.gov/fdsnws/event/1/query?eventid=us6000jmfb&format=geojson","felt":null,"cdi":null,"mmi":null,"alert":null,"status":"reviewed","tsunami":0,"sig":298,"net":"us","code":"6000jmfb","ids":",us6000jmfb,","sources":",us,","types":",origin,phase-data,","nst":42,"dmin":4.88,"rms":0.5,"gap":63,"magType":"mb","type":"earthquake","title":"M 4.4 - 46 km NE of Masjed Soleym?n, Iran"},"geometry":{"type":"Point","coordinates":[49.651,32.2337,10]},"id":"us6000jmfb"},
{"type":"Feature","properties":{"mag":4.3,"place":"52 km ESE of Hualien City, Taiwan","time":1675829919560,"updated":1681594808040,"tz":null,"url":"https://earthquake.usgs.gov/earthquakes/eventpage/us6000jpca","detail":"https://earthquake.usgs.gov/fdsnws/event/1/query?eventid=us6000jpca&format=geojson","felt":null,"cdi":null,"mmi":null,"alert":null,"status":"reviewed","tsunami":0,"sig":284,"net":"us","code":"6000jpca","ids":",us6000jpca,","sources":",us,","types":",origin,phase-data,","nst":24,"dmin":0.594,"rms":0.77,"gap":102,"magType":"mb","type":"earthquake","title":"M 4.3 - 52 km ESE of Hualien City, Taiwan"},"geometry":{"type":"Point","coordinates":[122.0522,23.7502,44.844]},"id":"us6000jpca"},
{"type":"Feature","properties":{"mag":4.6,"place":"Kuril Islands","time":1675831921942,"updated":1681594786040,"tz":null,"url":"https://earthquake.usgs.gov/earthquakes/eventpage/us6000jmff","detail":"https://earthquake.usgs.gov/fdsnws/event/1/query?eventid=us6000jmff&format=geojson","felt":null,"cdi":null,"mmi":null,"alert":null,"status":"reviewed","tsunami":0,"sig":326,"net":"us","code":"6000jmff","ids":",us6000jmff,","sources":",us,","types":",origin,phase-data,","nst":66,"dmin":7.355,"rms":0.47,"gap":98,"magType":"mb","type":"earthquake","title":"M 4.6 - Kuril Islands"},"geometry":{"type":"Point","coordinates":[152.9221,46.4399,35]},"id":"us6000jmff"},
{"type":"Feature","properties":{"mag":4.2,"place":"19 km ENE of Göksun, Turkey","time":1675835557157,"updated":1681594786040,"tz":null,"url":"https://earthquake.usgs.gov/earthquakes/eventpage/us6000jmfk","detail":"https://earthquake.usgs.gov/fdsnws/event/1/query?eventid=us6000jmfk&format=geojson","felt":null,"cdi":null,"mmi":null,"alert":null,"status":"reviewed","tsunami":0,"sig":271,"net":"us","code":"6000jmfk","ids":",us6000jmfk,","sources":",us,","types":",moment-tensor,origin,phase-data,","nst":61,"dmin":0.416,"rms":1.29,"gap":46,"magType":"mwr","type":"earthquake","title":"M 4.2 - 19 km ENE of Göksun, Turkey"},"geometry":{"type":"Point","coordinates":[36.7087,38.0593,10]},"id":"us6000jmfk"},
{"type":"Feature","properties":{"mag":4.2,"place":"199 km WSW of Port McNeill, Canada","time":1675835977381,"updated":1681594786040,"tz":null,"url":"https://earthquake.usgs.gov/earthquakes/eventpage/us6000jmfl","detail":"https://earthquake.usgs.gov/fdsnws/event/1/query?eventid=us6000jmfl&format=geojson","felt":null,"cdi":null,"mmi":null,"alert":null,"status":"reviewed","tsunami":0,"sig":271,"net":"us","code":"6000jmfl","ids":",us6000jmfl,","sources":",us,","types":",origin,phase-data,","nst":110,"dmin":2.226,"rms":0.73,"gap":160,"magType":"mb","type":"earthquake","title":"M 4.2 - 199 km WSW of Port McNeill, Canada"},"geometry":{"type":"Point","coordinates":[-129.8365,50.2404,12.495]},"id":"us6000jmfl"},
{"type":"Feature","properties":{"mag":4.4,"place":"10 km SE of Çelikhan, Turkey","time":1675836514681,"updated":1681594786040,"tz":null,"url":"https://earthquake.usgs.gov/earthquakes/eventpage/us6000jmfp","detail":"https://earthquake.usgs.gov/fdsnws/event/1/query?eventid=us6000jmfp&format=geojson","felt":null,"cdi":null,"mmi":null,"alert":null,"status":"reviewed","tsunami":0,"sig":298,"net":"us","code":"6000jmfp","ids":",us6000jmfp,","sources":",us,","types":",origin,phase-data,","nst":38,"dmin":0.653,"rms":0.87,"gap":86,"magType":"mb","type":"earthquake","title":"M 4.4 - 10 km SE of Çelikhan, Turkey"},"geometry":{"type":"Point","coordinates":[38.313,37.9558,10]},"id":"us6000jmfp"},
{"type":"Feature","properties":{"mag":4.5,"place":"3 km E of Antakya, Turkey","time":1675836540273,"updated":1681594786040,"tz":null,"url":"https://earthquake.usgs.gov/earthquakes/eventpage/us6000jmfn","detail":"https://earthquake.usgs.gov/fdsnws/event/1/query?eventid=us6000jmfn&format=geojson","felt":1,"cdi":2,"mmi":null,"alert":null,"status":"reviewed","tsunami":0,"sig":312,"net":"us","code":"6000jmfn","ids":",us6000jmfn,","sources":",us,","types":",dyfi,origin,phase-data,","nst":54,"dmin":1.265,"rms":0.89,"gap":99,"magType":"mb","type":"earthquake","title":"M 4.5 - 3 km E of Antakya, Turkey"},"geometry":{"type":"Point","coordinates":[36.1959,36.2022,10]},"id":"us6000jmfn"},
{"type":"Feature","properties":{"mag":4.6,"place":"283 km S of Burica, Panama","time":1675837594720,"updated":1681594786040,"tz":null,"url":"https://earthquake.usgs.gov/earthquakes/eventpage/us6000jmfr","detail":"https://earthquake.usgs.gov/fdsnws/event/1/query?eventid=us6000jmfr&format=geojson","felt":null,"cdi":null,"mmi":null,"alert":null,"status":"reviewed","tsunami":0,"sig":326,"net":"us","code":"6000jmfr","ids":",us6000jmfr,","sources":",us,","types":",origin,phase-data,","nst":42,"dmin":2.985,"rms":0.67,"gap":153,"magType":"mb","type":"earthquake","title":"M 4.6 - 283 km S of Burica, Panama"},"geometry":{"type":"Point","coordinates":[-82.6707,5.4766,10]},"id":"us6000jmfr"},
{"type":"Feature","properties":{"mag":4.4,"place":"40 km SSW of Nemuro, Japan","time":1675838341852,"updated":1681594786040,"tz":null,"url":"https://earthquake.usgs.gov/earthquakes/eventpage/us6000jmfs","detail":"https://earthquake.usgs.gov/fdsnws/event/1/query?eventid=us6000jmfs&format=geojson","felt":null,"cdi":null,"mmi":null,"alert":null,"status":"reviewed","tsunami":0,"sig":298,"net":"us","code":"6000jmfs","ids":",us6000jmfs,","sources":",us,","types":",origin,phase-data,","nst":86,"dmin":1.898,"rms":0.52,"gap":82,"magType":"mb","type":"earthquake","title":"M 4.4 - 40 km SSW of Nemuro, Japan"},"geometry":{"type":"Point","coordinates":[145.3508,43.0018,52.923]},"id":"us6000jmfs"},
{"type":"Feature","properties":{"mag":4.6,"place":"43 km ENE of Colonia, Micronesia","time":1675839449956,"updated":1681594808040,"tz":null,"url":"https://earthquake.usgs.gov/earthquakes/eventpage/us6000jpcd","detail":"https://earthquake.usgs.gov/fdsnws/event/1/query?eventid=us6000jpcd&format=geojson","felt":null,"cdi":null,"mmi":null,"alert":null,"status":"reviewed","tsunami":0,"sig":326,"net":"us","code":"6000jpcd","ids":",us6000jpcd,","sources":",us,","types":",origin,phase-data,","nst":33,"dmin":12.285,"rms":1.06,"gap":139,"magType":"mb","type":"earthquake","title":"M 4.6 - 43 km ENE of Colonia, Micronesia"},"geometry":{"type":"Point","coordinates":[138.4978,9.6523,10]},"id":"us6000jpcd"},
{"type":"Feature","properties":{"mag":4.4,"place":"16 km ENE of Denizciler, Turkey","time":1675840841894,"updated":1681594808040,"tz":null,"url":"https://earthquake.usgs.gov/earthquakes/eventpage/us6000jpcf","detail":"https://earthquake.usgs.gov/fdsnws/event/1/query?eventid=us6000jpcf&format=geojson","felt":null,"cdi":null,"mmi":null,"alert":null,"status":"reviewed","tsunami":0,"sig":298,"net":"us","code":"6000jpcf","ids":",us6000jpcf,","sources":",us,","types":",origin,phase-data,","nst":30,"dmin":0.815,"rms":0.92,"gap":105,"magType":"mb","type":"earthquake","title":"M 4.4 - 16 km ENE of Denizciler, Turkey"},"geometry":{"type":"Point","coordinates":[36.3794,36.7009,10]},"id":"us6000jpcf"},
{"type":"Feature","properties":{"mag":4.1,"place":"4 km SE of Serinyol, Turkey","time":1675841025800,"updated":1681594808040,"tz":null,"url":"https://earthquake.usgs.gov/earthquakes/eventpage/us6000jpce","detail":"https://earthquake.usgs.gov/fdsnws/event/1/query?eventid=us6000jpce&format=geojson","felt":null,"cdi":null,"mmi":null,"alert":null,"status":"reviewed","tsunami":0,"sig":259,"net":"us","code":"6000jpce","ids":",us6000jpce,","sources":",us,","types":",origin,phase-data,","nst":30,"dmin":1.147,"rms":0.92,"gap":107,"magType":"mb","type":"earthquake","title":"M 4.1 - 4 km SE of Serinyol, Turkey"},"geometry":{"type":"Point","coordinates":[36.2434,36.3259,10]},"id":"us6000jpce"},
{"type":"Feature","properties":{"mag":5,"place":"1 km S of Göksun, Turkey","time":1675842511978,"updated":1681594786040,"tz":null,"url":"https://earthquake.usgs.gov/earthquakes/eventpage/us6000jmg1","detail":"https://earthquake.usgs.gov/fdsnws/event/1/query?eventid=us6000jmg1&format=geojson","felt":4,"cdi":3.4,"mmi":null,"alert":null,"status":"reviewed","tsunami":0,"sig":386,"net":"us","code":"6000jmg1","ids":",us6000jmg1,","sources":",us,","types":",dyfi,moment-tensor,origin,phase-data,","nst":102,"dmin":0.405,"rms":0.99,"gap":27,"magType":"mww","type":"earthquake","title":"M 5.0 - 1 km S of Göksun, Turkey"},"geometry":{"type":"Point","coordinates":[36.4959,38.0061,10]},"id":"us6000jmg1"},
{"type":"Feature","properties":{"mag":4.1,"place":"15 km NE of Gölba??, Turkey","time":1675845936239,"updated":1681594787040,"tz":null,"url":"https://earthquake.usgs.gov/earthquakes/eventpage/us6000jmg5","detail":"https://earthquake.usgs.gov/fdsnws/event/1/query?eventid=us6000jmg5&format=geojson","felt":null,"cdi":null,"mmi":null,"alert":null,"status":"reviewed","tsunami":0,"sig":259,"net":"us","code":"6000jmg5","ids":",us6000jmg5,","sources":",us,","types":",origin,phase-data,","nst":36,"dmin":0.782,"rms":0.92,"gap":70,"magType":"mwr","type":"earthquake","title":"M 4.1 - 15 km NE of Gölba??, Turkey"},"geometry":{"type":"Point","coordinates":[37.7666,37.8795,12.886]},"id":"us6000jmg5"},
{"type":"Feature","properties":{"mag":4.3,"place":"14 km SSW of A?a?? Karafak?l?, Turkey","time":1675847587114,"updated":1705605593259,"tz":null,"url":"https://earthquake.usgs.gov/earthquakes/eventpage/us6000jpch","detail":"https://earthquake.usgs.gov/fdsnws/event/1/query?eventid=us6000jpch&format=geojson","felt":null,"cdi":null,"mmi":null,"alert":null,"status":"reviewed","tsunami":0,"sig":284,"net":"us","code":"6000jpch","ids":",us6000jpch,","sources":",us,","types":",earthquake-name,origin,phase-data,","nst":35,"dmin":0.762,"rms":0.48,"gap":137,"magType":"mb","type":"earthquake","title":"M 4.3 - 14 km SSW of A?a?? Karafak?l?, Turkey"},"geometry":{"type":"Point","coordinates":[36.5077,36.6565,10]},"id":"us6000jpch"},
{"type":"Feature","properties":{"mag":4.4,"place":"1 km NNE of Göksun, Turkey","time":1675849931967,"updated":1681594809040,"tz":null,"url":"https://earthquake.usgs.gov/earthquakes/eventpage/us6000jpcs","detail":"https://earthquake.usgs.gov/fdsnws/event/1/query?eventid=us6000jpcs&format=geojson","felt":null,"cdi":null,"mmi":null,"alert":null,"status":"reviewed","tsunami":0,"sig":298,"net":"us","code":"6000jpcs","ids":",us6000jpcs,","sources":",us,","types":",origin,phase-data,","nst":49,"dmin":0.379,"rms":0.62,"gap":51,"magType":"mb","type":"earthquake","title":"M 4.4 - 1 km NNE of Göksun, Turkey"},"geometry":{"type":"Point","coordinates":[36.5009,38.0337,10]},"id":"us6000jpcs"},
{"type":"Feature","properties":{"mag":4.5,"place":"State of Yap, Federated States of Micronesia","time":1675851302034,"updated":1681594809040,"tz":null,"url":"https://earthquake.usgs.gov/earthquakes/eventpage/us6000jpci","detail":"https://earthquake.usgs.gov/fdsnws/event/1/query?eventid=us6000jpci&format=geojson","felt":null,"cdi":null,"mmi":null,"alert":null,"status":"reviewed","tsunami":0,"sig":312,"net":"us","code":"6000jpci","ids":",us6000jpci,","sources":",us,","types":",origin,phase-data,","nst":23,"dmin":7.623,"rms":0.61,"gap":127,"magType":"mb","type":"earthquake","title":"M 4.5 - State of Yap, Federated States of Micronesia"},"geometry":{"type":"Point","coordinates":[138.108,9.7874,10]},"id":"us6000jpci"},
{"type":"Feature","properties":{"mag":4.4,"place":"23 km E of Nurda??, Turkey","time":1675851983750,"updated":1681594787040,"tz":null,"url":"https://earthquake.usgs.gov/earthquakes/eventpage/us6000jmg9","detail":"https://earthquake.usgs.gov/fdsnws/event/1/query?eventid=us6000jmg9&format=geojson","felt":2,"cdi":2.7,"mmi":null,"alert":null,"status":"reviewed","tsunami":0,"sig":298,"net":"us","code":"6000jmg9","ids":",us6000jmg9,","sources":",us,","types":",dyfi,moment-tensor,origin,phase-data,","nst":67,"dmin":0.167,"rms":0.97,"gap":113,"magType":"mwr","type":"earthquake","title":"M 4.4 - 23 km E of Nurda??, Turkey"},"geometry":{"type":"Point","coordinates":[37.0022,37.1554,6.602]},"id":"us6000jmg9"},
{"type":"Feature","properties":{"mag":4.2,"place":"Kermadec Islands region","time":1675852605008,"updated":1681594809040,"tz":null,"url":"https://earthquake.usgs.gov/earthquakes/eventpage/us6000jpcj","detail":"https://earthquake.usgs.gov/fdsnws/event/1/query?eventid=us6000jpcj&format=geojson","felt":null,"cdi":null,"mmi":null,"alert":null,"status":"reviewed","tsunami":0,"sig":271,"net":"us","code":"6000jpcj","ids":",us6000jpcj,","sources":",us,","types":",origin,phase-data,","nst":19,"dmin":2.402,"rms":0.83,"gap":152,"magType":"mb","type":"earthquake","title":"M 4.2 - Kermadec Islands region"},"geometry":{"type":"Point","coordinates":[-179.7357,-27.4395,447.032]},"id":"us6000jpcj"},
{"type":"Feature","properties":{"mag":4.8,"place":"67 km S of Hualien City, Taiwan","time":1675853399600,"updated":1681594787040,"tz":null,"url":"https://earthquake.usgs.gov/earthquakes/eventpage/us6000jmgd","detail":"https://earthquake.usgs.gov/fdsnws/event/1/query?eventid=us6000jmgd&format=geojson","felt":7,"cdi":5.4,"mmi":null,"alert":null,"status":"reviewed","tsunami":0,"sig":358,"net":"us","code":"6000jmgd","ids":",us6000jmgd,","sources":",us,","types":",dyfi,moment-tensor,origin,phase-data,","nst":113,"dmin":0.294,"rms":0.7,"gap":40,"magType":"mwr","type":"earthquake","title":"M 4.8 - 67 km S of Hualien City, Taiwan"},"geometry":{"type":"Point","coordinates":[121.6164,23.3686,32.526]},"id":"us6000jmgd"},
{"type":"Feature","properties":{"mag":4.1,"place":"11 km SW of Do?an?ehir, Turkey","time":1675854019726,"updated":1681594787040,"tz":null,"url":"https://earthquake.usgs.gov/earthquakes/eventpage/us6000jmge","detail":"https://earthquake.usgs.gov/fdsnws/event/1/query?eventid=us6000jmge&format=geojson","felt":null,"cdi":null,"mmi":null,"alert":null,"status":"reviewed","tsunami":0,"sig":259,"net":"us","code":"6000jmge","ids":",us6000jmge,","sources":",us,","types":",moment-tensor,origin,phase-data,","nst":33,"dmin":0.864,"rms":0.8,"gap":82,"magType":"mwr","type":"earthquake","title":"M 4.1 - 11 km SW of Do?an?ehir, Turkey"},"geometry":{"type":"Point","coordinates":[37.7704,38.0268,10]},"id":"us6000jmge"},
{"type":"Feature","properties":{"mag":5.4,"place":"17 km N of Gölba??, Turkey","time":1675854712969,"updated":1681594787040,"tz":null,"url":"https://earthquake.usgs.gov/earthquakes/eventpage/us6000jmgf","detail":"https://earthquake.usgs.gov/fdsnws/event/1/query?eventid=us6000jmgf&format=geojson","felt":4,"cdi":6.6,"mmi":6.25,"alert":"green","status":"reviewed","tsunami":0,"sig":451,"net":"us","code":"6000jmgf","ids":",us6000jmgf,usauto6000jmgf,","sources":",us,usauto,","types":",dyfi,internal-moment-tensor,losspager,moment-tensor,origin,phase-data,shakemap,","nst":155,"dmin":0.743,"rms":0.66,"gap":44,"magType":"mww","type":"earthquake","title":"M 5.4 - 17 km N of Gölba??, Turkey"},"geometry":{"type":"Point","coordinates":[37.6611,37.9389,9.559]},"id":"us6000jmgf"},
{"type":"Feature","properties":{"mag":4.5,"place":"Central Turkey","time":1675855440758,"updated":1681594787040,"tz":null,"url":"https://earthquake.usgs.gov/earthquakes/eventpage/us6000jmgg","detail":"https://earthquake.usgs.gov/fdsnws/event/1/query?eventid=us6000jmgg&format=geojson","felt":null,"cdi":null,"mmi":null,"alert":null,"status":"reviewed","tsunami":0,"sig":312,"net":"us","code":"6000jmgg","ids":",us6000jmgg,","sources":",us,","types":",moment-tensor,origin,phase-data,","nst":79,"dmin":0.714,"rms":0.72,"gap":79,"magType":"mwr","type":"earthquake","title":"M 4.5 - Central Turkey"},"geometry":{"type":"Point","coordinates":[37.6179,37.9367,3.53]},"id":"us6000jmgg"},
{"type":"Feature","properties":{"mag":4.8,"place":"44 km WNW of Port-Olry, Vanuatu","time":1675855729600,"updated":1681594787040,"tz":null,"url":"https://earthquake.usgs.gov/earthquakes/eventpage/us6000jmgi","detail":"https://earthquake.usgs.gov/fdsnws/event/1/query?eventid=us6000jmgi&format=geojson","felt":null,"cdi":null,"mmi":null,"alert":null,"status":"reviewed","tsunami":0,"sig":354,"net":"us","code":"6000jmgi","ids":",us6000jmgi,","sources":",us,","types":",origin,phase-data,","nst":45,"dmin":6.095,"rms":0.45,"gap":86,"magType":"mb","type":"earthquake","title":"M 4.8 - 44 km WNW of Port-Olry, Vanuatu"},"geometry":{"type":"Point","coordinates":[166.694,-14.8733,10]},"id":"us6000jmgi"},
{"type":"Feature","properties":{"mag":5,"place":"5 km N of Abepura, Indonesia","time":1675856134189,"updated":1681594787040,"tz":null,"url":"https://earthquake.usgs.gov/earthquakes/eventpage/us6000jmgj","detail":"https://earthquake.usgs.gov/fdsnws/event/1/query?eventid=us6000jmgj&format=geojson","felt":4,"cdi":4.9,"mmi":null,"alert":null,"status":"reviewed","tsunami":0,"sig":387,"net":"us","code":"6000jmgj","ids":",us6000jmgj,","sources":",us,","types":",dyfi,origin,phase-data,","nst":59,"dmin":8.379,"rms":0.45,"gap":80,"magType":"mb","type":"earthquake","title":"M 5.0 - 5 km N of Abepura, Indonesia"},"geometry":{"type":"Point","coordinates":[140.6296,-2.5466,15.164]},"id":"us6000jmgj"},
{"type":"Feature","properties":{"mag":4,"place":"18 km S of Af?in, Turkey","time":1675856241861,"updated":1681594810040,"tz":null,"url":"https://earthquake.usgs.gov/earthquakes/eventpage/us6000jpdb","detail":"https://earthquake.usgs.gov/fdsnws/event/1/query?eventid=us6000jpdb&format=geojson","felt":null,"cdi":null,"mmi":null,"alert":null,"status":"reviewed","tsunami":0,"sig":246,"net":"us","code":"6000jpdb","ids":",us6000jpdb,","sources":",us,","types":",origin,phase-data,","nst":24,"dmin":0.491,"rms":0.64,"gap":76,"magType":"mb","type":"earthquake","title":"M 4.0 - 18 km S of Af?in, Turkey"},"geometry":{"type":"Point","coordinates":[36.8835,38.0802,10]},"id":"us6000jpdb"},
{"type":"Feature","properties":{"mag":4.1,"place":"Central Turkey","time":1675858316031,"updated":1681594787040,"tz":null,"url":"https://earthquake.usgs.gov/earthquakes/eventpage/us6000jmgm","detail":"https://earthquake.usgs.gov/fdsnws/event/1/query?eventid=us6000jmgm&format=geojson","felt":null,"cdi":null,"mmi":null,"alert":null,"status":"reviewed","tsunami":0,"sig":259,"net":"us","code":"6000jmgm","ids":",us6000jmgm,","sources":",us,","types":",origin,phase-data,","nst":37,"dmin":0.802,"rms":0.54,"gap":46,"magType":"mb","type":"earthquake","title":"M 4.1 - Central Turkey"},"geometry":{"type":"Point","coordinates":[37.2766,38.8457,10]},"id":"us6000jmgm"},
{"type":"Feature","properties":{"mag":4.7,"place":"10 km WSW of Abepura, Indonesia","time":1675859649761,"updated":1681594809040,"tz":null,"url":"https://earthquake.usgs.gov/earthquakes/eventpage/us6000jpcl","detail":"https://earthquake.usgs.gov/fdsnws/event/1/query?eventid=us6000jpcl&format=geojson","felt":null,"cdi":null,"mmi":null,"alert":null,"status":"reviewed","tsunami":0,"sig":340,"net":"us","code":"6000jpcl","ids":",us6000jpcl,","sources":",us,","types":",origin,phase-data,","nst":39,"dmin":8.296,"rms":0.81,"gap":80,"magType":"mb","type":"earthquake","title":"M 4.7 - 10 km WSW of Abepura, Indonesia"},"geometry":{"type":"Point","coordinates":[140.5502,-2.644,28.109]},"id":"us6000jpcl"},
{"type":"Feature","properties":{"mag":4.5,"place":"163 km NW of Tobelo, Indonesia","time":1675861617259,"updated":1681594809040,"tz":null,"url":"https://earthquake.usgs.gov/earthquakes/eventpage/us6000jpcm","detail":"https://earthquake.usgs.gov/fdsnws/event/1/query?eventid=us6000jpcm&format=geojson","felt":null,"cdi":null,"mmi":null,"alert":null,"status":"reviewed","tsunami":0,"sig":312,"net":"us","code":"6000jpcm","ids":",us6000jpcm,","sources":",us,","types":",origin,phase-data,","nst":35,"dmin":2.079,"rms":0.56,"gap":120,"magType":"mb","type":"earthquake","title":"M 4.5 - 163 km NW of Tobelo, Indonesia"},"geometry":{"type":"Point","coordinates":[127.0361,2.8377,45.934]},"id":"us6000jpcm"},
{"type":"Feature","properties":{"mag":4.5,"place":"3 km SSE of Abepura, Indonesia","time":1675862473505,"updated":1681594787040,"tz":null,"url":"https://earthquake.usgs.gov/earthquakes/eventpage/us6000jmgx","detail":"https://earthquake.usgs.gov/fdsnws/event/1/query?eventid=us6000jmgx&format=geojson","felt":null,"cdi":null,"mmi":null,"alert":null,"status":"reviewed","tsunami":0,"sig":312,"net":"us","code":"6000jmgx","ids":",us6000jmgx,","sources":",us,","types":",origin,phase-data,","nst":34,"dmin":0.128,"rms":0.33,"gap":81,"magType":"mb","type":"earthquake","title":"M 4.5 - 3 km SSE of Abepura, Indonesia"},"geometry":{"type":"Point","coordinates":[140.6461,-2.629,13.008]},"id":"us6000jmgx"},
{"type":"Feature","properties":{"mag":4.1,"place":"10 km S of Çelikhan, Turkey","time":1675862566806,"updated":1681594787040,"tz":null,"url":"https://earthquake.usgs.gov/earthquakes/eventpage/us6000jmgv","detail":"https://earthquake.usgs.gov/fdsnws/event/1/query?eventid=us6000jmgv&format=geojson","felt":null,"cdi":null,"mmi":null,"alert":null,"status":"reviewed","tsunami":0,"sig":259,"net":"us","code":"6000jmgv","ids":",us6000jmgv,","sources":",us,","types":",origin,phase-data,","nst":32,"dmin":0.679,"rms":0.38,"gap":45,"magType":"mb","type":"earthquake","title":"M 4.1 - 10 km S of Çelikhan, Turkey"},"geometry":{"type":"Point","coordinates":[38.2283,37.9312,17.226]},"id":"us6000jmgv"},
{"type":"Feature","properties":{"mag":5.1,"place":"3 km N of Nurhak, Turkey","time":1675866024960,"updated":1681594787040,"tz":null,"url":"https://earthquake.usgs.gov/earthquakes/eventpage/us6000jmh3","detail":"https://earthquake.usgs.gov/fdsnws/event/1/query?eventid=us6000jmh3&format=geojson","felt":3,"cdi":6.2,"mmi":null,"alert":null,"status":"reviewed","tsunami":0,"sig":402,"net":"us","code":"6000jmh3","ids":",us6000jmh3,","sources":",us,","types":",dyfi,origin,phase-data,","nst":188,"dmin":0.647,"rms":0.55,"gap":55,"magType":"mww","type":"earthquake","title":"M 5.1 - 3 km N of Nurhak, Turkey"},"geometry":{"type":"Point","coordinates":[37.4325,37.9963,5.398]},"id":"us6000jmh3"},
{"type":"Feature","properties":{"mag":4,"place":"242 km SW of Sarangani, Philippines","time":1675866317805,"updated":1681594809040,"tz":null,"url":"https://earthquake.usgs.gov/earthquakes/eventpage/us6000jpcq","detail":"https://earthquake.usgs.gov/fdsnws/event/1/query?eventid=us6000jpcq&format=geojson","felt":null,"cdi":null,"mmi":null,"alert":null,"status":"reviewed","tsunami":0,"sig":246,"net":"us","code":"6000jpcq","ids":",us6000jpcq,","sources":",us,","types":",origin,phase-data,","nst":28,"dmin":4.173,"rms":0.38,"gap":105,"magType":"mb","type":"earthquake","title":"M 4.0 - 242 km SW of Sarangani, Philippines"},"geometry":{"type":"Point","coordinates":[124.0362,3.7443,416.288]},"id":"us6000jpcq"},
{"type":"Feature","properties":{"mag":4.3,"place":"108 km S of San Francisco del Mar Viejo, Mexico","time":1675866626524,"updated":1681594787040,"tz":null,"url":"https://earthquake.usgs.gov/earthquakes/eventpage/us6000jmha","detail":"https://earthquake.usgs.gov/fdsnws/event/1/query?eventid=us6000jmha&format=geojson","felt":null,"cdi":null,"mmi":null,"alert":null,"status":"reviewed","tsunami":0,"sig":284,"net":"us","code":"6000jmha","ids":",us6000jmha,","sources":",us,","types":",origin,phase-data,","nst":124,"dmin":1.829,"rms":0.54,"gap":152,"magType":"mb","type":"earthquake","title":"M 4.3 - 108 km S of San Francisco del Mar Viejo, Mexico"},"geometry":{"type":"Point","coordinates":[-94.7338,15.257,36.061]},"id":"us6000jmha"},
{"type":"Feature","properties":{"mag":4.4,"place":"15 km ENE of Göksun, Turkey","time":1675867341367,"updated":1681594788040,"tz":null,"url":"https://earthquake.usgs.gov/earthquakes/eventpage/us6000jmhg","detail":"https://earthquake.usgs.gov/fdsnws/event/1/query?eventid=us6000jmhg&format=geojson","felt":null,"cdi":null,"mmi":null,"alert":null,"status":"reviewed","tsunami":0,"sig":298,"net":"us","code":"6000jmhg","ids":",us6000jmhg,","sources":",us,","types":",origin,phase-data,","nst":96,"dmin":0.362,"rms":0.59,"gap":36,"magType":"mb","type":"earthquake","title":"M 4.4 - 15 km ENE of Göksun, Turkey"},"geometry":{"type":"Point","coordinates":[36.6525,38.0953,11.674]},"id":"us6000jmhg"},
{"type":"Feature","properties":{"mag":4.3,"place":"eastern Turkey","time":1675868151504,"updated":1681594788040,"tz":null,"url":"https://earthquake.usgs.gov/earthquakes/eventpage/us6000jmhi","detail":"https://earthquake.usgs.gov/fdsnws/event/1/query?eventid=us6000jmhi&format=geojson","felt":null,"cdi":null,"mmi":null,"alert":null,"status":"reviewed","tsunami":0,"sig":284,"net":"us","code":"6000jmhi","ids":",us6000jmhi,","sources":",us,","types":",origin,phase-data,","nst":92,"dmin":0.648,"rms":0.41,"gap":37,"magType":"mb","type":"earthquake","title":"M 4.3 - eastern Turkey"},"geometry":{"type":"Point","coordinates":[38.5055,38.0396,16.116]},"id":"us6000jmhi"},
{"type":"Feature","properties":{"mag":4.3,"place":"Central Turkey","time":1675868683256,"updated":1681594788040,"tz":null,"url":"https://earthquake.usgs.gov/earthquakes/eventpage/us6000jmhk","detail":"https://earthquake.usgs.gov/fdsnws/event/1/query?eventid=us6000jmhk&format=geojson","felt":null,"cdi":null,"mmi":null,"alert":null,"status":"reviewed","tsunami":0,"sig":284,"net":"us","code":"6000jmhk","ids":",us6000jmhk,","sources":",us,","types":",origin,phase-data,","nst":62,"dmin":0.535,"rms":0.74,"gap":45,"magType":"mb","type":"earthquake","title":"M 4.3 - Central Turkey"},"geometry":{"type":"Point","coordinates":[36.953,38.0391,10]},"id":"us6000jmhk"},
{"type":"Feature","properties":{"mag":5.5,"place":"north of Honduras","time":1675869376982,"updated":1681594788040,"tz":null,"url":"https://earthquake.usgs.gov/earthquakes/eventpage/us6000jmhm","detail":"https://earthquake.usgs.gov/fdsnws/event/1/query?eventid=us6000jmhm&format=geojson","felt":69,"cdi":6.8,"mmi":4.619,"alert":"green","status":"reviewed","tsunami":0,"sig":512,"net":"us","code":"6000jmhm","ids":",us6000jmhm,usauto6000jmhm,","sources":",us,usauto,","types":",dyfi,internal-moment-tensor,losspager,moment-tensor,origin,phase-data,shakemap,","nst":201,"dmin":2.908,"rms":0.55,"gap":22,"magType":"mww","type":"earthquake","title":"M 5.5 - north of Honduras"},"geometry":{"type":"Point","coordinates":[-86.0574,16.7337,10]},"id":"us6000jmhm"},
{"type":"Feature","properties":{"mag":4.7,"place":"Kenya","time":1675870360086,"updated":1694377002705,"tz":null,"url":"https://earthquake.usgs.gov/earthquakes/eventpage/us6000jmiw","detail":"https://earthquake.usgs.gov/fdsnws/event/1/query?eventid=us6000jmiw&format=geojson","felt":3,"cdi":4.3,"mmi":null,"alert":null,"status":"reviewed","tsunami":0,"sig":341,"net":"us","code":"6000jmiw","ids":",us6000jmiw,","sources":",us,","types":",dyfi,origin,phase-data,","nst":46,"dmin":2.872,"rms":0.41,"gap":68,"magType":"mb","type":"earthquake","title":"M 4.7 - Kenya"},"geometry":{"type":"Point","coordinates":[39.3912,-4.914,10]},"id":"us6000jmiw"},
{"type":"Feature","properties":{"mag":4,"place":"199 km WSW of Attu Station, Alaska","time":1675871358192,"updated":1681594809040,"tz":null,"url":"https://earthquake.usgs.gov/earthquakes/eventpage/us6000jpcu","detail":"https://earthquake.usgs.gov/fdsnws/event/1/query?eventid=us6000jpcu&format=geojson","felt":null,"cdi":null,"mmi":null,"alert":null,"status":"reviewed","tsunami":0,"sig":246,"net":"us","code":"6000jpcu","ids":",us6000jpcu,","sources":",us,","types":",origin,phase-data,","nst":33,"dmin":2.302,"rms":0.73,"gap":181,"magType":"mb","type":"earthquake","title":"M 4.0 - 199 km WSW of Attu Station, Alaska"},"geometry":{"type":"Point","coordinates":[170.4331,52.2111,10]},"id":"us6000jpcu"},
{"type":"Feature","properties":{"mag":4.3,"place":"Central Turkey","time":1675871398075,"updated":1681594788040,"tz":null,"url":"https://earthquake.usgs.gov/earthquakes/eventpage/us6000jmj3","detail":"https://earthquake.usgs.gov/fdsnws/event/1/query?eventid=us6000jmj3&format=geojson","felt":null,"cdi":null,"mmi":null,"alert":null,"status":"reviewed","tsunami":0,"sig":284,"net":"us","code":"6000jmj3","ids":",us6000jmj3,","sources":",us,","types":",origin,phase-data,","nst":61,"dmin":0.314,"rms":0.69,"gap":47,"magType":"mwr","type":"earthquake","title":"M 4.3 - Central Turkey"},"geometry":{"type":"Point","coordinates":[36.5994,37.8218,1.576]},"id":"us6000jmj3"},
{"type":"Feature","properties":{"mag":4.1,"place":"5 km WNW of Jayapura, Indonesia","time":1675871504874,"updated":1681594809040,"tz":null,"url":"https://earthquake.usgs.gov/earthquakes/eventpage/us6000jpct","detail":"https://earthquake.usgs.gov/fdsnws/event/1/query?eventid=us6000jpct&format=geojson","felt":null,"cdi":null,"mmi":null,"alert":null,"status":"reviewed","tsunami":0,"sig":259,"net":"us","code":"6000jpct","ids":",us6000jpct,","sources":",us,","types":",origin,phase-data,","nst":20,"dmin":13.936,"rms":0.7,"gap":156,"magType":"mb","type":"earthquake","title":"M 4.1 - 5 km WNW of Jayapura, Indonesia"},"geometry":{"type":"Point","coordinates":[140.6681,-2.523,10]},"id":"us6000jpct"},
{"type":"Feature","properties":{"mag":5,"place":"144 km WNW of Panguna, Papua New Guinea","time":1675871820833,"updated":1681594788040,"tz":null,"url":"https://earthquake.usgs.gov/earthquakes/eventpage/us6000jmj4","detail":"https://earthquake.usgs.gov/fdsnws/event/1/query?eventid=us6000jmj4&format=geojson","felt":null,"cdi":null,"mmi":null,"alert":null,"status":"reviewed","tsunami":0,"sig":385,"net":"us","code":"6000jmj4","ids":",us6000jmj4,","sources":",us,","types":",origin,phase-data,","nst":83,"dmin":2.636,"rms":0.68,"gap":72,"magType":"mb","type":"earthquake","title":"M 5.0 - 144 km WNW of Panguna, Papua New Guinea"},"geometry":{"type":"Point","coordinates":[154.3324,-5.7108,108.432]},"id":"us6000jmj4"},
{"type":"Feature","properties":{"mag":4.4,"place":"4 km SSW of Ekinözü, Turkey","time":1675875340516,"updated":1681594788040,"tz":null,"url":"https://earthquake.usgs.gov/earthquakes/eventpage/us6000jmja","detail":"https://earthquake.usgs.gov/fdsnws/event/1/query?eventid=us6000jmja&format=geojson","felt":null,"cdi":null,"mmi":null,"alert":null,"status":"reviewed","tsunami":0,"sig":298,"net":"us","code":"6000jmja","ids":",us6000jmja,","sources":",us,","types":",origin,phase-data,","nst":53,"dmin":0.557,"rms":0.88,"gap":53,"magType":"mb","type":"earthquake","title":"M 4.4 - 4 km SSW of Ekinözü, Turkey"},"geometry":{"type":"Point","coordinates":[37.1589,38.0244,10]},"id":"us6000jmja"},
{"type":"Feature","properties":{"mag":4.7,"place":"Fiji region","time":1675876063711,"updated":1681594788040,"tz":null,"url":"https://earthquake.usgs.gov/earthquakes/eventpage/us6000jmje","detail":"https://earthquake.usgs.gov/fdsnws/event/1/query?eventid=us6000jmje&format=geojson","felt":null,"cdi":null,"mmi":null,"alert":null,"status":"reviewed","tsunami":0,"sig":340,"net":"us","code":"6000jmje","ids":",us6000jmje,","sources":",us,","types":",origin,phase-data,","nst":64,"dmin":3.889,"rms":1.05,"gap":55,"magType":"mb","type":"earthquake","title":"M 4.7 - Fiji region"},"geometry":{"type":"Point","coordinates":[-179.2929,-21.9744,582.548]},"id":"us6000jmje"},
{"type":"Feature","properties":{"mag":4.6,"place":"4 km ENE of Abepura, Indonesia","time":1675878490532,"updated":1681594788040,"tz":null,"url":"https://earthquake.usgs.gov/earthquakes/eventpage/us6000jmjh","detail":"https://earthquake.usgs.gov/fdsnws/event/1/query?eventid=us6000jmjh&format=geojson","felt":null,"cdi":null,"mmi":null,"alert":null,"status":"reviewed","tsunami":0,"sig":326,"net":"us","code":"6000jmjh","ids":",us6000jmjh,","sources":",us,","types":",origin,phase-data,","nst":39,"dmin":8.414,"rms":1.18,"gap":86,"magType":"mb","type":"earthquake","title":"M 4.6 - 4 km ENE of Abepura, Indonesia"},"geometry":{"type":"Point","coordinates":[140.6658,-2.5777,23.641]},"id":"us6000jmjh"},
{"type":"Feature","properties":{"mag":4.4,"place":"18 km SSE of A?kale, Turkey","time":1675879042727,"updated":1681594788040,"tz":null,"url":"https://earthquake.usgs.gov/earthquakes/eventpage/us6000jmjj","detail":"https://earthquake.usgs.gov/fdsnws/event/1/query?eventid=us6000jmjj&format=geojson","felt":2,"cdi":3.1,"mmi":null,"alert":null,"status":"reviewed","tsunami":0,"sig":298,"net":"us","code":"6000jmjj","ids":",us6000jmjj,","sources":",us,","types":",dyfi,origin,phase-data,","nst":50,"dmin":0.325,"rms":0.76,"gap":32,"magType":"mb","type":"earthquake","title":"M 4.4 - 18 km SSE of A?kale, Turkey"},"geometry":{"type":"Point","coordinates":[40.744,39.7542,10]},"id":"us6000jmjj"},
{"type":"Feature","properties":{"mag":4.4,"place":"16 km W of Pazarc?k, Turkey","time":1675881312129,"updated":1681594809040,"tz":null,"url":"https://earthquake.usgs.gov/earthquakes/eventpage/us6000jpcx","detail":"https://earthquake.usgs.gov/fdsnws/event/1/query?eventid=us6000jpcx&format=geojson","felt":null,"cdi":null,"mmi":null,"alert":null,"status":"reviewed","tsunami":0,"sig":298,"net":"us","code":"6000jpcx","ids":",us6000jpcx,","sources":",us,","types":",origin,phase-data,","nst":30,"dmin":0.172,"rms":0.78,"gap":66,"magType":"mb","type":"earthquake","title":"M 4.4 - 16 km W of Pazarc?k, Turkey"},"geometry":{"type":"Point","coordinates":[37.116,37.5096,10]},"id":"us6000jpcx"},
{"type":"Feature","properties":{"mag":4.5,"place":"150 km S of Isangel, Vanuatu","time":1675881521583,"updated":1681594809040,"tz":null,"url":"https://earthquake.usgs.gov/earthquakes/eventpage/us6000jpcw","detail":"https://earthquake.usgs.gov/fdsnws/event/1/query?eventid=us6000jpcw&format=geojson","felt":null,"cdi":null,"mmi":null,"alert":null,"status":"reviewed","tsunami":0,"sig":312,"net":"us","code":"6000jpcw","ids":",us6000jpcw,","sources":",us,","types":",origin,phase-data,","nst":21,"dmin":2.339,"rms":1.04,"gap":139,"magType":"mb","type":"earthquake","title":"M 4.5 - 150 km S of Isangel, Vanuatu"},"geometry":{"type":"Point","coordinates":[169.1703,-20.9002,65.906]},"id":"us6000jpcw"},
{"type":"Feature","properties":{"mag":4.1,"place":"19 km ENE of Bcharré, Lebanon","time":1675882735148,"updated":1681594788040,"tz":null,"url":"https://earthquake.usgs.gov/earthquakes/eventpage/us6000jmjy","detail":"https://earthquake.usgs.gov/fdsnws/event/1/query?eventid=us6000jmjy&format=geojson","felt":30,"cdi":3.4,"mmi":null,"alert":null,"status":"reviewed","tsunami":0,"sig":269,"net":"us","code":"6000jmjy","ids":",us6000jmjy,","sources":",us,","types":",dyfi,impact-text,origin,phase-data,","nst":59,"dmin":1.446,"rms":0.77,"gap":75,"magType":"mb","type":"earthquake","title":"M 4.1 - 19 km ENE of Bcharré, Lebanon"},"geometry":{"type":"Point","coordinates":[36.2101,34.2985,10]},"id":"us6000jmjy"},
{"type":"Feature","properties":{"mag":4.5,"place":"5 km NE of Göksun, Turkey","time":1675883119712,"updated":1681594788040,"tz":null,"url":"https://earthquake.usgs.gov/earthquakes/eventpage/us6000jmk0","detail":"https://earthquake.usgs.gov/fdsnws/event/1/query?eventid=us6000jmk0&format=geojson","felt":null,"cdi":null,"mmi":null,"alert":null,"status":"reviewed","tsunami":0,"sig":312,"net":"us","code":"6000jmk0","ids":",us6000jmk0,","sources":",us,","types":",origin,phase-data,","nst":32,"dmin":0.366,"rms":1.04,"gap":40,"magType":"mb","type":"earthquake","title":"M 4.5 - 5 km NE of Göksun, Turkey"},"geometry":{"type":"Point","coordinates":[36.5409,38.0531,10]},"id":"us6000jmk0"},
{"type":"Feature","properties":{"mag":4.4,"place":"40 km ENE of Port-Olry, Vanuatu","time":1675883906002,"updated":1681594809040,"tz":null,"url":"https://earthquake.usgs.gov/earthquakes/eventpage/us6000jpcz","detail":"https://earthquake.usgs.gov/fdsnws/event/1/query?eventid=us6000jpcz&format=geojson","felt":null,"cdi":null,"mmi":null,"alert":null,"status":"reviewed","tsunami":0,"sig":298,"net":"us","code":"6000jpcz","ids":",us6000jpcz,","sources":",us,","types":",origin,phase-data,","nst":27,"dmin":6.357,"rms":0.54,"gap":134,"magType":"mb","type":"earthquake","title":"M 4.4 - 40 km ENE of Port-Olry, Vanuatu"},"geometry":{"type":"Point","coordinates":[167.4293,-14.9122,138.022]},"id":"us6000jpcz"},
{"type":"Feature","properties":{"mag":4.4,"place":"129 km SSW of Kokopo, Papua New Guinea","time":1675884280481,"updated":1681594809040,"tz":null,"url":"https://earthquake.usgs.gov/earthquakes/eventpage/us6000jpd0","detail":"https://earthquake.usgs.gov/fdsnws/event/1/query?eventid=us6000jpd0&format=geojson","felt":null,"cdi":null,"mmi":null,"alert":null,"status":"reviewed","tsunami":0,"sig":298,"net":"us","code":"6000jpd0","ids":",us6000jpd0,","sources":",us,","types":",origin,phase-data,","nst":33,"dmin":1.291,"rms":0.73,"gap":164,"magType":"mb","type":"earthquake","title":"M 4.4 - 129 km SSW of Kokopo, Papua New Guinea"},"geometry":{"type":"Point","coordinates":[151.9698,-5.4759,52.313]},"id":"us6000jpd0"},
{"type":"Feature","properties":{"mag":4.2,"place":"Turkey-Syria border region","time":1675885691735,"updated":1681594788040,"tz":null,"url":"https://earthquake.usgs.gov/earthquakes/eventpage/us6000jmk7","detail":"https://earthquake.usgs.gov/fdsnws/event/1/query?eventid=us6000jmk7&format=geojson","felt":null,"cdi":null,"mmi":null,"alert":null,"status":"reviewed","tsunami":0,"sig":271,"net":"us","code":"6000jmk7","ids":",us6000jmk7,","sources":",us,","types":",origin,phase-data,","nst":47,"dmin":1.224,"rms":0.87,"gap":77,"magType":"mb","type":"earthquake","title":"M 4.2 - Turkey-Syria border region"},"geometry":{"type":"Point","coordinates":[36.0996,36.3313,10]},"id":"us6000jmk7"},
{"type":"Feature","properties":{"mag":4.5,"place":"15 km SW of Ye?ilyurt, Turkey","time":1675887126104,"updated":1681594788040,"tz":null,"url":"https://earthquake.usgs.gov/earthquakes/eventpage/us6000jmkh","detail":"https://earthquake.usgs.gov/fdsnws/event/1/query?eventid=us6000jmkh&format=geojson","felt":2,"cdi":2,"mmi":null,"alert":null,"status":"reviewed","tsunami":0,"sig":312,"net":"us","code":"6000jmkh","ids":",us6000jmkh,","sources":",us,","types":",dyfi,origin,phase-data,","nst":34,"dmin":0.935,"rms":0.81,"gap":72,"magType":"mb","type":"earthquake","title":"M 4.5 - 15 km SW of Ye?ilyurt, Turkey"},"geometry":{"type":"Point","coordinates":[38.1247,38.1972,10]},"id":"us6000jmkh"},
{"type":"Feature","properties":{"mag":4,"place":"11 km SW of Ye?ilyurt, Turkey","time":1675895809468,"updated":1681594789040,"tz":null,"url":"https://earthquake.usgs.gov/earthquakes/eventpage/us6000jmll","detail":"https://earthquake.usgs.gov/fdsnws/event/1/query?eventid=us6000jmll&format=geojson","felt":null,"cdi":null,"mmi":null,"alert":null,"status":"reviewed","tsunami":0,"sig":246,"net":"us","code":"6000jmll","ids":",us6000jmll,","sources":",us,","types":",origin,phase-data,","nst":34,"dmin":0.928,"rms":0.66,"gap":70,"magType":"mb","type":"earthquake","title":"M 4.0 - 11 km SW of Ye?ilyurt, Turkey"},"geometry":{"type":"Point","coordinates":[38.1703,38.2135,10]},"id":"us6000jmll"},
{"type":"Feature","properties":{"mag":4.5,"place":"58 km ENE of Yigo Village, Guam","time":1675896280641,"updated":1681594809040,"tz":null,"url":"https://earthquake.usgs.gov/earthquakes/eventpage/us6000jpd3","detail":"https://earthquake.usgs.gov/fdsnws/event/1/query?eventid=us6000jpd3&format=geojson","felt":null,"cdi":null,"mmi":null,"alert":null,"status":"reviewed","tsunami":0,"sig":312,"net":"us","code":"6000jpd3","ids":",us6000jpd3,","sources":",us,","types":",origin,phase-data,","nst":18,"dmin":0.526,"rms":0.86,"gap":133,"magType":"mb","type":"earthquake","title":"M 4.5 - 58 km ENE of Yigo Village, Guam"},"geometry":{"type":"Point","coordinates":[145.3954,13.7075,100.274]},"id":"us6000jpd3"},
{"type":"Feature","properties":{"mag":4.1,"place":"141 km ESE of Iquique, Chile","time":1675897489149,"updated":1681594789040,"tz":null,"url":"https://earthquake.usgs.gov/earthquakes/eventpage/us6000jmlp","detail":"https://earthquake.usgs.gov/fdsnws/event/1/query?eventid=us6000jmlp&format=geojson","felt":null,"cdi":null,"mmi":null,"alert":null,"status":"reviewed","tsunami":0,"sig":259,"net":"us","code":"6000jmlp","ids":",us6000jmlp,","sources":",us,","types":",origin,phase-data,","nst":19,"dmin":0.639,"rms":0.7,"gap":95,"magType":"mb","type":"earthquake","title":"M 4.1 - 141 km ESE of Iquique, Chile"},"geometry":{"type":"Point","coordinates":[-68.9032,-20.7098,104.288]},"id":"us6000jmlp"},
{"type":"Feature","properties":{"mag":4.2,"place":"100 km S of K?h Sef?d, Iran","time":1675898718429,"updated":1681594809040,"tz":null,"url":"https://earthquake.usgs.gov/earthquakes/eventpage/us6000jpd4","detail":"https://earthquake.usgs.gov/fdsnws/event/1/query?eventid=us6000jpd4&format=geojson","felt":null,"cdi":null,"mmi":null,"alert":null,"status":"reviewed","tsunami":0,"sig":271,"net":"us","code":"6000jpd4","ids":",us6000jpd4,","sources":",us,","types":",origin,phase-data,","nst":39,"dmin":3.446,"rms":0.51,"gap":85,"magType":"mb","type":"earthquake","title":"M 4.2 - 100 km S of K?h Sef?d, Iran"},"geometry":{"type":"Point","coordinates":[56.7895,28.3652,10]},"id":"us6000jpd4"},
{"type":"Feature","properties":{"mag":4.3,"place":"215 km N of Tobelo, Indonesia","time":1675899279681,"updated":1681594809040,"tz":null,"url":"https://earthquake.usgs.gov/earthquakes/eventpage/us6000jpd6","detail":"https://earthquake.usgs.gov/fdsnws/event/1/query?eventid=us6000jpd6&format=geojson","felt":null,"cdi":null,"mmi":null,"alert":null,"status":"reviewed","tsunami":0,"sig":284,"net":"us","code":"6000jpd6","ids":",us6000jpd6,","sources":",us,","types":",origin,phase-data,","nst":46,"dmin":2.919,"rms":0.3,"gap":112,"magType":"mb","type":"earthquake","title":"M 4.3 - 215 km N of Tobelo, Indonesia"},"geometry":{"type":"Point","coordinates":[127.8622,3.6679,92.467]},"id":"us6000jpd6"},
{"type":"Feature","properties":{"mag":4.2,"place":"12 km NNE of Hani, Turkey","time":1675899601561,"updated":1681594809040,"tz":null,"url":"https://earthquake.usgs.gov/earthquakes/eventpage/us6000jpd8","detail":"https://earthquake.usgs.gov/fdsnws/event/1/query?eventid=us6000jpd8&format=geojson","felt":null,"cdi":null,"mmi":null,"alert":null,"status":"reviewed","tsunami":0,"sig":271,"net":"us","code":"6000jpd8","ids":",us6000jpd8,","sources":",us,","types":",origin,phase-data,","nst":26,"dmin":1.229,"rms":0.8,"gap":63,"magType":"mb","type":"earthquake","title":"M 4.2 - 12 km NNE of Hani, Turkey"},"geometry":{"type":"Point","coordinates":[40.4236,38.512,13.017]},"id":"us6000jpd8"},
{"type":"Feature","properties":{"mag":5.1,"place":"Kermadec Islands region","time":1675902498930,"updated":1681594811040,"tz":null,"url":"https://earthquake.usgs.gov/earthquakes/eventpage/us6000jpk0","detail":"https://earthquake.usgs.gov/fdsnws/event/1/query?eventid=us6000jpk0&format=geojson","felt":null,"cdi":null,"mmi":null,"alert":null,"status":"reviewed","tsunami":0,"sig":400,"net":"us","code":"6000jpk0","ids":",us6000jpk0,","sources":",us,","types":",origin,phase-data,","nst":40,"dmin":1.946,"rms":1.04,"gap":72,"magType":"mb","type":"earthquake","title":"M 5.1 - Kermadec Islands region"},"geometry":{"type":"Point","coordinates":[-176.2675,-27.9549,10]},"id":"us6000jpk0"},
{"type":"Feature","properties":{"mag":4.2,"place":"5 km SSW of Sivrice, Turkey","time":1675902736755,"updated":1681594789040,"tz":null,"url":"https://earthquake.usgs.gov/earthquakes/eventpage/us6000jmlx","detail":"https://earthquake.usgs.gov/fdsnws/event/1/query?eventid=us6000jmlx&format=geojson","felt":null,"cdi":null,"mmi":null,"alert":null,"status":"reviewed","tsunami":0,"sig":271,"net":"us","code":"6000jmlx","ids":",us6000jmlx,","sources":",us,","types":",origin,phase-data,","nst":24,"dmin":1.021,"rms":0.65,"gap":69,"magType":"mb","type":"earthquake","title":"M 4.2 - 5 km SSW of Sivrice, Turkey"},"geometry":{"type":"Point","coordinates":[39.284,38.3957,14.83]},"id":"us6000jmlx"},
{"type":"Feature","properties":{"mag":4.7,"place":"109 km NNE of Opotiki, New Zealand","time":1675906442622,"updated":1681594810040,"tz":null,"url":"https://earthquake.usgs.gov/earthquakes/eventpage/us6000jpjs","detail":"https://earthquake.usgs.gov/fdsnws/event/1/query?eventid=us6000jpjs&format=geojson","felt":null,"cdi":null,"mmi":null,"alert":null,"status":"reviewed","tsunami":0,"sig":340,"net":"us","code":"6000jpjs","ids":",us6000jpjs,","sources":",us,","types":",origin,phase-data,","nst":37,"dmin":0.504,"rms":0.9,"gap":119,"magType":"mb","type":"earthquake","title":"M 4.7 - 109 km NNE of Opotiki, New Zealand"},"geometry":{"type":"Point","coordinates":[177.926,-37.1589,149.098]},"id":"us6000jpjs"},
{"type":"Feature","properties":{"mag":4.4,"place":"10 km NNE of Hani, Turkey","time":1675906693866,"updated":1681594789040,"tz":null,"url":"https://earthquake.usgs.gov/earthquakes/eventpage/us6000jmm7","detail":"https://earthquake.usgs.gov/fdsnws/event/1/query?eventid=us6000jmm7&format=geojson","felt":null,"cdi":null,"mmi":null,"alert":null,"status":"reviewed","tsunami":0,"sig":298,"net":"us","code":"6000jmm7","ids":",us6000jmm7,","sources":",us,","types":",origin,phase-data,","nst":65,"dmin":1.216,"rms":0.66,"gap":31,"magType":"mb","type":"earthquake","title":"M 4.4 - 10 km NNE of Hani, Turkey"},"geometry":{"type":"Point","coordinates":[40.4216,38.4984,8.839]},"id":"us6000jmm7"},
{"type":"Feature","properties":{"mag":4.5,"place":"13 km NNE of Gölba??, Turkey","time":1675907059249,"updated":1681594789040,"tz":null,"url":"https://earthquake.usgs.gov/earthquakes/eventpage/us6000jmma","detail":"https://earthquake.usgs.gov/fdsnws/event/1/query?eventid=us6000jmma&format=geojson","felt":null,"cdi":null,"mmi":null,"alert":null,"status":"reviewed","tsunami":0,"sig":312,"net":"us","code":"6000jmma","ids":",us6000jmma,","sources":",us,","types":",origin,phase-data,","nst":59,"dmin":0.815,"rms":0.83,"gap":84,"magType":"mb","type":"earthquake","title":"M 4.5 - 13 km NNE of Gölba??, Turkey"},"geometry":{"type":"Point","coordinates":[37.7147,37.8831,8.154]},"id":"us6000jmma"},
{"type":"Feature","properties":{"mag":4.3,"place":"45 km SSW of Gorontalo, Indonesia","time":1675908144589,"updated":1681594811040,"tz":null,"url":"https://earthquake.usgs.gov/earthquakes/eventpage/us6000jpk5","detail":"https://earthquake.usgs.gov/fdsnws/event/1/query?eventid=us6000jpk5&format=geojson","felt":null,"cdi":null,"mmi":null,"alert":null,"status":"reviewed","tsunami":0,"sig":284,"net":"us","code":"6000jpk5","ids":",us6000jpk5,","sources":",us,","types":",origin,phase-data,","nst":20,"dmin":1.191,"rms":0.3,"gap":111,"magType":"mb","type":"earthquake","title":"M 4.3 - 45 km SSW of Gorontalo, Indonesia"},"geometry":{"type":"Point","coordinates":[122.922,0.1478,242.373]},"id":"us6000jpk5"},
{"type":"Feature","properties":{"mag":4.3,"place":"8 km W of Hassa, Turkey","time":1675913095884,"updated":1681594789040,"tz":null,"url":"https://earthquake.usgs.gov/earthquakes/eventpage/us6000jmmw","detail":"https://earthquake.usgs.gov/fdsnws/event/1/query?eventid=us6000jmmw&format=geojson","felt":null,"cdi":null,"mmi":null,"alert":null,"status":"reviewed","tsunami":0,"sig":284,"net":"us","code":"6000jmmw","ids":",us6000jmmw,","sources":",us,","types":",origin,phase-data,","nst":23,"dmin":0.723,"rms":1.05,"gap":154,"magType":"mb","type":"earthquake","title":"M 4.3 - 8 km W of Hassa, Turkey"},"geometry":{"type":"Point","coordinates":[36.4252,36.8136,10]},"id":"us6000jmmw"},
{"type":"Feature","properties":{"mag":4.5,"place":"81 km W of Lata, Solomon Islands","time":1675914440800,"updated":1681594810040,"tz":null,"url":"https://earthquake.usgs.gov/earthquakes/eventpage/us6000jpjt","detail":"https://earthquake.usgs.gov/fdsnws/event/1/query?eventid=us6000jpjt&format=geojson","felt":null,"cdi":null,"mmi":null,"alert":null,"status":"reviewed","tsunami":0,"sig":312,"net":"us","code":"6000jpjt","ids":",us6000jpjt,","sources":",us,","types":",origin,phase-data,","nst":15,"dmin":5.16,"rms":0.35,"gap":98,"magType":"mb","type":"earthquake","title":"M 4.5 - 81 km W of Lata, Solomon Islands"},"geometry":{"type":"Point","coordinates":[165.0508,-10.7038,10]},"id":"us6000jpjt"},
{"type":"Feature","properties":{"mag":4.4,"place":"75 km WNW of San Antonio de los Cobres, Argentina","time":1675914617343,"updated":1681594789040,"tz":null,"url":"https://earthquake.usgs.gov/earthquakes/eventpage/us6000jmmy","detail":"https://earthquake.usgs.gov/fdsnws/event/1/query?eventid=us6000jmmy&format=geojson","felt":null,"cdi":null,"mmi":null,"alert":null,"status":"reviewed","tsunami":0,"sig":298,"net":"us","code":"6000jmmy","ids":",us6000jmmy,","sources":",us,","types":",origin,phase-data,","nst":18,"dmin":1.46,"rms":0.49,"gap":94,"magType":"mb","type":"earthquake","title":"M 4.4 - 75 km WNW of San Antonio de los Cobres, Argentina"},"geometry":{"type":"Point","coordinates":[-66.9856,-23.9213,250]},"id":"us6000jmmy"},
{"type":"Feature","properties":{"mag":4.3,"place":"6 km SW of Sincik, Turkey","time":1675914739602,"updated":1681594789040,"tz":null,"url":"https://earthquake.usgs.gov/earthquakes/eventpage/us6000jmmz","detail":"https://earthquake.usgs.gov/fdsnws/event/1/query?eventid=us6000jmmz&format=geojson","felt":null,"cdi":null,"mmi":null,"alert":null,"status":"reviewed","tsunami":0,"sig":284,"net":"us","code":"6000jmmz","ids":",us6000jmmz,","sources":",us,","types":",origin,phase-data,","nst":30,"dmin":1.351,"rms":0.69,"gap":122,"magType":"mb","type":"earthquake","title":"M 4.3 - 6 km SW of Sincik, Turkey"},"geometry":{"type":"Point","coordinates":[38.5654,37.9889,13.975]},"id":"us6000jmmz"},
{"type":"Feature","properties":{"mag":4.9,"place":"84 km N of Bukittinggi, Indonesia","time":1675914895508,"updated":1681594811040,"tz":null,"url":"https://earthquake.usgs.gov/earthquakes/eventpage/us6000jpl2","detail":"https://earthquake.usgs.gov/fdsnws/event/1/query?eventid=us6000jpl2&format=geojson","felt":null,"cdi":null,"mmi":null,"alert":null,"status":"reviewed","tsunami":0,"sig":369,"net":"us","code":"6000jpl2","ids":",us6000jpl2,","sources":",us,","types":",origin,phase-data,","nst":17,"dmin":2.591,"rms":0.4,"gap":105,"magType":"mb","type":"earthquake","title":"M 4.9 - 84 km N of Bukittinggi, Indonesia"},"geometry":{"type":"Point","coordinates":[100.2393,0.4469,140.516]},"id":"us6000jpl2"},
{"type":"Feature","properties":{"mag":4.3,"place":"13 km WSW of Göksun, Turkey","time":1675916300615,"updated":1681594810040,"tz":null,"url":"https://earthquake.usgs.gov/earthquakes/eventpage/us6000jpjv","detail":"https://earthquake.usgs.gov/fdsnws/event/1/query?eventid=us6000jpjv&format=geojson","felt":null,"cdi":null,"mmi":null,"alert":null,"status":"reviewed","tsunami":0,"sig":284,"net":"us","code":"6000jpjv","ids":",us6000jpjv,","sources":",us,","types":",origin,phase-data,","nst":35,"dmin":0.381,"rms":0.66,"gap":52,"magType":"mb","type":"earthquake","title":"M 4.3 - 13 km WSW of Göksun, Turkey"},"geometry":{"type":"Point","coordinates":[36.3641,37.9616,10]},"id":"us6000jpjv"},
{"type":"Feature","properties":{"mag":4,"place":"88 km W of San Antonio de los Cobres, Argentina","time":1675916622328,"updated":1681594789040,"tz":null,"url":"https://earthquake.usgs.gov/earthquakes/eventpage/us6000jmn2","detail":"https://earthquake.usgs.gov/fdsnws/event/1/query?eventid=us6000jmn2&format=geojson","felt":null,"cdi":null,"mmi":null,"alert":null,"status":"reviewed","tsunami":0,"sig":246,"net":"us","code":"6000jmn2","ids":",us6000jmn2,","sources":",us,","types":",origin,phase-data,","nst":18,"dmin":1.479,"rms":0.5,"gap":113,"magType":"mb","type":"earthquake","title":"M 4.0 - 88 km W of San Antonio de los Cobres, Argentina"},"geometry":{"type":"Point","coordinates":[-67.1877,-24.1231,238.069]},"id":"us6000jmn2"},
{"type":"Feature","properties":{"mag":4.3,"place":"153 km NNW of Tobelo, Indonesia","time":1675917093364,"updated":1681594811040,"tz":null,"url":"https://earthquake.usgs.gov/earthquakes/eventpage/us6000jpjw","detail":"https://earthquake.usgs.gov/fdsnws/event/1/query?eventid=us6000jpjw&format=geojson","felt":null,"cdi":null,"mmi":null,"alert":null,"status":"reviewed","tsunami":0,"sig":284,"net":"us","code":"6000jpjw","ids":",us6000jpjw,","sources":",us,","types":",origin,phase-data,","nst":13,"dmin":2.127,"rms":0.36,"gap":145,"magType":"mb","type":"earthquake","title":"M 4.3 - 153 km NNW of Tobelo, Indonesia"},"geometry":{"type":"Point","coordinates":[127.2793,2.9113,35]},"id":"us6000jpjw"},
{"type":"Feature","properties":{"mag":4.3,"place":"14 km WNW of Sincik, Turkey","time":1675917285242,"updated":1681594790040,"tz":null,"url":"https://earthquake.usgs.gov/earthquakes/eventpage/us6000jmn4","detail":"https://earthquake.usgs.gov/fdsnws/event/1/query?eventid=us6000jmn4&format=geojson","felt":null,"cdi":null,"mmi":null,"alert":null,"status":"reviewed","tsunami":0,"sig":284,"net":"us","code":"6000jmn4","ids":",us6000jmn4,","sources":",us,","types":",origin,phase-data,","nst":28,"dmin":1.361,"rms":0.55,"gap":115,"magType":"mb","type":"earthquake","title":"M 4.3 - 14 km WNW of Sincik, Turkey"},"geometry":{"type":"Point","coordinates":[38.4712,38.0951,15.955]},"id":"us6000jmn4"},
{"type":"Feature","properties":{"mag":4.4,"place":"11 km ENE of Göksun, Turkey","time":1675920266530,"updated":1681594811040,"tz":null,"url":"https://earthquake.usgs.gov/earthquakes/eventpage/us6000jpjz","detail":"https://earthquake.usgs.gov/fdsnws/event/1/query?eventid=us6000jpjz&format=geojson","felt":null,"cdi":null,"mmi":null,"alert":null,"status":"reviewed","tsunami":0,"sig":298,"net":"us","code":"6000jpjz","ids":",us6000jpjz,","sources":",us,","types":",origin,phase-data,","nst":37,"dmin":0.371,"rms":0.52,"gap":50,"magType":"mb","type":"earthquake","title":"M 4.4 - 11 km ENE of Göksun, Turkey"},"geometry":{"type":"Point","coordinates":[36.6086,38.0679,8.594]},"id":"us6000jpjz"},
{"type":"Feature","properties":{"mag":4.3,"place":"101 km S of Koshima, Japan","time":1675920402103,"updated":1681594811040,"tz":null,"url":"https://earthquake.usgs.gov/earthquakes/eventpage/us6000jpjy","detail":"https://earthquake.usgs.gov/fdsnws/event/1/query?eventid=us6000jpjy&format=geojson","felt":null,"cdi":null,"mmi":null,"alert":null,"status":"reviewed","tsunami":0,"sig":284,"net":"us","code":"6000jpjy","ids":",us6000jpjy,","sources":",us,","types":",origin,phase-data,","nst":17,"dmin":2.184,"rms":0.53,"gap":128,"magType":"mb","type":"earthquake","title":"M 4.3 - 101 km S of Koshima, Japan"},"geometry":{"type":"Point","coordinates":[130.5088,29.3184,29.711]},"id":"us6000jpjy"},
{"type":"Feature","properties":{"mag":4.3,"place":"12 km SSW of Ye?ilyurt, Turkey","time":1675921054149,"updated":1681594790040,"tz":null,"url":"https://earthquake.usgs.gov/earthquakes/eventpage/us6000jmnc","detail":"https://earthquake.usgs.gov/fdsnws/event/1/query?eventid=us6000jmnc&format=geojson","felt":null,"cdi":null,"mmi":null,"alert":null,"status":"reviewed","tsunami":0,"sig":284,"net":"us","code":"6000jmnc","ids":",us6000jmnc,","sources":",us,","types":",origin,phase-data,","nst":46,"dmin":0.891,"rms":0.44,"gap":71,"magType":"mb","type":"earthquake","title":"M 4.3 - 12 km SSW of Ye?ilyurt, Turkey"},"geometry":{"type":"Point","coordinates":[38.1997,38.1849,15.513]},"id":"us6000jmnc"},
{"type":"Feature","properties":{"mag":4.5,"place":"121 km WNW of Tobelo, Indonesia","time":1675922970629,"updated":1681594790040,"tz":null,"url":"https://earthquake.usgs.gov/earthquakes/eventpage/us6000jmni","detail":"https://earthquake.usgs.gov/fdsnws/event/1/query?eventid=us6000jmni&format=geojson","felt":null,"cdi":null,"mmi":null,"alert":null,"status":"reviewed","tsunami":0,"sig":312,"net":"us","code":"6000jmni","ids":",us6000jmni,","sources":",us,","types":",origin,phase-data,","nst":39,"dmin":1.477,"rms":0.54,"gap":110,"magType":"mb","type":"earthquake","title":"M 4.5 - 121 km WNW of Tobelo, Indonesia"},"geometry":{"type":"Point","coordinates":[127.0319,2.22,106.673]},"id":"us6000jmni"},
{"type":"Feature","properties":{"mag":4.2,"place":"161 km NW of Tobelo, Indonesia","time":1675923646119,"updated":1681594811040,"tz":null,"url":"https://earthquake.usgs.gov/earthquakes/eventpage/us6000jpk2","detail":"https://earthquake.usgs.gov/fdsnws/event/1/query?eventid=us6000jpk2&format=geojson","felt":null,"cdi":null,"mmi":null,"alert":null,"status":"reviewed","tsunami":0,"sig":271,"net":"us","code":"6000jpk2","ids":",us6000jpk2,","sources":",us,","types":",origin,phase-data,","nst":21,"dmin":2.031,"rms":0.48,"gap":122,"magType":"mb","type":"earthquake","title":"M 4.2 - 161 km NW of Tobelo, Indonesia"},"geometry":{"type":"Point","coordinates":[127.0118,2.7848,35]},"id":"us6000jpk2"},
{"type":"Feature","properties":{"mag":5.1,"place":"8 km W of Abepura, Indonesia","time":1675924078161,"updated":1784810352370,"tz":null,"url":"https://earthquake.usgs.gov/earthquakes/eventpage/us6000jmnk","detail":"https://earthquake.usgs.gov/fdsnws/event/1/query?eventid=us6000jmnk&format=geojson","felt":6,"cdi":3.3,"mmi":null,"alert":null,"status":"reviewed","tsunami":0,"sig":402,"net":"us","code":"6000jmnk","ids":",us6000jmnk,","sources":",us,","types":",dyfi,impact-text,moment-tensor,origin,phase-data,","nst":166,"dmin":8.307,"rms":0.52,"gap":36,"magType":"mww","type":"earthquake","title":"M 5.1 - 8 km W of Abepura, Indonesia"},"geometry":{"type":"Point","coordinates":[140.5588,-2.598,9.924]},"id":"us6000jmnk"},
{"type":"Feature","properties":{"mag":4.5,"place":"Fiji region","time":1675924247046,"updated":1681594811040,"tz":null,"url":"https://earthquake.usgs.gov/earthquakes/eventpage/us6000jpk1","detail":"https://earthquake.usgs.gov/fdsnws/event/1/query?eventid=us6000jpk1&format=geojson","felt":null,"cdi":null,"mmi":null,"alert":null,"status":"reviewed","tsunami":0,"sig":312,"net":"us","code":"6000jpk1","ids":",us6000jpk1,","sources":",us,","types":",origin,phase-data,","nst":16,"dmin":3.75,"rms":0.52,"gap":181,"magType":"mb","type":"earthquake","title":"M 4.5 - Fiji region"},"geometry":{"type":"Point","coordinates":[-178.0152,-17.9396,561.835]},"id":"us6000jpk1"},
{"type":"Feature","properties":{"mag":4.1,"place":"10 km N of G?lba??, Turkey","time":1675925391214,"updated":1705605619926,"tz":null,"url":"https://earthquake.usgs.gov/earthquakes/eventpage/us6000jpk4","detail":"https://earthquake.usgs.gov/fdsnws/event/1/query?eventid=us6000jpk4&format=geojson","felt":null,"cdi":null,"mmi":null,"alert":null,"status":"reviewed","tsunami":0,"sig":259,"net":"us","code":"6000jpk4","ids":",us6000jpk4,","sources":",us,","types":",earthquake-name,origin,phase-data,","nst":43,"dmin":0.706,"rms":0.65,"gap":45,"magType":"mb","type":"earthquake","title":"M 4.1 - 10 km N of G?lba??, Turkey"},"geometry":{"type":"Point","coordinates":[37.6589,37.8752,14.944]},"id":"us6000jpk4"},
{"type":"Feature","properties":{"mag":4.6,"place":"Turkey-Syria border region","time":1675927097198,"updated":1681594790040,"tz":null,"url":"https://earthquake.usgs.gov/earthquakes/eventpage/us6000jmnp","detail":"https://earthquake.usgs.gov/fdsnws/event/1/query?eventid=us6000jmnp&format=geojson","felt":2,"cdi":2.2,"mmi":null,"alert":null,"status":"reviewed","tsunami":0,"sig":326,"net":"us","code":"6000jmnp","ids":",us6000jmnp,","sources":",us,","types":",dyfi,moment-tensor,origin,phase-data,","nst":82,"dmin":0.487,"rms":0.56,"gap":39,"magType":"mwr","type":"earthquake","title":"M 4.6 - Turkey-Syria border region"},"geometry":{"type":"Point","coordinates":[36.6603,36.9611,8.379]},"id":"us6000jmnp"},
{"type":"Feature","properties":{"mag":4.3,"place":"9 km ESE of Göksun, Turkey","time":1675928528070,"updated":1681594790040,"tz":null,"url":"https://earthquake.usgs.gov/earthquakes/eventpage/us6000jmnx","detail":"https://earthquake.usgs.gov/fdsnws/event/1/query?eventid=us6000jmnx&format=geojson","felt":null,"cdi":null,"mmi":null,"alert":null,"status":"reviewed","tsunami":0,"sig":284,"net":"us","code":"6000jmnx","ids":",us6000jmnx,","sources":",us,","types":",origin,phase-data,","nst":49,"dmin":0.435,"rms":0.57,"gap":36,"magType":"mb","type":"earthquake","title":"M 4.3 - 9 km ESE of Göksun, Turkey"},"geometry":{"type":"Point","coordinates":[36.5954,37.995,6.994]},"id":"us6000jmnx"},
{"type":"Feature","properties":{"mag":4.3,"place":"278 km SW of Merizo Village, Guam","time":1675928885461,"updated":1705605623384,"tz":null,"url":"https://earthquake.usgs.gov/earthquakes/eventpage/us6000jpkg","detail":"https://earthquake.usgs.gov/fdsnws/event/1/query?eventid=us6000jpkg&format=geojson","felt":null,"cdi":null,"mmi":null,"alert":null,"status":"reviewed","tsunami":0,"sig":284,"net":"us","code":"6000jpkg","ids":",us6000jpkg,","sources":",us,","types":",earthquake-name,origin,phase-data,","nst":21,"dmin":2.858,"rms":0.4,"gap":157,"magType":"mb","type":"earthquake","title":"M 4.3 - 278 km SW of Merizo Village, Guam"},"geometry":{"type":"Point","coordinates":[142.6806,11.6782,10]},"id":"us6000jpkg"},
{"type":"Feature","properties":{"mag":4.2,"place":"Central Turkey","time":1675929426462,"updated":1681594811040,"tz":null,"url":"https://earthquake.usgs.gov/earthquakes/eventpage/us6000jpk6","detail":"https://earthquake.usgs.gov/fdsnws/event/1/query?eventid=us6000jpk6&format=geojson","felt":null,"cdi":null,"mmi":null,"alert":null,"status":"reviewed","tsunami":0,"sig":271,"net":"us","code":"6000jpk6","ids":",us6000jpk6,","sources":",us,","types":",origin,phase-data,","nst":24,"dmin":0.342,"rms":0.45,"gap":109,"magType":"mb","type":"earthquake","title":"M 4.2 - Central Turkey"},"geometry":{"type":"Point","coordinates":[36.5452,38.0799,8.987]},"id":"us6000jpk6"},
{"type":"Feature","properties":{"mag":4.3,"place":"17 km NW of Abepura, Indonesia","time":1675931031370,"updated":1681594811040,"tz":null,"url":"https://earthquake.usgs.gov/earthquakes/eventpage/us6000jpk8","detail":"https://earthquake.usgs.gov/fdsnws/event/1/query?eventid=us6000jpk8&format=geojson","felt":null,"cdi":null,"mmi":null,"alert":null,"status":"reviewed","tsunami":0,"sig":284,"net":"us","code":"6000jpk8","ids":",us6000jpk8,","sources":",us,","types":",origin,phase-data,","nst":29,"dmin":17.506,"rms":0.44,"gap":131,"magType":"mb","type":"earthquake","title":"M 4.3 - 17 km NW of Abepura, Indonesia"},"geometry":{"type":"Point","coordinates":[140.5283,-2.4756,10]},"id":"us6000jpk8"},
{"type":"Feature","properties":{"mag":5.4,"place":"South Sandwich Islands region","time":1675933756562,"updated":1681594790040,"tz":null,"url":"https://earthquake.usgs.gov/earthquakes/eventpage/us6000jmp8","detail":"https://earthquake.usgs.gov/fdsnws/event/1/query?eventid=us6000jmp8&format=geojson","felt":null,"cdi":null,"mmi":3.518,"alert":"green","status":"reviewed","tsunami":0,"sig":449,"net":"us","code":"6000jmp8","ids":",usauto6000jmp8,us6000jmp8,","sources":",usauto,us,","types":",internal-moment-tensor,losspager,moment-tensor,origin,phase-data,shakemap,","nst":68,"dmin":5.542,"rms":0.44,"gap":67,"magType":"mww","type":"earthquake","title":"M 5.4 - South Sandwich Islands region"},"geometry":{"type":"Point","coordinates":[-27.1882,-55.715,35]},"id":"us6000jmp8"},
{"type":"Feature","properties":{"mag":4.3,"place":"3 km NE of Sincik, Turkey","time":1675936015926,"updated":1681594790040,"tz":null,"url":"https://earthquake.usgs.gov/earthquakes/eventpage/us6000jmpe","detail":"https://earthquake.usgs.gov/fdsnws/event/1/query?eventid=us6000jmpe&format=geojson","felt":2,"cdi":2.7,"mmi":null,"alert":null,"status":"reviewed","tsunami":0,"sig":285,"net":"us","code":"6000jmpe","ids":",us6000jmpe,","sources":",us,","types":",dyfi,origin,phase-data,","nst":55,"dmin":0.635,"rms":0.51,"gap":53,"magType":"mb","type":"earthquake","title":"M 4.3 - 3 km NE of Sincik, Turkey"},"geometry":{"type":"Point","coordinates":[38.6406,38.0605,12.373]},"id":"us6000jmpe"},
{"type":"Feature","properties":{"mag":4.4,"place":"south of the Fiji Islands","time":1675936320632,"updated":1681594790040,"tz":null,"url":"https://earthquake.usgs.gov/earthquakes/eventpage/us6000jmph","detail":"https://earthquake.usgs.gov/fdsnws/event/1/query?eventid=us6000jmph&format=geojson","felt":null,"cdi":null,"mmi":null,"alert":null,"status":"reviewed","tsunami":0,"sig":298,"net":"us","code":"6000jmph","ids":",us6000jmph,","sources":",us,","types":",origin,phase-data,","nst":66,"dmin":4.988,"rms":0.75,"gap":68,"magType":"mb","type":"earthquake","title":"M 4.4 - south of the Fiji Islands"},"geometry":{"type":"Point","coordinates":[179.7971,-24.6697,493.123]},"id":"us6000jmph"},
{"type":"Feature","properties":{"mag":4.3,"place":"10 km ESE of Yayladere, Turkey","time":1675937946856,"updated":1681594790040,"tz":null,"url":"https://earthquake.usgs.gov/earthquakes/eventpage/us6000jmpp","detail":"https://earthquake.usgs.gov/fdsnws/event/1/query?eventid=us6000jmpp&format=geojson","felt":null,"cdi":null,"mmi":null,"alert":null,"status":"reviewed","tsunami":0,"sig":284,"net":"us","code":"6000jmpp","ids":",us6000jmpp,","sources":",us,","types":",origin,phase-data,","nst":45,"dmin":0.855,"rms":0.83,"gap":45,"magType":"mb","type":"earthquake","title":"M 4.3 - 10 km ESE of Yayladere, Turkey"},"geometry":{"type":"Point","coordinates":[40.1831,39.1974,10.605]},"id":"us6000jmpp"},
{"type":"Feature","properties":{"mag":4.2,"place":"Hokkaido, Japan region","time":1675938192545,"updated":1681594790040,"tz":null,"url":"https://earthquake.usgs.gov/earthquakes/eventpage/us6000jmpq","detail":"https://earthquake.usgs.gov/fdsnws/event/1/query?eventid=us6000jmpq&format=geojson","felt":null,"cdi":null,"mmi":null,"alert":null,"status":"reviewed","tsunami":0,"sig":271,"net":"us","code":"6000jmpq","ids":",us6000jmpq,","sources":",us,","types":",origin,phase-data,","nst":41,"dmin":1.04,"rms":0.64,"gap":142,"magType":"mb","type":"earthquake","title":"M 4.2 - Hokkaido, Japan region"},"geometry":{"type":"Point","coordinates":[142.8197,41.0059,46.936]},"id":"us6000jmpq"},
{"type":"Feature","properties":{"mag":4.1,"place":"off the coast of Oregon","time":1675938597276,"updated":1681594790040,"tz":null,"url":"https://earthquake.usgs.gov/earthquakes/eventpage/us6000jmpr","detail":"https://earthquake.usgs.gov/fdsnws/event/1/query?eventid=us6000jmpr&format=geojson","felt":2,"cdi":2,"mmi":null,"alert":null,"status":"reviewed","tsunami":0,"sig":259,"net":"us","code":"6000jmpr","ids":",us6000jmpr,","sources":",us,","types":",dyfi,origin,phase-data,","nst":51,"dmin":2.087,"rms":0.71,"gap":199,"magType":"mb","type":"earthquake","title":"M 4.1 - off the coast of Oregon"},"geometry":{"type":"Point","coordinates":[-128.6924,43.8701,10]},"id":"us6000jmpr"},
{"type":"Feature","properties":{"mag":4.3,"place":"19 km ENE of Nurda??, Turkey","time":1675939344454,"updated":1681594790040,"tz":null,"url":"https://earthquake.usgs.gov/earthquakes/eventpage/us6000jmpu","detail":"https://earthquake.usgs.gov/fdsnws/event/1/query?eventid=us6000jmpu&format=geojson","felt":null,"cdi":null,"mmi":null,"alert":null,"status":"reviewed","tsunami":0,"sig":284,"net":"us","code":"6000jmpu","ids":",us6000jmpu,","sources":",us,","types":",origin,phase-data,","nst":40,"dmin":0.239,"rms":0.86,"gap":84,"magType":"mb","type":"earthquake","title":"M 4.3 - 19 km ENE of Nurda??, Turkey"},"geometry":{"type":"Point","coordinates":[36.9198,37.2659,11.669]},"id":"us6000jmpu"},
{"type":"Feature","properties":{"mag":5.5,"place":"44 km SW of Kirakira, Solomon Islands","time":1675939996999,"updated":1681594791040,"tz":null,"url":"https://earthquake.usgs.gov/earthquakes/eventpage/us6000jmq0","detail":"https://earthquake.usgs.gov/fdsnws/event/1/query?eventid=us6000jmq0&format=geojson","felt":2,"cdi":2.9,"mmi":4.663,"alert":"green","status":"reviewed","tsunami":0,"sig":466,"net":"us","code":"6000jmq0","ids":",us6000jmq0,usauto6000jmq0,","sources":",us,usauto,","types":",dyfi,internal-moment-tensor,losspager,moment-tensor,origin,phase-data,shakemap,","nst":99,"dmin":2.137,"rms":0.71,"gap":28,"magType":"mww","type":"earthquake","title":"M 5.5 - 44 km SW of Kirakira, Solomon Islands"},"geometry":{"type":"Point","coordinates":[161.6593,-10.76,35]},"id":"us6000jmq0"},
{"type":"Feature","properties":{"mag":4.2,"place":"18 km SSW of Librazhd-Qendër, Albania","time":1675940256082,"updated":1681594791040,"tz":null,"url":"https://earthquake.usgs.gov/earthquakes/eventpage/us6000jmq1","detail":"https://earthquake.usgs.gov/fdsnws/event/1/query?eventid=us6000jmq1&format=geojson","felt":null,"cdi":null,"mmi":null,"alert":null,"status":"reviewed","tsunami":0,"sig":271,"net":"us","code":"6000jmq1","ids":",us6000jmq1,","sources":",us,","types":",origin,phase-data,","nst":47,"dmin":0.442,"rms":1.01,"gap":45,"magType":"mb","type":"earthquake","title":"M 4.2 - 18 km SSW of Librazhd-Qendër, Albania"},"geometry":{"type":"Point","coordinates":[20.2787,41.0349,10]},"id":"us6000jmq1"},
{"type":"Feature","properties":{"mag":4.3,"place":"17 km SW of Do?an?ehir, Turkey","time":1675943312158,"updated":1681594791040,"tz":null,"url":"https://earthquake.usgs.gov/earthquakes/eventpage/us6000jmq7","detail":"https://earthquake.usgs.gov/fdsnws/event/1/query?eventid=us6000jmq7&format=geojson","felt":null,"cdi":null,"mmi":null,"alert":null,"status":"reviewed","tsunami":0,"sig":284,"net":"us","code":"6000jmq7","ids":",us6000jmq7,","sources":",us,","types":",origin,phase-data,","nst":35,"dmin":0.802,"rms":1.02,"gap":65,"magType":"mb","type":"earthquake","title":"M 4.3 - 17 km SW of Do?an?ehir, Turkey"},"geometry":{"type":"Point","coordinates":[37.7044,37.9921,10]},"id":"us6000jmq7"},
{"type":"Feature","properties":{"mag":4.1,"place":"16 km SSW of Do?an?ehir, Turkey","time":1675945325037,"updated":1681594811040,"tz":null,"url":"https://earthquake.usgs.gov/earthquakes/eventpage/us6000jpkf","detail":"https://earthquake.usgs.gov/fdsnws/event/1/query?eventid=us6000jpkf&format=geojson","felt":null,"cdi":null,"mmi":null,"alert":null,"status":"reviewed","tsunami":0,"sig":259,"net":"us","code":"6000jpkf","ids":",us6000jpkf,","sources":",us,","types":",origin,phase-data,","nst":22,"dmin":0.832,"rms":0.63,"gap":80,"magType":"mb","type":"earthquake","title":"M 4.1 - 16 km SSW of Do?an?ehir, Turkey"},"geometry":{"type":"Point","coordinates":[37.7834,37.9544,10]},"id":"us6000jpkf"},
{"type":"Feature","properties":{"mag":4.2,"place":"73 km SSE of Puerto Ocopa, Peru","time":1675946375118,"updated":1681594791040,"tz":null,"url":"https://earthquake.usgs.gov/earthquakes/eventpage/us6000jmqb","detail":"https://earthquake.usgs.gov/fdsnws/event/1/query?eventid=us6000jmqb&format=geojson","felt":null,"cdi":null,"mmi":null,"alert":null,"status":"reviewed","tsunami":0,"sig":271,"net":"us","code":"6000jmqb","ids":",us6000jmqb,","sources":",us,","types":",origin,phase-data,","nst":27,"dmin":2.815,"rms":1.27,"gap":96,"magType":"mb","type":"earthquake","title":"M 4.2 - 73 km SSE of Puerto Ocopa, Peru"},"geometry":{"type":"Point","coordinates":[-73.9791,-11.7283,100.601]},"id":"us6000jmqb"},
{"type":"Feature","properties":{"mag":4.6,"place":"off the west coast of northern Sumatra","time":1675950783864,"updated":1681594791040,"tz":null,"url":"https://earthquake.usgs.gov/earthquakes/eventpage/us6000jmql","detail":"https://earthquake.usgs.gov/fdsnws/event/1/query?eventid=us6000jmql&format=geojson","felt":1,"cdi":2.7,"mmi":null,"alert":null,"status":"reviewed","tsunami":0,"sig":326,"net":"us","code":"6000jmql","ids":",us6000jmql,","sources":",us,","types":",dyfi,origin,phase-data,","nst":33,"dmin":4.772,"rms":1,"gap":139,"magType":"mb","type":"earthquake","title":"M 4.6 - off the west coast of northern Sumatra"},"geometry":{"type":"Point","coordinates":[92.8215,0.8799,10]},"id":"us6000jmql"},
{"type":"Feature","properties":{"mag":4.6,"place":"120 km SSE of Amahai, Indonesia","time":1675953484869,"updated":1681594791040,"tz":null,"url":"https://earthquake.usgs.gov/earthquakes/eventpage/us6000jmqu","detail":"https://earthquake.usgs.gov/fdsnws/event/1/query?eventid=us6000jmqu&format=geojson","felt":null,"cdi":null,"mmi":null,"alert":null,"status":"reviewed","tsunami":0,"sig":326,"net":"us","code":"6000jmqu","ids":",us6000jmqu,","sources":",us,","types":",origin,phase-data,","nst":43,"dmin":0.482,"rms":0.51,"gap":112,"magType":"mb","type":"earthquake","title":"M 4.6 - 120 km SSE of Amahai, Indonesia"},"geometry":{"type":"Point","coordinates":[129.4962,-4.2629,134.213]},"id":"us6000jmqu"},
{"type":"Feature","properties":{"mag":4.3,"place":"74 km NNE of Calama, Chile","time":1675953946333,"updated":1681594791040,"tz":null,"url":"https://earthquake.usgs.gov/earthquakes/eventpage/us6000jmqx","detail":"https://earthquake.usgs.gov/fdsnws/event/1/query?eventid=us6000jmqx&format=geojson","felt":null,"cdi":null,"mmi":null,"alert":null,"status":"reviewed","tsunami":0,"sig":284,"net":"us","code":"6000jmqx","ids":",us6000jmqx,","sources":",us,","types":",origin,phase-data,","nst":21,"dmin":0.564,"rms":0.39,"gap":51,"magType":"mb","type":"earthquake","title":"M 4.3 - 74 km NNE of Calama, Chile"},"geometry":{"type":"Point","coordinates":[-68.6374,-21.841,131.093]},"id":"us6000jmqx"},
{"type":"Feature","properties":{"mag":4.7,"place":"Kermadec Islands, New Zealand","time":1675958005692,"updated":1681594811040,"tz":null,"url":"https://earthquake.usgs.gov/earthquakes/eventpage/us6000jpkk","detail":"https://earthquake.usgs.gov/fdsnws/event/1/query?eventid=us6000jpkk&format=geojson","felt":null,"cdi":null,"mmi":null,"alert":null,"status":"reviewed","tsunami":0,"sig":340,"net":"us","code":"6000jpkk","ids":",us6000jpkk,","sources":",us,","types":",origin,phase-data,","nst":16,"dmin":1.08,"rms":0.72,"gap":188,"magType":"mb","type":"earthquake","title":"M 4.7 - Kermadec Islands, New Zealand"},"geometry":{"type":"Point","coordinates":[-177.7339,-30.3336,36.847]},"id":"us6000jpkk"},
{"type":"Feature","properties":{"mag":4,"place":"97 km ENE of Nagqu, China","time":1675958793824,"updated":1681594791040,"tz":null,"url":"https://earthquake.usgs.gov/earthquakes/eventpage/us6000jmrc","detail":"https://earthquake.usgs.gov/fdsnws/event/1/query?eventid=us6000jmrc&format=geojson","felt":null,"cdi":null,"mmi":null,"alert":null,"status":"reviewed","tsunami":0,"sig":246,"net":"us","code":"6000jmrc","ids":",us6000jmrc,","sources":",us,","types":",origin,phase-data,","nst":65,"dmin":6.626,"rms":0.63,"gap":69,"magType":"mb","type":"earthquake","title":"M 4.0 - 97 km ENE of Nagqu, China"},"geometry":{"type":"Point","coordinates":[92.9392,31.927,15.284]},"id":"us6000jmrc"},
{"type":"Feature","properties":{"mag":4,"place":"6 km NNE of Göksun, Turkey","time":1675965112392,"updated":1681594811040,"tz":null,"url":"https://earthquake.usgs.gov/earthquakes/eventpage/us6000jpkn","detail":"https://earthquake.usgs.gov/fdsnws/event/1/query?eventid=us6000jpkn&format=geojson","felt":null,"cdi":null,"mmi":null,"alert":null,"status":"reviewed","tsunami":0,"sig":246,"net":"us","code":"6000jpkn","ids":",us6000jpkn,","sources":",us,","types":",origin,phase-data,","nst":31,"dmin":0.341,"rms":1.39,"gap":51,"magType":"mb","type":"earthquake","title":"M 4.0 - 6 km NNE of Göksun, Turkey"},"geometry":{"type":"Point","coordinates":[36.5194,38.0746,10]},"id":"us6000jpkn"},
{"type":"Feature","properties":{"mag":4.5,"place":"37 km ESE of Rishiri Town, Japan","time":1675967422381,"updated":1681594791040,"tz":null,"url":"https://earthquake.usgs.gov/earthquakes/eventpage/us6000jmtw","detail":"https://earthquake.usgs.gov/fdsnws/event/1/query?eventid=us6000jmtw&format=geojson","felt":null,"cdi":null,"mmi":null,"alert":null,"status":"reviewed","tsunami":0,"sig":312,"net":"us","code":"6000jmtw","ids":",us6000jmtw,","sources":",us,","types":",origin,phase-data,","nst":138,"dmin":1.157,"rms":0.92,"gap":88,"magType":"mb","type":"earthquake","title":"M 4.5 - 37 km ESE of Rishiri Town, Japan"},"geometry":{"type":"Point","coordinates":[141.6443,45.0572,279.74]},"id":"us6000jmtw"},
{"type":"Feature","properties":{"mag":4.3,"place":"164 km S of Severo-Kuril’sk, Russia","time":1675968118896,"updated":1681594791040,"tz":null,"url":"https://earthquake.usgs.gov/earthquakes/eventpage/us6000jmty","detail":"https://earthquake.usgs.gov/fdsnws/event/1/query?eventid=us6000jmty&format=geojson","felt":null,"cdi":null,"mmi":null,"alert":null,"status":"reviewed","tsunami":0,"sig":284,"net":"us","code":"6000jmty","ids":",us6000jmty,","sources":",us,","types":",origin,phase-data,","nst":51,"dmin":4.062,"rms":0.83,"gap":137,"magType":"mb","type":"earthquake","title":"M 4.3 - 164 km S of Severo-Kuril’sk, Russia"},"geometry":{"type":"Point","coordinates":[155.9481,49.2042,42.655]},"id":"us6000jmty"},
{"type":"Feature","properties":{"mag":4.2,"place":"21 km W of Uzunba?, Turkey","time":1675968576565,"updated":1681594811040,"tz":null,"url":"https://earthquake.usgs.gov/earthquakes/eventpage/us6000jpkt","detail":"https://earthquake.usgs.gov/fdsnws/event/1/query?eventid=us6000jpkt&format=geojson","felt":null,"cdi":null,"mmi":null,"alert":null,"status":"reviewed","tsunami":0,"sig":271,"net":"us","code":"6000jpkt","ids":",us6000jpkt,","sources":",us,","types":",origin,phase-data,","nst":35,"dmin":1.468,"rms":0.9,"gap":77,"magType":"mb","type":"earthquake","title":"M 4.2 - 21 km W of Uzunba?, Turkey"},"geometry":{"type":"Point","coordinates":[35.7977,36.1764,10]},"id":"us6000jpkt"},
{"type":"Feature","properties":{"mag":4.7,"place":"northern Mid-Atlantic Ridge","time":1675969657105,"updated":1681594791040,"tz":null,"url":"https://earthquake.usgs.gov/earthquakes/eventpage/us6000jmu9","detail":"https://earthquake.usgs.gov/fdsnws/event/1/query?eventid=us6000jmu9&format=geojson","felt":null,"cdi":null,"mmi":null,"alert":null,"status":"reviewed","tsunami":0,"sig":340,"net":"us","code":"6000jmu9","ids":",us6000jmu9,","sources":",us,","types":",origin,phase-data,","nst":91,"dmin":17.857,"rms":0.82,"gap":87,"magType":"mb","type":"earthquake","title":"M 4.7 - northern Mid-Atlantic Ridge"},"geometry":{"type":"Point","coordinates":[-43.7428,28.4249,10]},"id":"us6000jmu9"},
{"type":"Feature","properties":{"mag":4.1,"place":"9 km E of Göksun, Turkey","time":1675971466503,"updated":1681594811040,"tz":null,"url":"https://earthquake.usgs.gov/earthquakes/eventpage/us6000jpku","detail":"https://earthquake.usgs.gov/fdsnws/event/1/query?eventid=us6000jpku&format=geojson","felt":null,"cdi":null,"mmi":null,"alert":null,"status":"reviewed","tsunami":0,"sig":259,"net":"us","code":"6000jpku","ids":",us6000jpku,","sources":",us,","types":",origin,phase-data,","nst":22,"dmin":0.409,"rms":1.16,"gap":81,"magType":"mb","type":"earthquake","title":"M 4.1 - 9 km E of Göksun, Turkey"},"geometry":{"type":"Point","coordinates":[36.6096,38.0264,10]},"id":"us6000jpku"},
{"type":"Feature","properties":{"mag":4.5,"place":"82 km SW of Corinto, Nicaragua","time":1675971829768,"updated":1681594792040,"tz":null,"url":"https://earthquake.usgs.gov/earthquakes/eventpage/us6000jmui","detail":"https://earthquake.usgs.gov/fdsnws/event/1/query?eventid=us6000jmui&format=geojson","felt":null,"cdi":null,"mmi":null,"alert":null,"status":"reviewed","tsunami":0,"sig":312,"net":"us","code":"6000jmui","ids":",us6000jmui,","sources":",us,","types":",origin,phase-data,","nst":43,"dmin":1.139,"rms":1.03,"gap":118,"magType":"mb","type":"earthquake","title":"M 4.5 - 82 km SW of Corinto, Nicaragua"},"geometry":{"type":"Point","coordinates":[-87.7379,11.9815,40.451]},"id":"us6000jmui"},
{"type":"Feature","properties":{"mag":4.5,"place":"Prince Edward Islands region","time":1675973836860,"updated":1681594811040,"tz":null,"url":"https://earthquake.usgs.gov/earthquakes/eventpage/us6000jpkz","detail":"https://earthquake.usgs.gov/fdsnws/event/1/query?eventid=us6000jpkz&format=geojson","felt":null,"cdi":null,"mmi":null,"alert":null,"status":"reviewed","tsunami":0,"sig":312,"net":"us","code":"6000jpkz","ids":",us6000jpkz,","sources":",us,","types":",origin,phase-data,","nst":19,"dmin":19.187,"rms":0.72,"gap":89,"magType":"mb","type":"earthquake","title":"M 4.5 - Prince Edward Islands region"},"geometry":{"type":"Point","coordinates":[42.5408,-41.6888,10]},"id":"us6000jpkz"},
{"type":"Feature","properties":{"mag":4.5,"place":"South Sandwich Islands region","time":1675976723301,"updated":1705605632401,"tz":null,"url":"https://earthquake.usgs.gov/earthquakes/eventpage/us6000jpkv","detail":"https://earthquake.usgs.gov/fdsnws/event/1/query?eventid=us6000jpkv&format=geojson","felt":null,"cdi":null,"mmi":null,"alert":null,"status":"reviewed","tsunami":0,"sig":312,"net":"us","code":"6000jpkv","ids":",us6000jpkv,","sources":",us,","types":",earthquake-name,origin,phase-data,","nst":34,"dmin":7.576,"rms":0.64,"gap":79,"magType":"mb","type":"earthquake","title":"M 4.5 - South Sandwich Islands region"},"geometry":{"type":"Point","coordinates":[-26.6801,-59.6313,115.747]},"id":"us6000jpkv"},
{"type":"Feature","properties":{"mag":5.5,"place":"Carlsberg Ridge","time":1675977139574,"updated":1681594792040,"tz":null,"url":"https://earthquake.usgs.gov/earthquakes/eventpage/us6000jmvc","detail":"https://earthquake.usgs.gov/fdsnws/event/1/query?eventid=us6000jmvc&format=geojson","felt":null,"cdi":null,"mmi":0,"alert":"green","status":"reviewed","tsunami":0,"sig":465,"net":"us","code":"6000jmvc","ids":",us6000jmvc,","sources":",us,","types":",losspager,moment-tensor,origin,phase-data,shakemap,","nst":61,"dmin":5.71,"rms":0.6,"gap":38,"magType":"mww","type":"earthquake","title":"M 5.5 - Carlsberg Ridge"},"geometry":{"type":"Point","coordinates":[67.5616,-1.2752,10]},"id":"us6000jmvc"},
{"type":"Feature","properties":{"mag":5,"place":"South Sandwich Islands region","time":1675977652694,"updated":1681594792040,"tz":null,"url":"https://earthquake.usgs.gov/earthquakes/eventpage/us6000jmvf","detail":"https://earthquake.usgs.gov/fdsnws/event/1/query?eventid=us6000jmvf&format=geojson","felt":null,"cdi":null,"mmi":null,"alert":null,"status":"reviewed","tsunami":0,"sig":385,"net":"us","code":"6000jmvf","ids":",us6000jmvf,","sources":",us,","types":",origin,phase-data,","nst":64,"dmin":5.571,"rms":0.52,"gap":46,"magType":"mb","type":"earthquake","title":"M 5.0 - South Sandwich Islands region"},"geometry":{"type":"Point","coordinates":[-27.1036,-55.6128,35.03]},"id":"us6000jmvf"},
{"type":"Feature","properties":{"mag":4.2,"place":"10 km E of Nurda??, Turkey","time":1675979189508,"updated":1681594792040,"tz":null,"url":"https://earthquake.usgs.gov/earthquakes/eventpage/us6000jmvn","detail":"https://earthquake.usgs.gov/fdsnws/event/1/query?eventid=us6000jmvn&format=geojson","felt":null,"cdi":null,"mmi":null,"alert":null,"status":"reviewed","tsunami":0,"sig":271,"net":"us","code":"6000jmvn","ids":",us6000jmvn,","sources":",us,","types":",origin,phase-data,","nst":49,"dmin":0.288,"rms":0.5,"gap":84,"magType":"mb","type":"earthquake","title":"M 4.2 - 10 km E of Nurda??, Turkey"},"geometry":{"type":"Point","coordinates":[36.8496,37.1694,10]},"id":"us6000jmvn"},
{"type":"Feature","properties":{"mag":4.2,"place":"8 km ESE of Hasanbeyli, Turkey","time":1675980399447,"updated":1681594792040,"tz":null,"url":"https://earthquake.usgs.gov/earthquakes/eventpage/us6000jmvs","detail":"https://earthquake.usgs.gov/fdsnws/event/1/query?eventid=us6000jmvs&format=geojson","felt":null,"cdi":null,"mmi":null,"alert":null,"status":"reviewed","tsunami":0,"sig":271,"net":"us","code":"6000jmvs","ids":",us6000jmvs,","sources":",us,","types":",origin,phase-data,","nst":19,"dmin":0.453,"rms":0.46,"gap":109,"magType":"mb","type":"earthquake","title":"M 4.2 - 8 km ESE of Hasanbeyli, Turkey"},"geometry":{"type":"Point","coordinates":[36.6317,37.1058,5.459]},"id":"us6000jmvs"},
{"type":"Feature","properties":{"mag":4.9,"place":"south of the Fiji Islands","time":1675981506961,"updated":1681594792040,"tz":null,"url":"https://earthquake.usgs.gov/earthquakes/eventpage/us6000jmws","detail":"https://earthquake.usgs.gov/fdsnws/event/1/query?eventid=us6000jmws&format=geojson","felt":null,"cdi":null,"mmi":null,"alert":null,"status":"reviewed","tsunami":0,"sig":369,"net":"us","code":"6000jmws","ids":",us6000jmws,","sources":",us,","types":",origin,phase-data,","nst":172,"dmin":2.607,"rms":0.55,"gap":50,"magType":"mb","type":"earthquake","title":"M 4.9 - south of the Fiji Islands"},"geometry":{"type":"Point","coordinates":[-178.2996,-26.6493,263.762]},"id":"us6000jmws"},
{"type":"Feature","properties":{"mag":4.5,"place":"South Sandwich Islands region","time":1675987652929,"updated":1681594812040,"tz":null,"url":"https://earthquake.usgs.gov/earthquakes/eventpage/us6000jpmn","detail":"https://earthquake.usgs.gov/fdsnws/event/1/query?eventid=us6000jpmn&format=geojson","felt":null,"cdi":null,"mmi":null,"alert":null,"status":"reviewed","tsunami":0,"sig":312,"net":"us","code":"6000jpmn","ids":",us6000jpmn,","sources":",us,","types":",origin,phase-data,","nst":23,"dmin":5.662,"rms":0.44,"gap":95,"magType":"mb","type":"earthquake","title":"M 4.5 - South Sandwich Islands region"},"geometry":{"type":"Point","coordinates":[-26.9302,-55.581,10]},"id":"us6000jpmn"},
{"type":"Feature","properties":{"mag":4.2,"place":"South Sandwich Islands region","time":1675989816209,"updated":1681594812040,"tz":null,"url":"https://earthquake.usgs.gov/earthquakes/eventpage/us6000jpmr","detail":"https://earthquake.usgs.gov/fdsnws/event/1/query?eventid=us6000jpmr&format=geojson","felt":null,"cdi":null,"mmi":null,"alert":null,"status":"reviewed","tsunami":0,"sig":271,"net":"us","code":"6000jpmr","ids":",us6000jpmr,","sources":",us,","types":",origin,phase-data,","nst":19,"dmin":5.396,"rms":0.32,"gap":69,"magType":"mb","type":"earthquake","title":"M 4.2 - South Sandwich Islands region"},"geometry":{"type":"Point","coordinates":[-27.5046,-55.8517,35]},"id":"us6000jpmr"},
{"type":"Feature","properties":{"mag":4.9,"place":"56 km N of Namuac, Philippines","time":1675992565240,"updated":1681594792040,"tz":null,"url":"https://earthquake.usgs.gov/earthquakes/eventpage/us6000jmzh","detail":"https://earthquake.usgs.gov/fdsnws/event/1/query?eventid=us6000jmzh&format=geojson","felt":null,"cdi":null,"mmi":null,"alert":null,"status":"reviewed","tsunami":0,"sig":369,"net":"us","code":"6000jmzh","ids":",us6000jmzh,","sources":",us,","types":",origin,phase-data,","nst":56,"dmin":3.681,"rms":0.7,"gap":97,"magType":"mb","type":"earthquake","title":"M 4.9 - 56 km N of Namuac, Philippines"},"geometry":{"type":"Point","coordinates":[121.2107,19.12,38.682]},"id":"us6000jmzh"},
{"type":"Feature","properties":{"mag":4.3,"place":"20 km SE of Göksun, Turkey","time":1675993859593,"updated":1681594792040,"tz":null,"url":"https://earthquake.usgs.gov/earthquakes/eventpage/us6000jmzj","detail":"https://earthquake.usgs.gov/fdsnws/event/1/query?eventid=us6000jmzj&format=geojson","felt":null,"cdi":null,"mmi":null,"alert":null,"status":"reviewed","tsunami":0,"sig":284,"net":"us","code":"6000jmzj","ids":",us6000jmzj,","sources":",us,","types":",moment-tensor,origin,phase-data,","nst":69,"dmin":0.367,"rms":0.75,"gap":40,"magType":"mwr","type":"earthquake","title":"M 4.3 - 20 km SE of Göksun, Turkey"},"geometry":{"type":"Point","coordinates":[36.631,37.8685,5.225]},"id":"us6000jmzj"},
{"type":"Feature","properties":{"mag":4.2,"place":"Fiji region","time":1675994059405,"updated":1705605636914,"tz":null,"url":"https://earthquake.usgs.gov/earthquakes/eventpage/us6000jpmk","detail":"https://earthquake.usgs.gov/fdsnws/event/1/query?eventid=us6000jpmk&format=geojson","felt":null,"cdi":null,"mmi":null,"alert":null,"status":"reviewed","tsunami":0,"sig":271,"net":"us","code":"6000jpmk","ids":",us6000jpmk,","sources":",us,","types":",earthquake-name,origin,phase-data,","nst":17,"dmin":3.219,"rms":0.45,"gap":87,"magType":"mb","type":"earthquake","title":"M 4.2 - Fiji region"},"geometry":{"type":"Point","coordinates":[-177.5597,-18.7379,613.906]},"id":"us6000jpmk"},
{"type":"Feature","properties":{"mag":4.4,"place":"12 km N of Çelikhan, Turkey","time":1675994622954,"updated":1681594792040,"tz":null,"url":"https://earthquake.usgs.gov/earthquakes/eventpage/us6000jmzl","detail":"https://earthquake.usgs.gov/fdsnws/event/1/query?eventid=us6000jmzl&format=geojson","felt":null,"cdi":null,"mmi":null,"alert":null,"status":"reviewed","tsunami":0,"sig":298,"net":"us","code":"6000jmzl","ids":",us6000jmzl,","sources":",us,","types":",origin,phase-data,","nst":62,"dmin":0.842,"rms":0.9,"gap":45,"magType":"mb","type":"earthquake","title":"M 4.4 - 12 km N of Çelikhan, Turkey"},"geometry":{"type":"Point","coordinates":[38.2167,38.1343,10]},"id":"us6000jmzl"},
{"type":"Feature","properties":{"mag":4.2,"place":"29 km ESE of Jurm, Afghanistan","time":1676004052049,"updated":1681594793040,"tz":null,"url":"https://earthquake.usgs.gov/earthquakes/eventpage/us6000jn0g","detail":"https://earthquake.usgs.gov/fdsnws/event/1/query?eventid=us6000jn0g&format=geojson","felt":1,"cdi":2,"mmi":null,"alert":null,"status":"reviewed","tsunami":0,"sig":272,"net":"us","code":"6000jn0g","ids":",us6000jn0g,","sources":",us,","types":",dyfi,origin,phase-data,","nst":35,"dmin":2.543,"rms":0.44,"gap":79,"magType":"mb","type":"earthquake","title":"M 4.2 - 29 km ESE of Jurm, Afghanistan"},"geometry":{"type":"Point","coordinates":[71.1258,36.7449,210.571]},"id":"us6000jn0g"},
{"type":"Feature","properties":{"mag":4.4,"place":"271 km SW of Severo-Kuril’sk, Russia","time":1676004251189,"updated":1681594793040,"tz":null,"url":"https://earthquake.usgs.gov/earthquakes/eventpage/us6000jn0j","detail":"https://earthquake.usgs.gov/fdsnws/event/1/query?eventid=us6000jn0j&format=geojson","felt":null,"cdi":null,"mmi":null,"alert":null,"status":"reviewed","tsunami":0,"sig":298,"net":"us","code":"6000jn0j","ids":",us6000jn0j,","sources":",us,","types":",origin,phase-data,","nst":54,"dmin":4.975,"rms":0.67,"gap":135,"magType":"mb","type":"earthquake","title":"M 4.4 - 271 km SW of Severo-Kuril’sk, Russia"},"geometry":{"type":"Point","coordinates":[153.5732,48.8752,103.321]},"id":"us6000jn0j"},
{"type":"Feature","properties":{"mag":4.7,"place":"15 km SSW of Ye?ilyurt, Turkey","time":1676004624791,"updated":1681594793040,"tz":null,"url":"https://earthquake.usgs.gov/earthquakes/eventpage/us6000jn0h","detail":"https://earthquake.usgs.gov/fdsnws/event/1/query?eventid=us6000jn0h&format=geojson","felt":1,"cdi":2,"mmi":null,"alert":null,"status":"reviewed","tsunami":0,"sig":340,"net":"us","code":"6000jn0h","ids":",us6000jn0h,","sources":",us,","types":",dyfi,moment-tensor,origin,phase-data,","nst":82,"dmin":0.894,"rms":0.92,"gap":47,"magType":"mwr","type":"earthquake","title":"M 4.7 - 15 km SSW of Ye?ilyurt, Turkey"},"geometry":{"type":"Point","coordinates":[38.1714,38.1736,10]},"id":"us6000jn0h"},
{"type":"Feature","properties":{"mag":4.2,"place":"eastern Turkey","time":1676004831269,"updated":1681594812040,"tz":null,"url":"https://earthquake.usgs.gov/earthquakes/eventpage/us6000jpmm","detail":"https://earthquake.usgs.gov/fdsnws/event/1/query?eventid=us6000jpmm&format=geojson","felt":null,"cdi":null,"mmi":null,"alert":null,"status":"reviewed","tsunami":0,"sig":271,"net":"us","code":"6000jpmm","ids":",us6000jpmm,","sources":",us,","types":",origin,phase-data,","nst":35,"dmin":0.708,"rms":0.88,"gap":53,"magType":"mb","type":"earthquake","title":"M 4.2 - eastern Turkey"},"geometry":{"type":"Point","coordinates":[38.451,38.0858,10]},"id":"us6000jpmm"},
{"type":"Feature","properties":{"mag":4.3,"place":"48 km WNW of Nikolski, Alaska","time":1676006525728,"updated":1681594793040,"tz":null,"url":"https://earthquake.usgs.gov/earthquakes/eventpage/us6000jn0n","detail":"https://earthquake.usgs.gov/fdsnws/event/1/query?eventid=us6000jn0n&format=geojson","felt":1,"cdi":2.7,"mmi":2.862,"alert":null,"status":"reviewed","tsunami":0,"sig":285,"net":"us","code":"6000jn0n","ids":",us6000jn0n,ak0231vw54ky,","sources":",us,ak,","types":",dyfi,origin,phase-data,shakemap,","nst":92,"dmin":0.355,"rms":0.66,"gap":90,"magType":"mb","type":"earthquake","title":"M 4.3 - 48 km WNW of Nikolski, Alaska"},"geometry":{"type":"Point","coordinates":[-169.5224,53.1193,111.817]},"id":"us6000jn0n"},
{"type":"Feature","properties":{"mag":4,"place":"68 km S of Ust’-Kamchatsk Staryy, Russia","time":1676008370362,"updated":1681594812040,"tz":null,"url":"https://earthquake.usgs.gov/earthquakes/eventpage/us6000jpmq","detail":"https://earthquake.usgs.gov/fdsnws/event/1/query?eventid=us6000jpmq&format=geojson","felt":null,"cdi":null,"mmi":null,"alert":null,"status":"reviewed","tsunami":0,"sig":246,"net":"us","code":"6000jpmq","ids":",us6000jpmq,","sources":",us,","types":",origin,phase-data,","nst":24,"dmin":3.483,"rms":0.33,"gap":138,"magType":"mb","type":"earthquake","title":"M 4.0 - 68 km S of Ust’-Kamchatsk Staryy, Russia"},"geometry":{"type":"Point","coordinates":[162.6046,55.6197,53.373]},"id":"us6000jpmq"},
{"type":"Feature","properties":{"mag":4.03,"place":"25 km SSE of La Romana, Dominican Republic","time":1676010318250,"updated":1681594793040,"tz":null,"url":"https://earthquake.usgs.gov/earthquakes/eventpage/pr2023041000","detail":"https://earthquake.usgs.gov/fdsnws/event/1/query?eventid=pr2023041000&format=geojson","felt":0,"cdi":1,"mmi":null,"alert":null,"status":"reviewed","tsunami":0,"sig":250,"net":"pr","code":"2023041000","ids":",pr2023041000,us6000jn12,","sources":",pr,us,","types":",dyfi,origin,phase-data,","nst":19,"dmin":0.6124,"rms":0.44,"gap":189,"magType":"md","type":"earthquake","title":"M 4.0 - 25 km SSE of La Romana, Dominican Republic"},"geometry":{"type":"Point","coordinates":[-68.9085,18.2021,140]},"id":"pr2023041000"},
{"type":"Feature","properties":{"mag":4.3,"place":"59 km WNW of ?ar??s, Syria","time":1676017048909,"updated":1681594793040,"tz":null,"url":"https://earthquake.usgs.gov/earthquakes/eventpage/us6000jn19","detail":"https://earthquake.usgs.gov/fdsnws/event/1/query?eventid=us6000jn19&format=geojson","felt":1,"cdi":2,"mmi":null,"alert":null,"status":"reviewed","tsunami":0,"sig":285,"net":"us","code":"6000jn19","ids":",us6000jn19,","sources":",us,","types":",dyfi,origin,phase-data,","nst":28,"dmin":1.593,"rms":0.91,"gap":179,"magType":"mb","type":"earthquake","title":"M 4.3 - 59 km WNW of ?ar??s, Syria"},"geometry":{"type":"Point","coordinates":[35.2669,35.0684,10]},"id":"us6000jn19"},
{"type":"Feature","properties":{"mag":4.3,"place":"Izu Islands, Japan region","time":1676018758021,"updated":1705605638366,"tz":null,"url":"https://earthquake.usgs.gov/earthquakes/eventpage/us6000jpmu","detail":"https://earthquake.usgs.gov/fdsnws/event/1/query?eventid=us6000jpmu&format=geojson","felt":null,"cdi":null,"mmi":null,"alert":null,"status":"reviewed","tsunami":0,"sig":284,"net":"us","code":"6000jpmu","ids":",us6000jpmu,","sources":",us,","types":",earthquake-name,origin,phase-data,","nst":36,"dmin":2.564,"rms":0.57,"gap":142,"magType":"mb","type":"earthquake","title":"M 4.3 - Izu Islands, Japan region"},"geometry":{"type":"Point","coordinates":[141.6154,31.0515,10]},"id":"us6000jpmu"},
{"type":"Feature","properties":{"mag":4.3,"place":"7 km NW of Çelikhan, Turkey","time":1676019769022,"updated":1681594793040,"tz":null,"url":"https://earthquake.usgs.gov/earthquakes/eventpage/us6000jn1b","detail":"https://earthquake.usgs.gov/fdsnws/event/1/query?eventid=us6000jn1b&format=geojson","felt":null,"cdi":null,"mmi":null,"alert":null,"status":"reviewed","tsunami":0,"sig":284,"net":"us","code":"6000jn1b","ids":",us6000jn1b,","sources":",us,","types":",origin,phase-data,","nst":57,"dmin":0.815,"rms":0.33,"gap":49,"magType":"mb","type":"earthquake","title":"M 4.3 - 7 km NW of Çelikhan, Turkey"},"geometry":{"type":"Point","coordinates":[38.1756,38.0757,7.345]},"id":"us6000jn1b"},
{"type":"Feature","properties":{"mag":4.4,"place":"14 km SW of Ye?ilyurt, Turkey","time":1676023280828,"updated":1681594793040,"tz":null,"url":"https://earthquake.usgs.gov/earthquakes/eventpage/us6000jn2a","detail":"https://earthquake.usgs.gov/fdsnws/event/1/query?eventid=us6000jn2a&format=geojson","felt":null,"cdi":null,"mmi":null,"alert":null,"status":"reviewed","tsunami":0,"sig":298,"net":"us","code":"6000jn2a","ids":",us6000jn2a,","sources":",us,","types":",origin,phase-data,","nst":44,"dmin":0.907,"rms":0.72,"gap":44,"magType":"mb","type":"earthquake","title":"M 4.4 - 14 km SW of Ye?ilyurt, Turkey"},"geometry":{"type":"Point","coordinates":[38.1375,38.1976,10]},"id":"us6000jn2a"},
{"type":"Feature","properties":{"mag":4.5,"place":"Kermadec Islands, New Zealand","time":1676024899716,"updated":1681594812040,"tz":null,"url":"https://earthquake.usgs.gov/earthquakes/eventpage/us6000jpmv","detail":"https://earthquake.usgs.gov/fdsnws/event/1/query?eventid=us6000jpmv&format=geojson","felt":null,"cdi":null,"mmi":null,"alert":null,"status":"reviewed","tsunami":0,"sig":312,"net":"us","code":"6000jpmv","ids":",us6000jpmv,","sources":",us,","types":",origin,phase-data,","nst":17,"dmin":1.32,"rms":0.62,"gap":125,"magType":"mb","type":"earthquake","title":"M 4.5 - Kermadec Islands, New Zealand"},"geometry":{"type":"Point","coordinates":[-178.3695,-30.5273,10]},"id":"us6000jpmv"},
{"type":"Feature","properties":{"mag":4.5,"place":"Tarapaca, Chile","time":1676025910123,"updated":1681594793040,"tz":null,"url":"https://earthquake.usgs.gov/earthquakes/eventpage/us6000jn2c","detail":"https://earthquake.usgs.gov/fdsnws/event/1/query?eventid=us6000jn2c&format=geojson","felt":null,"cdi":null,"mmi":null,"alert":null,"status":"reviewed","tsunami":0,"sig":312,"net":"us","code":"6000jn2c","ids":",us6000jn2c,","sources":",us,","types":",origin,phase-data,","nst":22,"dmin":0.527,"rms":0.4,"gap":85,"magType":"mb","type":"earthquake","title":"M 4.5 - Tarapaca, Chile"},"geometry":{"type":"Point","coordinates":[-69.1954,-20.1985,107.116]},"id":"us6000jn2c"},
{"type":"Feature","properties":{"mag":4.4,"place":"Tarapaca, Chile","time":1676027303903,"updated":1681594793040,"tz":null,"url":"https://earthquake.usgs.gov/earthquakes/eventpage/us6000jn2h","detail":"https://earthquake.usgs.gov/fdsnws/event/1/query?eventid=us6000jn2h&format=geojson","felt":null,"cdi":null,"mmi":null,"alert":null,"status":"reviewed","tsunami":0,"sig":298,"net":"us","code":"6000jn2h","ids":",us6000jn2h,","sources":",us,","types":",origin,phase-data,","nst":32,"dmin":0.598,"rms":0.99,"gap":77,"magType":"mb","type":"earthquake","title":"M 4.4 - Tarapaca, Chile"},"geometry":{"type":"Point","coordinates":[-69.2271,-19.0681,125.525]},"id":"us6000jn2h"},
{"type":"Feature","properties":{"mag":4.9,"place":"central Mid-Atlantic Ridge","time":1676036050579,"updated":1681594793040,"tz":null,"url":"https://earthquake.usgs.gov/earthquakes/eventpage/us6000jn33","detail":"https://earthquake.usgs.gov/fdsnws/event/1/query?eventid=us6000jn33&format=geojson","felt":null,"cdi":null,"mmi":null,"alert":null,"status":"reviewed","tsunami":0,"sig":369,"net":"us","code":"6000jn33","ids":",us6000jn33,","sources":",us,","types":",origin,phase-data,","nst":68,"dmin":15.912,"rms":0.46,"gap":71,"magType":"mb","type":"earthquake","title":"M 4.9 - central Mid-Atlantic Ridge"},"geometry":{"type":"Point","coordinates":[-36.8163,7.5159,10]},"id":"us6000jn33"},
{"type":"Feature","properties":{"mag":4.6,"place":"Volcano Islands, Japan region","time":1676036230785,"updated":1681594793040,"tz":null,"url":"https://earthquake.usgs.gov/earthquakes/eventpage/us6000jn3b","detail":"https://earthquake.usgs.gov/fdsnws/event/1/query?eventid=us6000jn3b&format=geojson","felt":null,"cdi":null,"mmi":null,"alert":null,"status":"reviewed","tsunami":0,"sig":326,"net":"us","code":"6000jn3b","ids":",us6000jn3b,","sources":",us,","types":",origin,phase-data,","nst":62,"dmin":2.508,"rms":0.44,"gap":120,"magType":"mb","type":"earthquake","title":"M 4.6 - Volcano Islands, Japan region"},"geometry":{"type":"Point","coordinates":[143.4746,24.8629,11.93]},"id":"us6000jn3b"},
{"type":"Feature","properties":{"mag":4.6,"place":"South Sandwich Islands region","time":1676038465102,"updated":1681594812040,"tz":null,"url":"https://earthquake.usgs.gov/earthquakes/eventpage/us6000jpn4","detail":"https://earthquake.usgs.gov/fdsnws/event/1/query?eventid=us6000jpn4&format=geojson","felt":null,"cdi":null,"mmi":null,"alert":null,"status":"reviewed","tsunami":0,"sig":326,"net":"us","code":"6000jpn4","ids":",us6000jpn4,","sources":",us,","types":",origin,phase-data,","nst":19,"dmin":5.692,"rms":0.64,"gap":131,"magType":"mb","type":"earthquake","title":"M 4.6 - South Sandwich Islands region"},"geometry":{"type":"Point","coordinates":[-26.8488,-55.4787,10]},"id":"us6000jpn4"},
{"type":"Feature","properties":{"mag":4.5,"place":"Samoa Islands region","time":1676038997655,"updated":1681594812040,"tz":null,"url":"https://earthquake.usgs.gov/earthquakes/eventpage/us6000jpn0","detail":"https://earthquake.usgs.gov/fdsnws/event/1/query?eventid=us6000jpn0&format=geojson","felt":null,"cdi":null,"mmi":null,"alert":null,"status":"reviewed","tsunami":0,"sig":312,"net":"us","code":"6000jpn0","ids":",us6000jpn0,","sources":",us,","types":",origin,phase-data,","nst":14,"dmin":2.974,"rms":1.15,"gap":162,"magType":"mb","type":"earthquake","title":"M 4.5 - Samoa Islands region"},"geometry":{"type":"Point","coordinates":[-173.5713,-14.8569,10]},"id":"us6000jpn0"},
{"type":"Feature","properties":{"mag":5,"place":"Kermadec Islands, New Zealand","time":1676045235017,"updated":1681594795040,"tz":null,"url":"https://earthquake.usgs.gov/earthquakes/eventpage/us6000jn4j","detail":"https://earthquake.usgs.gov/fdsnws/event/1/query?eventid=us6000jn4j&format=geojson","felt":null,"cdi":null,"mmi":null,"alert":null,"status":"reviewed","tsunami":0,"sig":385,"net":"us","code":"6000jn4j","ids":",us6000jn4j,","sources":",us,","types":",origin,phase-data,","nst":51,"dmin":0.876,"rms":0.89,"gap":60,"magType":"mb","type":"earthquake","title":"M 5.0 - Kermadec Islands, New Zealand"},"geometry":{"type":"Point","coordinates":[-177.9685,-30.1399,11.476]},"id":"us6000jn4j"},
{"type":"Feature","properties":{"mag":4.7,"place":"21 km ESE of Saimbeyli, Turkey","time":1676048451366,"updated":1681594795040,"tz":null,"url":"https://earthquake.usgs.gov/earthquakes/eventpage/us6000jn4r","detail":"https://earthquake.usgs.gov/fdsnws/event/1/query?eventid=us6000jn4r&format=geojson","felt":3,"cdi":5.2,"mmi":null,"alert":null,"status":"reviewed","tsunami":0,"sig":341,"net":"us","code":"6000jn4r","ids":",us6000jn4r,","sources":",us,","types":",dyfi,moment-tensor,origin,phase-data,","nst":128,"dmin":0.309,"rms":0.72,"gap":34,"magType":"mwr","type":"earthquake","title":"M 4.7 - 21 km ESE of Saimbeyli, Turkey"},"geometry":{"type":"Point","coordinates":[36.2951,37.8868,2.087]},"id":"us6000jn4r"},
{"type":"Feature","properties":{"mag":5.3,"place":"121 km SSE of ‘Ohonua, Tonga","time":1676048781993,"updated":1681594795040,"tz":null,"url":"https://earthquake.usgs.gov/earthquakes/eventpage/us6000jn4u","detail":"https://earthquake.usgs.gov/fdsnws/event/1/query?eventid=us6000jn4u&format=geojson","felt":null,"cdi":null,"mmi":null,"alert":null,"status":"reviewed","tsunami":0,"sig":432,"net":"us","code":"6000jn4u","ids":",pt23041000,us6000jn4u,","sources":",pt,us,","types":",internal-origin,moment-tensor,origin,phase-data,","nst":106,"dmin":1.347,"rms":1.33,"gap":76,"magType":"mww","type":"earthquake","title":"M 5.3 - 121 km SSE of ‘Ohonua, Tonga"},"geometry":{"type":"Point","coordinates":[-174.4285,-22.3128,10]},"id":"us6000jn4u"},
{"type":"Feature","properties":{"mag":4.1,"place":"15 km N of Sincik, Turkey","time":1676050284653,"updated":1681594795040,"tz":null,"url":"https://earthquake.usgs.gov/earthquakes/eventpage/us6000jn4x","detail":"https://earthquake.usgs.gov/fdsnws/event/1/query?eventid=us6000jn4x&format=geojson","felt":null,"cdi":null,"mmi":null,"alert":null,"status":"reviewed","tsunami":0,"sig":259,"net":"us","code":"6000jn4x","ids":",us6000jn4x,","sources":",us,","types":",moment-tensor,origin,phase-data,","nst":60,"dmin":0.758,"rms":0.53,"gap":41,"magType":"mwr","type":"earthquake","title":"M 4.1 - 15 km N of Sincik, Turkey"},"geometry":{"type":"Point","coordinates":[38.5981,38.1788,4.258]},"id":"us6000jn4x"},
{"type":"Feature","properties":{"mag":4.3,"place":"7 km NE of Jayapura, Indonesia","time":1676050750231,"updated":1681594812040,"tz":null,"url":"https://earthquake.usgs.gov/earthquakes/eventpage/us6000jpn5","detail":"https://earthquake.usgs.gov/fdsnws/event/1/query?eventid=us6000jpn5&format=geojson","felt":null,"cdi":null,"mmi":null,"alert":null,"status":"reviewed","tsunami":0,"sig":284,"net":"us","code":"6000jpn5","ids":",us6000jpn5,","sources":",us,","types":",origin,phase-data,","nst":31,"dmin":8.522,"rms":0.56,"gap":111,"magType":"mb","type":"earthquake","title":"M 4.3 - 7 km NE of Jayapura, Indonesia"},"geometry":{"type":"Point","coordinates":[140.7703,-2.4938,25.273]},"id":"us6000jpn5"},
{"type":"Feature","properties":{"mag":4.2,"place":"58 km N of Finschhafen, Papua New Guinea","time":1676051015216,"updated":1681594812040,"tz":null,"url":"https://earthquake.usgs.gov/earthquakes/eventpage/us6000jpnc","detail":"https://earthquake.usgs.gov/fdsnws/event/1/query?eventid=us6000jpnc&format=geojson","felt":null,"cdi":null,"mmi":null,"alert":null,"status":"reviewed","tsunami":0,"sig":271,"net":"us","code":"6000jpnc","ids":",us6000jpnc,","sources":",us,","types":",origin,phase-data,","nst":12,"dmin":3.401,"rms":0.24,"gap":104,"magType":"mb","type":"earthquake","title":"M 4.2 - 58 km N of Finschhafen, Papua New Guinea"},"geometry":{"type":"Point","coordinates":[147.7551,-6.034,9.928]},"id":"us6000jpnc"},
{"type":"Feature","properties":{"mag":5,"place":"60 km NW of Abepura, Indonesia","time":1676053254332,"updated":1681594795040,"tz":null,"url":"https://earthquake.usgs.gov/earthquakes/eventpage/us6000jn58","detail":"https://earthquake.usgs.gov/fdsnws/event/1/query?eventid=us6000jn58&format=geojson","felt":1,"cdi":2.2,"mmi":null,"alert":null,"status":"reviewed","tsunami":0,"sig":385,"net":"us","code":"6000jn58","ids":",us6000jn58,","sources":",us,","types":",dyfi,origin,phase-data,","nst":80,"dmin":7.95,"rms":0.53,"gap":48,"magType":"mb","type":"earthquake","title":"M 5.0 - 60 km NW of Abepura, Indonesia"},"geometry":{"type":"Point","coordinates":[140.1828,-2.2921,25.298]},"id":"us6000jn58"},
{"type":"Feature","properties":{"mag":4.4,"place":"Kepulauan Babar, Indonesia","time":1676054214074,"updated":1681594812040,"tz":null,"url":"https://earthquake.usgs.gov/earthquakes/eventpage/us6000jpn6","detail":"https://earthquake.usgs.gov/fdsnws/event/1/query?eventid=us6000jpn6&format=geojson","felt":null,"cdi":null,"mmi":null,"alert":null,"status":"reviewed","tsunami":0,"sig":298,"net":"us","code":"6000jpn6","ids":",us6000jpn6,","sources":",us,","types":",origin,phase-data,","nst":17,"dmin":2.086,"rms":0.58,"gap":79,"magType":"mb","type":"earthquake","title":"M 4.4 - Kepulauan Babar, Indonesia"},"geometry":{"type":"Point","coordinates":[129.3694,-7.1453,125.31]},"id":"us6000jpn6"},
{"type":"Feature","properties":{"mag":4.2,"place":"eastern Turkey","time":1676059967019,"updated":1681594795040,"tz":null,"url":"https://earthquake.usgs.gov/earthquakes/eventpage/us6000jn5q","detail":"https://earthquake.usgs.gov/fdsnws/event/1/query?eventid=us6000jn5q&format=geojson","felt":null,"cdi":null,"mmi":null,"alert":null,"status":"reviewed","tsunami":0,"sig":271,"net":"us","code":"6000jn5q","ids":",us6000jn5q,","sources":",us,","types":",origin,phase-data,","nst":48,"dmin":0.638,"rms":0.81,"gap":50,"magType":"mb","type":"earthquake","title":"M 4.2 - eastern Turkey"},"geometry":{"type":"Point","coordinates":[38.5848,38.0517,10]},"id":"us6000jn5q"},
{"type":"Feature","properties":{"mag":5.2,"place":"New Ireland region, Papua New Guinea","time":1676060194714,"updated":1681594796040,"tz":null,"url":"https://earthquake.usgs.gov/earthquakes/eventpage/us6000jn5s","detail":"https://earthquake.usgs.gov/fdsnws/event/1/query?eventid=us6000jn5s&format=geojson","felt":null,"cdi":null,"mmi":null,"alert":null,"status":"reviewed","tsunami":0,"sig":416,"net":"us","code":"6000jn5s","ids":",us6000jn5s,","sources":",us,","types":",origin,phase-data,","nst":157,"dmin":1.588,"rms":0.76,"gap":66,"magType":"mb","type":"earthquake","title":"M 5.2 - New Ireland region, Papua New Guinea"},"geometry":{"type":"Point","coordinates":[153.341,-5.2686,55.103]},"id":"us6000jn5s"},
{"type":"Feature","properties":{"mag":4.1,"place":"152 km NE of Lospalos, Timor Leste","time":1676066577979,"updated":1681594812040,"tz":null,"url":"https://earthquake.usgs.gov/earthquakes/eventpage/us6000jpnh","detail":"https://earthquake.usgs.gov/fdsnws/event/1/query?eventid=us6000jpnh&format=geojson","felt":null,"cdi":null,"mmi":null,"alert":null,"status":"reviewed","tsunami":0,"sig":259,"net":"us","code":"6000jpnh","ids":",us6000jpnh,","sources":",us,","types":",origin,phase-data,","nst":23,"dmin":3.212,"rms":0.66,"gap":69,"magType":"mb","type":"earthquake","title":"M 4.1 - 152 km NE of Lospalos, Timor Leste"},"geometry":{"type":"Point","coordinates":[128.0746,-7.6502,91.419]},"id":"us6000jpnh"},
{"type":"Feature","properties":{"mag":4.1,"place":"158 km WSW of Tual, Indonesia","time":1676069218052,"updated":1681594796040,"tz":null,"url":"https://earthquake.usgs.gov/earthquakes/eventpage/us6000jn7e","detail":"https://earthquake.usgs.gov/fdsnws/event/1/query?eventid=us6000jn7e&format=geojson","felt":null,"cdi":null,"mmi":null,"alert":null,"status":"reviewed","tsunami":0,"sig":259,"net":"us","code":"6000jn7e","ids":",us6000jn7e,","sources":",us,","types":",origin,phase-data,","nst":16,"dmin":1.741,"rms":0.56,"gap":138,"magType":"mb","type":"earthquake","title":"M 4.1 - 158 km WSW of Tual, Indonesia"},"geometry":{"type":"Point","coordinates":[131.4613,-6.238,24.338]},"id":"us6000jn7e"},
{"type":"Feature","properties":{"mag":4.8,"place":"West Chile Rise","time":1676069754853,"updated":1681594796040,"tz":null,"url":"https://earthquake.usgs.gov/earthquakes/eventpage/us6000jn6x","detail":"https://earthquake.usgs.gov/fdsnws/event/1/query?eventid=us6000jn6x&format=geojson","felt":null,"cdi":null,"mmi":null,"alert":null,"status":"reviewed","tsunami":0,"sig":354,"net":"us","code":"6000jn6x","ids":",us6000jn6x,","sources":",us,","types":",origin,phase-data,","nst":86,"dmin":12.759,"rms":0.67,"gap":62,"magType":"mb","type":"earthquake","title":"M 4.8 - West Chile Rise"},"geometry":{"type":"Point","coordinates":[-93.539,-38.2035,10]},"id":"us6000jn6x"},
{"type":"Feature","properties":{"mag":4.2,"place":"171 km WNW of Tobelo, Indonesia","time":1676072117009,"updated":1681594812040,"tz":null,"url":"https://earthquake.usgs.gov/earthquakes/eventpage/us6000jpnf","detail":"https://earthquake.usgs.gov/fdsnws/event/1/query?eventid=us6000jpnf&format=geojson","felt":null,"cdi":null,"mmi":null,"alert":null,"status":"reviewed","tsunami":0,"sig":271,"net":"us","code":"6000jpnf","ids":",us6000jpnf,","sources":",us,","types":",origin,phase-data,","nst":21,"dmin":1.908,"rms":0.33,"gap":78,"magType":"mb","type":"earthquake","title":"M 4.2 - 171 km WNW of Tobelo, Indonesia"},"geometry":{"type":"Point","coordinates":[126.7162,2.5779,51.583]},"id":"us6000jpnf"},
{"type":"Feature","properties":{"mag":4.1,"place":"19 km ENE of K?r?khan, Turkey","time":1676075083131,"updated":1681594796040,"tz":null,"url":"https://earthquake.usgs.gov/earthquakes/eventpage/us6000jn77","detail":"https://earthquake.usgs.gov/fdsnws/event/1/query?eventid=us6000jn77&format=geojson","felt":null,"cdi":null,"mmi":null,"alert":null,"status":"reviewed","tsunami":0,"sig":259,"net":"us","code":"6000jn77","ids":",us6000jn77,","sources":",us,","types":",origin,phase-data,","nst":53,"dmin":0.806,"rms":0.66,"gap":85,"magType":"mb","type":"earthquake","title":"M 4.1 - 19 km ENE of K?r?khan, Turkey"},"geometry":{"type":"Point","coordinates":[36.5606,36.5556,10]},"id":"us6000jn77"},
{"type":"Feature","properties":{"mag":4.2,"place":"141 km ESE of Sarangani, Philippines","time":1676082558943,"updated":1681594812040,"tz":null,"url":"https://earthquake.usgs.gov/earthquakes/eventpage/us6000jpnt","detail":"https://earthquake.usgs.gov/fdsnws/event/1/query?eventid=us6000jpnt&format=geojson","felt":null,"cdi":null,"mmi":null,"alert":null,"status":"reviewed","tsunami":0,"sig":271,"net":"us","code":"6000jpnt","ids":",us6000jpnt,","sources":",us,","types":",origin,phase-data,","nst":28,"dmin":2.507,"rms":1.19,"gap":115,"magType":"mb","type":"earthquake","title":"M 4.2 - 141 km ESE of Sarangani, Philippines"},"geometry":{"type":"Point","coordinates":[126.5567,4.7432,55.326]},"id":"us6000jpnt"},
{"type":"Feature","properties":{"mag":4.2,"place":"10 km WNW of Heyuan, China","time":1676083303023,"updated":1681594796040,"tz":null,"url":"https://earthquake.usgs.gov/earthquakes/eventpage/us6000jn7u","detail":"https://earthquake.usgs.gov/fdsnws/event/1/query?eventid=us6000jn7u&format=geojson","felt":6,"cdi":4.3,"mmi":null,"alert":null,"status":"reviewed","tsunami":0,"sig":274,"net":"us","code":"6000jn7u","ids":",us6000jn7u,","sources":",us,","types":",dyfi,origin,phase-data,","nst":32,"dmin":1.528,"rms":0.85,"gap":56,"magType":"mb","type":"earthquake","title":"M 4.2 - 10 km WNW of Heyuan, China"},"geometry":{"type":"Point","coordinates":[114.5827,23.7578,10]},"id":"us6000jn7u"},
{"type":"Feature","properties":{"mag":4.2,"place":"110 km S of K?h Sef?d, Iran","time":1676085168275,"updated":1681594812040,"tz":null,"url":"https://earthquake.usgs.gov/earthquakes/eventpage/us6000jpnu","detail":"https://earthquake.usgs.gov/fdsnws/event/1/query?eventid=us6000jpnu&format=geojson","felt":null,"cdi":null,"mmi":null,"alert":null,"status":"reviewed","tsunami":0,"sig":271,"net":"us","code":"6000jpnu","ids":",us6000jpnu,","sources":",us,","types":",origin,phase-data,","nst":29,"dmin":3.369,"rms":0.65,"gap":76,"magType":"mb","type":"earthquake","title":"M 4.2 - 110 km S of K?h Sef?d, Iran"},"geometry":{"type":"Point","coordinates":[56.8276,28.2808,50.653]},"id":"us6000jpnu"},
{"type":"Feature","properties":{"mag":4.2,"place":"18 km WSW of Sincik, Turkey","time":1676086704893,"updated":1681594796040,"tz":null,"url":"https://earthquake.usgs.gov/earthquakes/eventpage/us6000jn88","detail":"https://earthquake.usgs.gov/fdsnws/event/1/query?eventid=us6000jn88&format=geojson","felt":null,"cdi":null,"mmi":null,"alert":null,"status":"reviewed","tsunami":0,"sig":271,"net":"us","code":"6000jn88","ids":",us6000jn88,","sources":",us,","types":",origin,phase-data,","nst":72,"dmin":0.591,"rms":0.87,"gap":43,"magType":"mb","type":"earthquake","title":"M 4.2 - 18 km WSW of Sincik, Turkey"},"geometry":{"type":"Point","coordinates":[38.4382,37.9489,10.26]},"id":"us6000jn88"},
{"type":"Feature","properties":{"mag":4.4,"place":"79 km SW of Panguna, Papua New Guinea","time":1676088982534,"updated":1681594812040,"tz":null,"url":"https://earthquake.usgs.gov/earthquakes/eventpage/us6000jpp4","detail":"https://earthquake.usgs.gov/fdsnws/event/1/query?eventid=us6000jpp4&format=geojson","felt":null,"cdi":null,"mmi":null,"alert":null,"status":"reviewed","tsunami":0,"sig":298,"net":"us","code":"6000jpp4","ids":",us6000jpp4,","sources":",us,","types":",origin,phase-data,","nst":13,"dmin":3.875,"rms":0.61,"gap":158,"magType":"mb","type":"earthquake","title":"M 4.4 - 79 km SW of Panguna, Papua New Guinea"},"geometry":{"type":"Point","coordinates":[155.0086,-6.8533,10]},"id":"us6000jpp4"},
{"type":"Feature","properties":{"mag":4.3,"place":"Central Turkey","time":1676090824418,"updated":1681594797040,"tz":null,"url":"https://earthquake.usgs.gov/earthquakes/eventpage/us6000jn8d","detail":"https://earthquake.usgs.gov/fdsnws/event/1/query?eventid=us6000jn8d&format=geojson","felt":null,"cdi":null,"mmi":null,"alert":null,"status":"reviewed","tsunami":0,"sig":284,"net":"us","code":"6000jn8d","ids":",us6000jn8d,","sources":",us,","types":",origin,phase-data,","nst":60,"dmin":0.296,"rms":0.85,"gap":49,"magType":"mb","type":"earthquake","title":"M 4.3 - Central Turkey"},"geometry":{"type":"Point","coordinates":[36.5708,37.8165,10]},"id":"us6000jn8d"},
{"type":"Feature","properties":{"mag":4.4,"place":"Rat Islands, Aleutian Islands, Alaska","time":1676092172498,"updated":1681594797040,"tz":null,"url":"https://earthquake.usgs.gov/earthquakes/eventpage/us6000jn8i","detail":"https://earthquake.usgs.gov/fdsnws/event/1/query?eventid=us6000jn8i&format=geojson","felt":null,"cdi":null,"mmi":2.057,"alert":null,"status":"reviewed","tsunami":0,"sig":298,"net":"us","code":"6000jn8i","ids":",ak0231xjlqvx,us6000jn8i,","sources":",ak,us,","types":",origin,phase-data,shakemap,","nst":103,"dmin":0.498,"rms":0.58,"gap":199,"magType":"mb","type":"earthquake","title":"M 4.4 - Rat Islands, Aleutian Islands, Alaska"},"geometry":{"type":"Point","coordinates":[178.5108,51.4264,63.355]},"id":"us6000jn8i"},
{"type":"Feature","properties":{"mag":4,"place":"11 km SSW of Çelikhan, Turkey","time":1676095583849,"updated":1681594797040,"tz":null,"url":"https://earthquake.usgs.gov/earthquakes/eventpage/us6000jn8z","detail":"https://earthquake.usgs.gov/fdsnws/event/1/query?eventid=us6000jn8z&format=geojson","felt":1,"cdi":3.4,"mmi":null,"alert":null,"status":"reviewed","tsunami":0,"sig":246,"net":"us","code":"6000jn8z","ids":",us6000jn8z,","sources":",us,","types":",dyfi,origin,phase-data,","nst":27,"dmin":0.695,"rms":0.56,"gap":92,"magType":"mb","type":"earthquake","title":"M 4.0 - 11 km SSW of Çelikhan, Turkey"},"geometry":{"type":"Point","coordinates":[38.192,37.9256,10]},"id":"us6000jn8z"},
{"type":"Feature","properties":{"mag":4.6,"place":"8 km NE of Göksun, Turkey","time":1676096893163,"updated":1681594797040,"tz":null,"url":"https://earthquake.usgs.gov/earthquakes/eventpage/us6000jn97","detail":"https://earthquake.usgs.gov/fdsnws/event/1/query?eventid=us6000jn97&format=geojson","felt":null,"cdi":null,"mmi":null,"alert":null,"status":"reviewed","tsunami":0,"sig":326,"net":"us","code":"6000jn97","ids":",us6000jn97,","sources":",us,","types":",origin,phase-data,","nst":32,"dmin":0.364,"rms":0.53,"gap":75,"magType":"mb","type":"earthquake","title":"M 4.6 - 8 km NE of Göksun, Turkey"},"geometry":{"type":"Point","coordinates":[36.5778,38.0647,8.106]},"id":"us6000jn97"},
{"type":"Feature","properties":{"mag":4.6,"place":"19 km N of Musabeyli, Turkey","time":1676102141897,"updated":1681594797040,"tz":null,"url":"https://earthquake.usgs.gov/earthquakes/eventpage/us6000jn9a","detail":"https://earthquake.usgs.gov/fdsnws/event/1/query?eventid=us6000jn9a&format=geojson","felt":null,"cdi":null,"mmi":null,"alert":null,"status":"reviewed","tsunami":0,"sig":326,"net":"us","code":"6000jn9a","ids":",us6000jn9a,","sources":",us,","types":",moment-tensor,origin,phase-data,","nst":45,"dmin":0.236,"rms":0.62,"gap":114,"magType":"mwr","type":"earthquake","title":"M 4.6 - 19 km N of Musabeyli, Turkey"},"geometry":{"type":"Point","coordinates":[36.95,37.0598,4.748]},"id":"us6000jn9a"},
{"type":"Feature","properties":{"mag":4.3,"place":"17 km N of Shiraoi, Japan","time":1676105039507,"updated":1681594812040,"tz":null,"url":"https://earthquake.usgs.gov/earthquakes/eventpage/us6000jpp1","detail":"https://earthquake.usgs.gov/fdsnws/event/1/query?eventid=us6000jpp1&format=geojson","felt":null,"cdi":null,"mmi":null,"alert":null,"status":"reviewed","tsunami":0,"sig":284,"net":"us","code":"6000jpp1","ids":",us6000jpp1,","sources":",us,","types":",origin,phase-data,","nst":19,"dmin":1.504,"rms":0.45,"gap":81,"magType":"mb","type":"earthquake","title":"M 4.3 - 17 km N of Shiraoi, Japan"},"geometry":{"type":"Point","coordinates":[141.3567,42.7082,122.288]},"id":"us6000jpp1"},
{"type":"Feature","properties":{"mag":5.9,"place":"242 km SE of Sarangani, Philippines","time":1676105705019,"updated":1681594797040,"tz":null,"url":"https://earthquake.usgs.gov/earthquakes/eventpage/us6000jn9h","detail":"https://earthquake.usgs.gov/fdsnws/event/1/query?eventid=us6000jn9h&format=geojson","felt":2,"cdi":3.4,"mmi":5.062,"alert":"green","status":"reviewed","tsunami":0,"sig":536,"net":"us","code":"6000jn9h","ids":",us6000jn9h,usauto6000jn9h,at00rpwrfx,pt23042000,","sources":",us,usauto,at,pt,","types":",dyfi,internal-moment-tensor,internal-origin,losspager,moment-tensor,origin,phase-data,shakemap,","nst":200,"dmin":2.879,"rms":0.88,"gap":36,"magType":"mww","type":"earthquake","title":"M 5.9 - 242 km SE of Sarangani, Philippines"},"geometry":{"type":"Point","coordinates":[126.6923,3.5892,25]},"id":"us6000jn9h"},
{"type":"Feature","properties":{"mag":4.3,"place":"9 km W of Çelikhan, Turkey","time":1676106216465,"updated":1681594797040,"tz":null,"url":"https://earthquake.usgs.gov/earthquakes/eventpage/us6000jn9p","detail":"https://earthquake.usgs.gov/fdsnws/event/1/query?eventid=us6000jn9p&format=geojson","felt":null,"cdi":null,"mmi":null,"alert":null,"status":"reviewed","tsunami":0,"sig":284,"net":"us","code":"6000jn9p","ids":",us6000jn9p,","sources":",us,","types":",origin,phase-data,","nst":29,"dmin":0.801,"rms":0.64,"gap":84,"magType":"mb","type":"earthquake","title":"M 4.3 - 9 km W of Çelikhan, Turkey"},"geometry":{"type":"Point","coordinates":[38.1329,38.0281,4.448]},"id":"us6000jn9p"},
{"type":"Feature","properties":{"mag":4.3,"place":"244 km SE of Sarangani, Philippines","time":1676106476847,"updated":1681594812040,"tz":null,"url":"https://earthquake.usgs.gov/earthquakes/eventpage/us6000jpp3","detail":"https://earthquake.usgs.gov/fdsnws/event/1/query?eventid=us6000jpp3&format=geojson","felt":null,"cdi":null,"mmi":null,"alert":null,"status":"reviewed","tsunami":0,"sig":284,"net":"us","code":"6000jpp3","ids":",us6000jpp3,","sources":",us,","types":",origin,phase-data,","nst":24,"dmin":2.872,"rms":0.42,"gap":116,"magType":"mb","type":"earthquake","title":"M 4.3 - 244 km SE of Sarangani, Philippines"},"geometry":{"type":"Point","coordinates":[126.7198,3.5894,59.628]},"id":"us6000jpp3"},
{"type":"Feature","properties":{"mag":4.2,"place":"235 km SE of Sarangani, Philippines","time":1676106749424,"updated":1681594813040,"tz":null,"url":"https://earthquake.usgs.gov/earthquakes/eventpage/us6000jppb","detail":"https://earthquake.usgs.gov/fdsnws/event/1/query?eventid=us6000jppb&format=geojson","felt":null,"cdi":null,"mmi":null,"alert":null,"status":"reviewed","tsunami":0,"sig":271,"net":"us","code":"6000jppb","ids":",us6000jppb,","sources":",us,","types":",origin,phase-data,","nst":27,"dmin":2.948,"rms":0.33,"gap":140,"magType":"mb","type":"earthquake","title":"M 4.2 - 235 km SE of Sarangani, Philippines"},"geometry":{"type":"Point","coordinates":[126.6914,3.6613,52.029]},"id":"us6000jppb"},
{"type":"Feature","properties":{"mag":4.4,"place":"120 km NNE of Calama, Chile","time":1676109641897,"updated":1681594797040,"tz":null,"url":"https://earthquake.usgs.gov/earthquakes/eventpage/us6000jnae","detail":"https://earthquake.usgs.gov/fdsnws/event/1/query?eventid=us6000jnae&format=geojson","felt":null,"cdi":null,"mmi":null,"alert":null,"status":"reviewed","tsunami":0,"sig":298,"net":"us","code":"6000jnae","ids":",us6000jnae,","sources":",us,","types":",origin,phase-data,","nst":21,"dmin":0.818,"rms":0.73,"gap":69,"magType":"mb","type":"earthquake","title":"M 4.4 - 120 km NNE of Calama, Chile"},"geometry":{"type":"Point","coordinates":[-68.692,-21.388,147.827]},"id":"us6000jnae"},
{"type":"Feature","properties":{"mag":4.1,"place":"Kermadec Islands, New Zealand","time":1676109939671,"updated":1705605656400,"tz":null,"url":"https://earthquake.usgs.gov/earthquakes/eventpage/us6000jpp5","detail":"https://earthquake.usgs.gov/fdsnws/event/1/query?eventid=us6000jpp5&format=geojson","felt":null,"cdi":null,"mmi":null,"alert":null,"status":"reviewed","tsunami":0,"sig":259,"net":"us","code":"6000jpp5","ids":",us6000jpp5,","sources":",us,","types":",earthquake-name,origin,phase-data,","nst":17,"dmin":1.176,"rms":0.33,"gap":199,"magType":"mb","type":"earthquake","title":"M 4.1 - Kermadec Islands, New Zealand"},"geometry":{"type":"Point","coordinates":[-177.0902,-30.1934,10]},"id":"us6000jpp5"},
{"type":"Feature","properties":{"mag":4.2,"place":"near the south coast of Honshu, Japan","time":1676112300492,"updated":1681594797040,"tz":null,"url":"https://earthquake.usgs.gov/earthquakes/eventpage/us6000jnag","detail":"https://earthquake.usgs.gov/fdsnws/event/1/query?eventid=us6000jnag&format=geojson","felt":null,"cdi":null,"mmi":null,"alert":null,"status":"reviewed","tsunami":0,"sig":271,"net":"us","code":"6000jnag","ids":",us6000jnag,","sources":",us,","types":",origin,phase-data,","nst":62,"dmin":1.339,"rms":0.56,"gap":71,"magType":"mb","type":"earthquake","title":"M 4.2 - near the south coast of Honshu, Japan"},"geometry":{"type":"Point","coordinates":[137.3979,33.5051,337.97]},"id":"us6000jnag"},
{"type":"Feature","properties":{"mag":4.3,"place":"16 km NE of Göksun, Turkey","time":1676113517347,"updated":1681594797040,"tz":null,"url":"https://earthquake.usgs.gov/earthquakes/eventpage/us6000jnai","detail":"https://earthquake.usgs.gov/fdsnws/event/1/query?eventid=us6000jnai&format=geojson","felt":null,"cdi":null,"mmi":null,"alert":null,"status":"reviewed","tsunami":0,"sig":284,"net":"us","code":"6000jnai","ids":",us6000jnai,","sources":",us,","types":",origin,phase-data,","nst":58,"dmin":0.328,"rms":0.38,"gap":48,"magType":"mb","type":"earthquake","title":"M 4.3 - 16 km NE of Göksun, Turkey"},"geometry":{"type":"Point","coordinates":[36.6274,38.1233,13.853]},"id":"us6000jnai"},
{"type":"Feature","properties":{"mag":4.7,"place":"64 km S of Hualien City, Taiwan","time":1676115348278,"updated":1681594797040,"tz":null,"url":"https://earthquake.usgs.gov/earthquakes/eventpage/us6000jnal","detail":"https://earthquake.usgs.gov/fdsnws/event/1/query?eventid=us6000jnal&format=geojson","felt":null,"cdi":null,"mmi":null,"alert":null,"status":"reviewed","tsunami":0,"sig":340,"net":"us","code":"6000jnal","ids":",us6000jnal,","sources":",us,","types":",origin,phase-data,","nst":80,"dmin":0.298,"rms":0.47,"gap":97,"magType":"mb","type":"earthquake","title":"M 4.7 - 64 km S of Hualien City, Taiwan"},"geometry":{"type":"Point","coordinates":[121.6211,23.3969,35.037]},"id":"us6000jnal"},
{"type":"Feature","properties":{"mag":4.4,"place":"4 km WSW of K?r?khan, Turkey","time":1676116301073,"updated":1681594797040,"tz":null,"url":"https://earthquake.usgs.gov/earthquakes/eventpage/us6000jnam","detail":"https://earthquake.usgs.gov/fdsnws/event/1/query?eventid=us6000jnam&format=geojson","felt":1,"cdi":2,"mmi":null,"alert":null,"status":"reviewed","tsunami":0,"sig":298,"net":"us","code":"6000jnam","ids":",us6000jnam,","sources":",us,","types":",dyfi,origin,phase-data,","nst":56,"dmin":0.995,"rms":0.51,"gap":91,"magType":"mb","type":"earthquake","title":"M 4.4 - 4 km WSW of K?r?khan, Turkey"},"geometry":{"type":"Point","coordinates":[36.3096,36.4869,5.36]},"id":"us6000jnam"},
{"type":"Feature","properties":{"mag":4,"place":"199 km SSW of Kokopo, Papua New Guinea","time":1676116788947,"updated":1681594813040,"tz":null,"url":"https://earthquake.usgs.gov/earthquakes/eventpage/us6000jpp6","detail":"https://earthquake.usgs.gov/fdsnws/event/1/query?eventid=us6000jpp6&format=geojson","felt":null,"cdi":null,"mmi":null,"alert":null,"status":"reviewed","tsunami":0,"sig":246,"net":"us","code":"6000jpp6","ids":",us6000jpp6,","sources":",us,","types":",origin,phase-data,","nst":25,"dmin":1.927,"rms":1.02,"gap":152,"magType":"mb","type":"earthquake","title":"M 4.0 - 199 km SSW of Kokopo, Papua New Guinea"},"geometry":{"type":"Point","coordinates":[151.9158,-6.1146,48.26]},"id":"us6000jpp6"},
{"type":"Feature","properties":{"mag":4.2,"place":"24 km SE of Göksun, Turkey","time":1676116793865,"updated":1681594813040,"tz":null,"url":"https://earthquake.usgs.gov/earthquakes/eventpage/us6000jpp7","detail":"https://earthquake.usgs.gov/fdsnws/event/1/query?eventid=us6000jpp7&format=geojson","felt":null,"cdi":null,"mmi":null,"alert":null,"status":"reviewed","tsunami":0,"sig":271,"net":"us","code":"6000jpp7","ids":",us6000jpp7,","sources":",us,","types":",origin,phase-data,","nst":28,"dmin":0.372,"rms":0.45,"gap":49,"magType":"mb","type":"earthquake","title":"M 4.2 - 24 km SE of Göksun, Turkey"},"geometry":{"type":"Point","coordinates":[36.67,37.8492,8.739]},"id":"us6000jpp7"},
{"type":"Feature","properties":{"mag":4.1,"place":"12 km NE of Göksun, Turkey","time":1676120098944,"updated":1681594797040,"tz":null,"url":"https://earthquake.usgs.gov/earthquakes/eventpage/us6000jnaq","detail":"https://earthquake.usgs.gov/fdsnws/event/1/query?eventid=us6000jnaq&format=geojson","felt":null,"cdi":null,"mmi":null,"alert":null,"status":"reviewed","tsunami":0,"sig":259,"net":"us","code":"6000jnaq","ids":",us6000jnaq,","sources":",us,","types":",origin,phase-data,","nst":33,"dmin":0.353,"rms":0.55,"gap":44,"magType":"mb","type":"earthquake","title":"M 4.1 - 12 km NE of Göksun, Turkey"},"geometry":{"type":"Point","coordinates":[36.6163,38.0902,8.66]},"id":"us6000jnaq"},
{"type":"Feature","properties":{"mag":4.5,"place":"13 km ENE of Hekimhan, Turkey","time":1676120999585,"updated":1681594797040,"tz":null,"url":"https://earthquake.usgs.gov/earthquakes/eventpage/us6000jnar","detail":"https://earthquake.usgs.gov/fdsnws/event/1/query?eventid=us6000jnar&format=geojson","felt":1,"cdi":3.1,"mmi":null,"alert":null,"status":"reviewed","tsunami":0,"sig":312,"net":"us","code":"6000jnar","ids":",us6000jnar,","sources":",us,","types":",dyfi,moment-tensor,origin,phase-data,","nst":81,"dmin":0.315,"rms":0.91,"gap":35,"magType":"mwr","type":"earthquake","title":"M 4.5 - 13 km ENE of Hekimhan, Turkey"},"geometry":{"type":"Point","coordinates":[38.0757,38.8519,10]},"id":"us6000jnar"},
{"type":"Feature","properties":{"mag":4.3,"place":"105 km N of Isangel, Vanuatu","time":1676121437245,"updated":1681594813040,"tz":null,"url":"https://earthquake.usgs.gov/earthquakes/eventpage/us6000jppg","detail":"https://earthquake.usgs.gov/fdsnws/event/1/query?eventid=us6000jppg&format=geojson","felt":null,"cdi":null,"mmi":null,"alert":null,"status":"reviewed","tsunami":0,"sig":284,"net":"us","code":"6000jppg","ids":",us6000jppg,","sources":",us,","types":",origin,phase-data,","nst":29,"dmin":4.392,"rms":0.85,"gap":87,"magType":"mb","type":"earthquake","title":"M 4.3 - 105 km N of Isangel, Vanuatu"},"geometry":{"type":"Point","coordinates":[169.3985,-18.5993,278.019]},"id":"us6000jppg"},
{"type":"Feature","properties":{"mag":4.4,"place":"8 km S of Göksun, Turkey","time":1676126283890,"updated":1681594798040,"tz":null,"url":"https://earthquake.usgs.gov/earthquakes/eventpage/us6000jnay","detail":"https://earthquake.usgs.gov/fdsnws/event/1/query?eventid=us6000jnay&format=geojson","felt":2,"cdi":4.1,"mmi":null,"alert":null,"status":"reviewed","tsunami":0,"sig":299,"net":"us","code":"6000jnay","ids":",us6000jnay,","sources":",us,","types":",dyfi,origin,phase-data,","nst":37,"dmin":0.383,"rms":0.65,"gap":55,"magType":"mb","type":"earthquake","title":"M 4.4 - 8 km S of Göksun, Turkey"},"geometry":{"type":"Point","coordinates":[36.5034,37.9428,10]},"id":"us6000jnay"},
{"type":"Feature","properties":{"mag":5.6,"place":"Tristan da Cunha region","time":1676129486636,"updated":1681594798040,"tz":null,"url":"https://earthquake.usgs.gov/earthquakes/eventpage/us6000jnb3","detail":"https://earthquake.usgs.gov/fdsnws/event/1/query?eventid=us6000jnb3&format=geojson","felt":null,"cdi":null,"mmi":0,"alert":"green","status":"reviewed","tsunami":0,"sig":482,"net":"us","code":"6000jnb3","ids":",usauto6000jnb3,us6000jnb3,","sources":",usauto,us,","types":",internal-moment-tensor,losspager,origin,phase-data,shakemap,","nst":43,"dmin":21.229,"rms":0.63,"gap":85,"magType":"mww","type":"earthquake","title":"M 5.6 - Tristan da Cunha region"},"geometry":{"type":"Point","coordinates":[-15.5697,-35.3616,10]},"id":"us6000jnb3"},
{"type":"Feature","properties":{"mag":4.4,"place":"Georgia-Turkey border region","time":1676129622003,"updated":1681594798040,"tz":null,"url":"https://earthquake.usgs.gov/earthquakes/eventpage/us6000jnb2","detail":"https://earthquake.usgs.gov/fdsnws/event/1/query?eventid=us6000jnb2&format=geojson","felt":10,"cdi":3,"mmi":null,"alert":null,"status":"reviewed","tsunami":0,"sig":301,"net":"us","code":"6000jnb2","ids":",us6000jnb2,","sources":",us,","types":",dyfi,origin,phase-data,","nst":39,"dmin":0.483,"rms":0.98,"gap":49,"magType":"mb","type":"earthquake","title":"M 4.4 - Georgia-Turkey border region"},"geometry":{"type":"Point","coordinates":[42.1521,41.9449,10]},"id":"us6000jnb2"},
{"type":"Feature","properties":{"mag":4.5,"place":"Kepulauan Babar, Indonesia","time":1676134031898,"updated":1681594798040,"tz":null,"url":"https://earthquake.usgs.gov/earthquakes/eventpage/us6000jnba","detail":"https://earthquake.usgs.gov/fdsnws/event/1/query?eventid=us6000jnba&format=geojson","felt":null,"cdi":null,"mmi":null,"alert":null,"status":"reviewed","tsunami":0,"sig":312,"net":"us","code":"6000jnba","ids":",us6000jnba,","sources":",us,","types":",origin,phase-data,","nst":35,"dmin":1.965,"rms":0.61,"gap":69,"magType":"mb","type":"earthquake","title":"M 4.5 - Kepulauan Babar, Indonesia"},"geometry":{"type":"Point","coordinates":[129.5051,-7.1414,91.802]},"id":"us6000jnba"},
{"type":"Feature","properties":{"mag":4.3,"place":"1 km ENE of Kuzeytepe, Turkey","time":1676136001540,"updated":1681594798040,"tz":null,"url":"https://earthquake.usgs.gov/earthquakes/eventpage/us6000jnbd","detail":"https://earthquake.usgs.gov/fdsnws/event/1/query?eventid=us6000jnbd&format=geojson","felt":1,"cdi":3.8,"mmi":null,"alert":null,"status":"reviewed","tsunami":0,"sig":285,"net":"us","code":"6000jnbd","ids":",us6000jnbd,","sources":",us,","types":",dyfi,origin,phase-data,","nst":95,"dmin":1.229,"rms":0.92,"gap":75,"magType":"mb","type":"earthquake","title":"M 4.3 - 1 km ENE of Kuzeytepe, Turkey"},"geometry":{"type":"Point","coordinates":[36.171,36.268,10]},"id":"us6000jnbd"},
{"type":"Feature","properties":{"mag":4.5,"place":"south of the Fiji Islands","time":1676136860090,"updated":1681594813040,"tz":null,"url":"https://earthquake.usgs.gov/earthquakes/eventpage/us6000jpph","detail":"https://earthquake.usgs.gov/fdsnws/event/1/query?eventid=us6000jpph&format=geojson","felt":null,"cdi":null,"mmi":null,"alert":null,"status":"reviewed","tsunami":0,"sig":312,"net":"us","code":"6000jpph","ids":",us6000jpph,","sources":",us,","types":",origin,phase-data,","nst":30,"dmin":2.564,"rms":1.01,"gap":110,"magType":"mb","type":"earthquake","title":"M 4.5 - south of the Fiji Islands"},"geometry":{"type":"Point","coordinates":[-178.5452,-26.7301,277.55]},"id":"us6000jpph"},
{"type":"Feature","properties":{"mag":4.3,"place":"14 km NE of Sincik, Turkey","time":1676137816285,"updated":1681594798040,"tz":null,"url":"https://earthquake.usgs.gov/earthquakes/eventpage/us6000jnbi","detail":"https://earthquake.usgs.gov/fdsnws/event/1/query?eventid=us6000jnbi&format=geojson","felt":null,"cdi":null,"mmi":null,"alert":null,"status":"reviewed","tsunami":0,"sig":284,"net":"us","code":"6000jnbi","ids":",us6000jnbi,","sources":",us,","types":",origin,phase-data,","nst":69,"dmin":0.694,"rms":0.84,"gap":47,"magType":"mb","type":"earthquake","title":"M 4.3 - 14 km NE of Sincik, Turkey"},"geometry":{"type":"Point","coordinates":[38.732,38.1325,2.958]},"id":"us6000jnbi"},
{"type":"Feature","properties":{"mag":4.3,"place":"Banda Sea","time":1676139148469,"updated":1681594813040,"tz":null,"url":"https://earthquake.usgs.gov/earthquakes/eventpage/us6000jppu","detail":"https://earthquake.usgs.gov/fdsnws/event/1/query?eventid=us6000jppu&format=geojson","felt":null,"cdi":null,"mmi":null,"alert":null,"status":"reviewed","tsunami":0,"sig":284,"net":"us","code":"6000jppu","ids":",us6000jppu,","sources":",us,","types":",origin,phase-data,","nst":15,"dmin":2.135,"rms":0.82,"gap":87,"magType":"mb","type":"earthquake","title":"M 4.3 - Banda Sea"},"geometry":{"type":"Point","coordinates":[129.5013,-6.801,148.167]},"id":"us6000jppu"},
{"type":"Feature","properties":{"mag":4.8,"place":"south of the Kermadec Islands","time":1676143208606,"updated":1681594798040,"tz":null,"url":"https://earthquake.usgs.gov/earthquakes/eventpage/us6000jnbs","detail":"https://earthquake.usgs.gov/fdsnws/event/1/query?eventid=us6000jnbs&format=geojson","felt":null,"cdi":null,"mmi":null,"alert":null,"status":"reviewed","tsunami":0,"sig":354,"net":"us","code":"6000jnbs","ids":",us6000jnbs,","sources":",us,","types":",origin,phase-data,","nst":32,"dmin":3.118,"rms":1.26,"gap":83,"magType":"mb","type":"earthquake","title":"M 4.8 - south of the Kermadec Islands"},"geometry":{"type":"Point","coordinates":[-179.8102,-34.8363,35.582]},"id":"us6000jnbs"},
{"type":"Feature","properties":{"mag":4.2,"place":"243 km SE of Sarangani, Philippines","time":1676145178188,"updated":1681594813040,"tz":null,"url":"https://earthquake.usgs.gov/earthquakes/eventpage/us6000jppk","detail":"https://earthquake.usgs.gov/fdsnws/event/1/query?eventid=us6000jppk&format=geojson","felt":null,"cdi":null,"mmi":null,"alert":null,"status":"reviewed","tsunami":0,"sig":271,"net":"us","code":"6000jppk","ids":",us6000jppk,","sources":",us,","types":",origin,phase-data,","nst":20,"dmin":2.869,"rms":0.93,"gap":115,"magType":"mb","type":"earthquake","title":"M 4.2 - 243 km SE of Sarangani, Philippines"},"geometry":{"type":"Point","coordinates":[126.7034,3.5825,66.909]},"id":"us6000jppk"},
{"type":"Feature","properties":{"mag":4.4,"place":"82 km NNE of Calama, Chile","time":1676146992427,"updated":1681594798040,"tz":null,"url":"https://earthquake.usgs.gov/earthquakes/eventpage/us6000jnbv","detail":"https://earthquake.usgs.gov/fdsnws/event/1/query?eventid=us6000jnbv&format=geojson","felt":null,"cdi":null,"mmi":null,"alert":null,"status":"reviewed","tsunami":0,"sig":298,"net":"us","code":"6000jnbv","ids":",us6000jnbv,","sources":",us,","types":",origin,phase-data,","nst":24,"dmin":0.54,"rms":0.77,"gap":46,"magType":"mb","type":"earthquake","title":"M 4.4 - 82 km NNE of Calama, Chile"},"geometry":{"type":"Point","coordinates":[-68.6623,-21.7568,133.089]},"id":"us6000jnbv"},
{"type":"Feature","properties":{"mag":4.3,"place":"6 km SW of Tut, Turkey","time":1676147944780,"updated":1681594798040,"tz":null,"url":"https://earthquake.usgs.gov/earthquakes/eventpage/us6000jnc0","detail":"https://earthquake.usgs.gov/fdsnws/event/1/query?eventid=us6000jnc0&format=geojson","felt":null,"cdi":null,"mmi":null,"alert":null,"status":"reviewed","tsunami":0,"sig":284,"net":"us","code":"6000jnc0","ids":",us6000jnc0,","sources":",us,","types":",origin,phase-data,","nst":47,"dmin":0.783,"rms":0.8,"gap":79,"magType":"mb","type":"earthquake","title":"M 4.3 - 6 km SW of Tut, Turkey"},"geometry":{"type":"Point","coordinates":[37.8675,37.7557,11.351]},"id":"us6000jnc0"},
{"type":"Feature","properties":{"mag":4.4,"place":"283 km E of Levuka, Fiji","time":1676149022129,"updated":1681594813040,"tz":null,"url":"https://earthquake.usgs.gov/earthquakes/eventpage/us6000jppm","detail":"https://earthquake.usgs.gov/fdsnws/event/1/query?eventid=us6000jppm&format=geojson","felt":null,"cdi":null,"mmi":null,"alert":null,"status":"reviewed","tsunami":0,"sig":298,"net":"us","code":"6000jppm","ids":",us6000jppm,","sources":",us,","types":",origin,phase-data,","nst":42,"dmin":3.644,"rms":0.67,"gap":43,"magType":"mb","type":"earthquake","title":"M 4.4 - 283 km E of Levuka, Fiji"},"geometry":{"type":"Point","coordinates":[-178.0102,-17.9704,580.583]},"id":"us6000jppm"},
{"type":"Feature","properties":{"mag":4.4,"place":"south of the Fiji Islands","time":1676151216221,"updated":1681594798040,"tz":null,"url":"https://earthquake.usgs.gov/earthquakes/eventpage/us6000jncg","detail":"https://earthquake.usgs.gov/fdsnws/event/1/query?eventid=us6000jncg&format=geojson","felt":null,"cdi":null,"mmi":null,"alert":null,"status":"reviewed","tsunami":0,"sig":298,"net":"us","code":"6000jncg","ids":",us6000jncg,","sources":",us,","types":",origin,phase-data,","nst":57,"dmin":4.049,"rms":0.86,"gap":82,"magType":"mb","type":"earthquake","title":"M 4.4 - south of the Fiji Islands"},"geometry":{"type":"Point","coordinates":[-179.4612,-22.0095,584.206]},"id":"us6000jncg"},
{"type":"Feature","properties":{"mag":4.5,"place":"232 km E of Levuka, Fiji","time":1676153665794,"updated":1681594799040,"tz":null,"url":"https://earthquake.usgs.gov/earthquakes/eventpage/us6000jncl","detail":"https://earthquake.usgs.gov/fdsnws/event/1/query?eventid=us6000jncl&format=geojson","felt":null,"cdi":null,"mmi":null,"alert":null,"status":"reviewed","tsunami":0,"sig":312,"net":"us","code":"6000jncl","ids":",us6000jncl,","sources":",us,","types":",origin,phase-data,","nst":70,"dmin":3.686,"rms":0.67,"gap":36,"magType":"mb","type":"earthquake","title":"M 4.5 - 232 km E of Levuka, Fiji"},"geometry":{"type":"Point","coordinates":[-178.493,-17.9971,573.441]},"id":"us6000jncl"},
{"type":"Feature","properties":{"mag":4.4,"place":"31 km WSW of Chilecito, Argentina","time":1676154066734,"updated":1681594799040,"tz":null,"url":"https://earthquake.usgs.gov/earthquakes/eventpage/us6000jncm","detail":"https://earthquake.usgs.gov/fdsnws/event/1/query?eventid=us6000jncm&format=geojson","felt":null,"cdi":null,"mmi":null,"alert":null,"status":"reviewed","tsunami":0,"sig":298,"net":"us","code":"6000jncm","ids":",us6000jncm,","sources":",us,","types":",origin,phase-data,","nst":50,"dmin":2.129,"rms":0.85,"gap":42,"magType":"mb","type":"earthquake","title":"M 4.4 - 31 km WSW of Chilecito, Argentina"},"geometry":{"type":"Point","coordinates":[-67.7693,-29.3121,106.715]},"id":"us6000jncm"},
{"type":"Feature","properties":{"mag":4.3,"place":"Turkey-Syria border region","time":1676154555692,"updated":1681594799040,"tz":null,"url":"https://earthquake.usgs.gov/earthquakes/eventpage/us6000jncp","detail":"https://earthquake.usgs.gov/fdsnws/event/1/query?eventid=us6000jncp&format=geojson","felt":null,"cdi":null,"mmi":null,"alert":null,"status":"reviewed","tsunami":0,"sig":284,"net":"us","code":"6000jncp","ids":",us6000jncp,","sources":",us,","types":",origin,phase-data,","nst":37,"dmin":0.737,"rms":0.73,"gap":99,"magType":"mb","type":"earthquake","title":"M 4.3 - Turkey-Syria border region"},"geometry":{"type":"Point","coordinates":[36.5737,36.6384,10]},"id":"us6000jncp"},
{"type":"Feature","properties":{"mag":4.6,"place":"Mid-Indian Ridge","time":1676156236403,"updated":1681594813040,"tz":null,"url":"https://earthquake.usgs.gov/earthquakes/eventpage/us6000jppt","detail":"https://earthquake.usgs.gov/fdsnws/event/1/query?eventid=us6000jppt&format=geojson","felt":null,"cdi":null,"mmi":null,"alert":null,"status":"reviewed","tsunami":0,"sig":326,"net":"us","code":"6000jppt","ids":",us6000jppt,","sources":",us,","types":",origin,phase-data,","nst":30,"dmin":6.109,"rms":0.79,"gap":70,"magType":"mb","type":"earthquake","title":"M 4.6 - Mid-Indian Ridge"},"geometry":{"type":"Point","coordinates":[69.1148,-22.7031,10]},"id":"us6000jppt"},
{"type":"Feature","properties":{"mag":4.1,"place":"6 km W of Göksun, Turkey","time":1676158256494,"updated":1681594799040,"tz":null,"url":"https://earthquake.usgs.gov/earthquakes/eventpage/us6000jncu","detail":"https://earthquake.usgs.gov/fdsnws/event/1/query?eventid=us6000jncu&format=geojson","felt":null,"cdi":null,"mmi":null,"alert":null,"status":"reviewed","tsunami":0,"sig":259,"net":"us","code":"6000jncu","ids":",us6000jncu,","sources":",us,","types":",origin,phase-data,","nst":83,"dmin":0.382,"rms":0.64,"gap":33,"magType":"mb","type":"earthquake","title":"M 4.1 - 6 km W of Göksun, Turkey"},"geometry":{"type":"Point","coordinates":[36.4218,38.0249,10]},"id":"us6000jncu"},
{"type":"Feature","properties":{"mag":4.1,"place":"5 km S of Río Grande, Dominican Republic","time":1676161712844,"updated":1682199182040,"tz":null,"url":"https://earthquake.usgs.gov/earthquakes/eventpage/us6000jngd","detail":"https://earthquake.usgs.gov/fdsnws/event/1/query?eventid=us6000jngd&format=geojson","felt":5,"cdi":3,"mmi":null,"alert":null,"status":"reviewed","tsunami":0,"sig":260,"net":"us","code":"6000jngd","ids":",us6000jngd,","sources":",us,","types":",dyfi,origin,phase-data,","nst":18,"dmin":0.16,"rms":0.86,"gap":115,"magType":"ml","type":"earthquake","title":"M 4.1 - 5 km S of Río Grande, Dominican Republic"},"geometry":{"type":"Point","coordinates":[-70.7705,19.6173,21.785]},"id":"us6000jngd"},
{"type":"Feature","properties":{"mag":4.3,"place":"south of the Fiji Islands","time":1676163566182,"updated":1682199200040,"tz":null,"url":"https://earthquake.usgs.gov/earthquakes/eventpage/us6000jqb9","detail":"https://earthquake.usgs.gov/fdsnws/event/1/query?eventid=us6000jqb9&format=geojson","felt":null,"cdi":null,"mmi":null,"alert":null,"status":"reviewed","tsunami":0,"sig":284,"net":"us","code":"6000jqb9","ids":",us6000jqb9,","sources":",us,","types":",origin,phase-data,","nst":31,"dmin":5.075,"rms":0.55,"gap":78,"magType":"mb","type":"earthquake","title":"M 4.3 - south of the Fiji Islands"},"geometry":{"type":"Point","coordinates":[-179.9208,-23.7755,504.722]},"id":"us6000jqb9"},
{"type":"Feature","properties":{"mag":4.3,"place":"Philippine Islands region","time":1676173909049,"updated":1682199200040,"tz":null,"url":"https://earthquake.usgs.gov/earthquakes/eventpage/us6000jqbc","detail":"https://earthquake.usgs.gov/fdsnws/event/1/query?eventid=us6000jqbc&format=geojson","felt":null,"cdi":null,"mmi":null,"alert":null,"status":"reviewed","tsunami":0,"sig":284,"net":"us","code":"6000jqbc","ids":",us6000jqbc,","sources":",us,","types":",origin,phase-data,","nst":24,"dmin":4.015,"rms":0.63,"gap":122,"magType":"mb","type":"earthquake","title":"M 4.3 - Philippine Islands region"},"geometry":{"type":"Point","coordinates":[126.1254,11.0738,41.179]},"id":"us6000jqbc"},
{"type":"Feature","properties":{"mag":4.3,"place":"260 km E of Levuka, Fiji","time":1676175302872,"updated":1682199181040,"tz":null,"url":"https://earthquake.usgs.gov/earthquakes/eventpage/us6000jndt","detail":"https://earthquake.usgs.gov/fdsnws/event/1/query?eventid=us6000jndt&format=geojson","felt":null,"cdi":null,"mmi":null,"alert":null,"status":"reviewed","tsunami":0,"sig":284,"net":"us","code":"6000jndt","ids":",us6000jndt,","sources":",us,","types":",origin,phase-data,","nst":30,"dmin":3.574,"rms":0.75,"gap":66,"magType":"mb","type":"earthquake","title":"M 4.3 - 260 km E of Levuka, Fiji"},"geometry":{"type":"Point","coordinates":[-178.2224,-18.1967,535.236]},"id":"us6000jndt"},
{"type":"Feature","properties":{"mag":4.3,"place":"5 km NW of Ad?yaman, Turkey","time":1676176154767,"updated":1682199181040,"tz":null,"url":"https://earthquake.usgs.gov/earthquakes/eventpage/us6000jndu","detail":"https://earthquake.usgs.gov/fdsnws/event/1/query?eventid=us6000jndu&format=geojson","felt":null,"cdi":null,"mmi":null,"alert":null,"status":"reviewed","tsunami":0,"sig":284,"net":"us","code":"6000jndu","ids":",us6000jndu,","sources":",us,","types":",origin,phase-data,","nst":37,"dmin":0.587,"rms":0.82,"gap":105,"magType":"mb","type":"earthquake","title":"M 4.3 - 5 km NW of Ad?yaman, Turkey"},"geometry":{"type":"Point","coordinates":[38.2326,37.796,10]},"id":"us6000jndu"},
{"type":"Feature","properties":{"mag":4.3,"place":"near the coast of Guatemala","time":1676176900617,"updated":1682199181040,"tz":null,"url":"https://earthquake.usgs.gov/earthquakes/eventpage/us6000jndx","detail":"https://earthquake.usgs.gov/fdsnws/event/1/query?eventid=us6000jndx&format=geojson","felt":null,"cdi":null,"mmi":null,"alert":null,"status":"reviewed","tsunami":0,"sig":284,"net":"us","code":"6000jndx","ids":",us6000jndx,","sources":",us,","types":",origin,phase-data,","nst":36,"dmin":1.65,"rms":1.07,"gap":190,"magType":"mb","type":"earthquake","title":"M 4.3 - near the coast of Guatemala"},"geometry":{"type":"Point","coordinates":[-91.3741,13.1095,10]},"id":"us6000jndx"},
{"type":"Feature","properties":{"mag":4.3,"place":"9 km ENE of K?r?khan, Turkey","time":1676177190728,"updated":1682199181040,"tz":null,"url":"https://earthquake.usgs.gov/earthquakes/eventpage/us6000jndy","detail":"https://earthquake.usgs.gov/fdsnws/event/1/query?eventid=us6000jndy&format=geojson","felt":null,"cdi":null,"mmi":null,"alert":null,"status":"reviewed","tsunami":0,"sig":284,"net":"us","code":"6000jndy","ids":",us6000jndy,","sources":",us,","types":",origin,phase-data,","nst":30,"dmin":0.879,"rms":0.43,"gap":193,"magType":"mb","type":"earthquake","title":"M 4.3 - 9 km ENE of K?r?khan, Turkey"},"geometry":{"type":"Point","coordinates":[36.4568,36.5324,10]},"id":"us6000jndy"},
{"type":"Feature","properties":{"mag":4.1,"place":"75 km WSW of Puerto Madero, Mexico","time":1676177391273,"updated":1682199181040,"tz":null,"url":"https://earthquake.usgs.gov/earthquakes/eventpage/us6000jne5","detail":"https://earthquake.usgs.gov/fdsnws/event/1/query?eventid=us6000jne5&format=geojson","felt":null,"cdi":null,"mmi":null,"alert":null,"status":"reviewed","tsunami":0,"sig":259,"net":"us","code":"6000jne5","ids":",us6000jne5,","sources":",us,","types":",origin,phase-data,","nst":32,"dmin":1.009,"rms":0.72,"gap":181,"magType":"mb","type":"earthquake","title":"M 4.1 - 75 km WSW of Puerto Madero, Mexico"},"geometry":{"type":"Point","coordinates":[-93.0984,14.5482,38.477]},"id":"us6000jne5"},
{"type":"Feature","properties":{"mag":4.1,"place":"7 km SSE of Nurhak, Turkey","time":1676177579139,"updated":1682199181040,"tz":null,"url":"https://earthquake.usgs.gov/earthquakes/eventpage/us6000jndz","detail":"https://earthquake.usgs.gov/fdsnws/event/1/query?eventid=us6000jndz&format=geojson","felt":null,"cdi":null,"mmi":null,"alert":null,"status":"reviewed","tsunami":0,"sig":259,"net":"us","code":"6000jndz","ids":",us6000jndz,","sources":",us,","types":",origin,phase-data,","nst":40,"dmin":0.609,"rms":1.14,"gap":83,"magType":"mb","type":"earthquake","title":"M 4.1 - 7 km SSE of Nurhak, Turkey"},"geometry":{"type":"Point","coordinates":[37.4792,37.9055,10]},"id":"us6000jndz"},
{"type":"Feature","properties":{"mag":4.2,"place":"40 km S of Atiquipa, Peru","time":1676181521767,"updated":1682199201040,"tz":null,"url":"https://earthquake.usgs.gov/earthquakes/eventpage/us6000jqbj","detail":"https://earthquake.usgs.gov/fdsnws/event/1/query?eventid=us6000jqbj&format=geojson","felt":null,"cdi":null,"mmi":null,"alert":null,"status":"reviewed","tsunami":0,"sig":271,"net":"us","code":"6000jqbj","ids":",us6000jqbj,","sources":",us,","types":",origin,phase-data,","nst":16,"dmin":4.527,"rms":0.79,"gap":152,"magType":"mb","type":"earthquake","title":"M 4.2 - 40 km S of Atiquipa, Peru"},"geometry":{"type":"Point","coordinates":[-74.3193,-16.1568,32.345]},"id":"us6000jqbj"},
{"type":"Feature","properties":{"mag":4,"place":"9 km NNW of Sincik, Turkey","time":1676182523782,"updated":1682199181040,"tz":null,"url":"https://earthquake.usgs.gov/earthquakes/eventpage/us6000jnei","detail":"https://earthquake.usgs.gov/fdsnws/event/1/query?eventid=us6000jnei&format=geojson","felt":null,"cdi":null,"mmi":null,"alert":null,"status":"reviewed","tsunami":0,"sig":246,"net":"us","code":"6000jnei","ids":",us6000jnei,","sources":",us,","types":",origin,phase-data,","nst":28,"dmin":0.699,"rms":0.27,"gap":65,"magType":"mb","type":"earthquake","title":"M 4.0 - 9 km NNW of Sincik, Turkey"},"geometry":{"type":"Point","coordinates":[38.5843,38.1156,8.654]},"id":"us6000jnei"},
{"type":"Feature","properties":{"mag":4.1,"place":"7 km SSW of Bni Bouayach, Morocco","time":1676185170586,"updated":1682199200040,"tz":null,"url":"https://earthquake.usgs.gov/earthquakes/eventpage/us6000jqbf","detail":"https://earthquake.usgs.gov/fdsnws/event/1/query?eventid=us6000jqbf&format=geojson","felt":null,"cdi":null,"mmi":null,"alert":null,"status":"reviewed","tsunami":0,"sig":259,"net":"us","code":"6000jqbf","ids":",us6000jqbf,","sources":",us,","types":",origin,phase-data,","nst":26,"dmin":2.293,"rms":0.62,"gap":114,"magType":"mb","type":"earthquake","title":"M 4.1 - 7 km SSW of Bni Bouayach, Morocco"},"geometry":{"type":"Point","coordinates":[-3.8846,35.0455,10]},"id":"us6000jqbf"},
{"type":"Feature","properties":{"mag":5.1,"place":"northern Mid-Atlantic Ridge","time":1676185702045,"updated":1682199181040,"tz":null,"url":"https://earthquake.usgs.gov/earthquakes/eventpage/us6000jnes","detail":"https://earthquake.usgs.gov/fdsnws/event/1/query?eventid=us6000jnes&format=geojson","felt":null,"cdi":null,"mmi":null,"alert":null,"status":"reviewed","tsunami":0,"sig":400,"net":"us","code":"6000jnes","ids":",us6000jnes,","sources":",us,","types":",moment-tensor,origin,phase-data,","nst":106,"dmin":13.738,"rms":0.35,"gap":84,"magType":"mww","type":"earthquake","title":"M 5.1 - northern Mid-Atlantic Ridge"},"geometry":{"type":"Point","coordinates":[-46.5341,17.5544,10]},"id":"us6000jnes"},
{"type":"Feature","properties":{"mag":4.1,"place":"15 km W of Latakia, Syria","time":1676185956425,"updated":1682199201040,"tz":null,"url":"https://earthquake.usgs.gov/earthquakes/eventpage/us6000jqbn","detail":"https://earthquake.usgs.gov/fdsnws/event/1/query?eventid=us6000jqbn&format=geojson","felt":null,"cdi":null,"mmi":null,"alert":null,"status":"reviewed","tsunami":0,"sig":259,"net":"us","code":"6000jqbn","ids":",us6000jqbn,","sources":",us,","types":",origin,phase-data,","nst":17,"dmin":1.956,"rms":0.44,"gap":188,"magType":"mb","type":"earthquake","title":"M 4.1 - 15 km W of Latakia, Syria"},"geometry":{"type":"Point","coordinates":[35.6189,35.5279,10]},"id":"us6000jqbn"},
{"type":"Feature","properties":{"mag":4.3,"place":"7 km ESE of Shemokmedi, Georgia","time":1676189220891,"updated":1682199181040,"tz":null,"url":"https://earthquake.usgs.gov/earthquakes/eventpage/us6000jnex","detail":"https://earthquake.usgs.gov/fdsnws/event/1/query?eventid=us6000jnex&format=geojson","felt":5,"cdi":3.4,"mmi":null,"alert":null,"status":"reviewed","tsunami":0,"sig":286,"net":"us","code":"6000jnex","ids":",us6000jnex,","sources":",us,","types":",dyfi,origin,phase-data,","nst":44,"dmin":0.439,"rms":0.69,"gap":36,"magType":"mb","type":"earthquake","title":"M 4.3 - 7 km ESE of Shemokmedi, Georgia"},"geometry":{"type":"Point","coordinates":[42.1528,41.8775,10]},"id":"us6000jnex"},
{"type":"Feature","properties":{"mag":4.4,"place":"11 km E of Ekinözü, Turkey","time":1676189650398,"updated":1682199201040,"tz":null,"url":"https://earthquake.usgs.gov/earthquakes/eventpage/us6000jqbp","detail":"https://earthquake.usgs.gov/fdsnws/event/1/query?eventid=us6000jqbp&format=geojson","felt":null,"cdi":null,"mmi":null,"alert":null,"status":"reviewed","tsunami":0,"sig":298,"net":"us","code":"6000jqbp","ids":",us6000jqbp,","sources":",us,","types":",origin,phase-data,","nst":36,"dmin":0.663,"rms":0.47,"gap":62,"magType":"mb","type":"earthquake","title":"M 4.4 - 11 km E of Ekinözü, Turkey"},"geometry":{"type":"Point","coordinates":[37.3193,38.0797,7.67]},"id":"us6000jqbp"},
{"type":"Feature","properties":{"mag":4,"place":"17 km ESE of Shemokmedi, Georgia","time":1676190060556,"updated":1682199182040,"tz":null,"url":"https://earthquake.usgs.gov/earthquakes/eventpage/us6000jney","detail":"https://earthquake.usgs.gov/fdsnws/event/1/query?eventid=us6000jney&format=geojson","felt":1,"cdi":3.1,"mmi":null,"alert":null,"status":"reviewed","tsunami":0,"sig":246,"net":"us","code":"6000jney","ids":",us6000jney,","sources":",us,","types":",dyfi,origin,phase-data,","nst":21,"dmin":0.507,"rms":0.3,"gap":46,"magType":"mb","type":"earthquake","title":"M 4.0 - 17 km ESE of Shemokmedi, Georgia"},"geometry":{"type":"Point","coordinates":[42.2665,41.875,10]},"id":"us6000jney"},
{"type":"Feature","properties":{"mag":4.4,"place":"9 km S of Bni Bouayach, Morocco","time":1676191005805,"updated":1682199200040,"tz":null,"url":"https://earthquake.usgs.gov/earthquakes/eventpage/us6000jqbh","detail":"https://earthquake.usgs.gov/fdsnws/event/1/query?eventid=us6000jqbh&format=geojson","felt":null,"cdi":null,"mmi":null,"alert":null,"status":"reviewed","tsunami":0,"sig":298,"net":"us","code":"6000jqbh","ids":",us6000jqbh,","sources":",us,","types":",origin,phase-data,","nst":30,"dmin":2.283,"rms":0.38,"gap":132,"magType":"mb","type":"earthquake","title":"M 4.4 - 9 km S of Bni Bouayach, Morocco"},"geometry":{"type":"Point","coordinates":[-3.8262,35.0177,10]},"id":"us6000jqbh"},
{"type":"Feature","properties":{"mag":4.2,"place":"51 km WSW of Kulachi, Pakistan","time":1676192466922,"updated":1682199200040,"tz":null,"url":"https://earthquake.usgs.gov/earthquakes/eventpage/us6000jqbi","detail":"https://earthquake.usgs.gov/fdsnws/event/1/query?eventid=us6000jqbi&format=geojson","felt":null,"cdi":null,"mmi":null,"alert":null,"status":"reviewed","tsunami":0,"sig":271,"net":"us","code":"6000jqbi","ids":",us6000jqbi,","sources":",us,","types":",origin,phase-data,","nst":29,"dmin":2.961,"rms":0.74,"gap":120,"magType":"mb","type":"earthquake","title":"M 4.2 - 51 km WSW of Kulachi, Pakistan"},"geometry":{"type":"Point","coordinates":[69.9963,31.682,10]},"id":"us6000jqbi"},
{"type":"Feature","properties":{"mag":4.2,"place":"4 km E of Alt?nözü, Turkey","time":1676194343493,"updated":1682199182040,"tz":null,"url":"https://earthquake.usgs.gov/earthquakes/eventpage/us6000jnf4","detail":"https://earthquake.usgs.gov/fdsnws/event/1/query?eventid=us6000jnf4&format=geojson","felt":null,"cdi":null,"mmi":null,"alert":null,"status":"reviewed","tsunami":0,"sig":271,"net":"us","code":"6000jnf4","ids":",us6000jnf4,","sources":",us,","types":",origin,phase-data,","nst":30,"dmin":1.282,"rms":0.5,"gap":74,"magType":"mb","type":"earthquake","title":"M 4.2 - 4 km E of Alt?nözü, Turkey"},"geometry":{"type":"Point","coordinates":[36.3017,36.1158,10]},"id":"us6000jnf4"},
{"type":"Feature","properties":{"mag":4.1,"place":"12 km NNE of Çelikhan, Turkey","time":1676196025592,"updated":1682199182040,"tz":null,"url":"https://earthquake.usgs.gov/earthquakes/eventpage/us6000jnf7","detail":"https://earthquake.usgs.gov/fdsnws/event/1/query?eventid=us6000jnf7&format=geojson","felt":null,"cdi":null,"mmi":null,"alert":null,"status":"reviewed","tsunami":0,"sig":259,"net":"us","code":"6000jnf7","ids":",us6000jnf7,","sources":",us,","types":",origin,phase-data,","nst":31,"dmin":0.815,"rms":0.6,"gap":56,"magType":"mb","type":"earthquake","title":"M 4.1 - 12 km NNE of Çelikhan, Turkey"},"geometry":{"type":"Point","coordinates":[38.2786,38.1339,16.771]},"id":"us6000jnf7"},
{"type":"Feature","properties":{"mag":4.2,"place":"5 km ESE of Minas de Oro, Honduras","time":1676197837367,"updated":1682199182040,"tz":null,"url":"https://earthquake.usgs.gov/earthquakes/eventpage/us6000jnf8","detail":"https://earthquake.usgs.gov/fdsnws/event/1/query?eventid=us6000jnf8&format=geojson","felt":2,"cdi":2.2,"mmi":null,"alert":null,"status":"reviewed","tsunami":0,"sig":272,"net":"us","code":"6000jnf8","ids":",us6000jnf8,","sources":",us,","types":",dyfi,origin,phase-data,","nst":21,"dmin":0.71,"rms":0.81,"gap":86,"magType":"mb","type":"earthquake","title":"M 4.2 - 5 km ESE of Minas de Oro, Honduras"},"geometry":{"type":"Point","coordinates":[-87.3034,14.7707,12.66]},"id":"us6000jnf8"},
{"type":"Feature","properties":{"mag":4.5,"place":"9 km S of Ransiki, Indonesia","time":1676198632166,"updated":1682199182040,"tz":null,"url":"https://earthquake.usgs.gov/earthquakes/eventpage/us6000jnf9","detail":"https://earthquake.usgs.gov/fdsnws/event/1/query?eventid=us6000jnf9&format=geojson","felt":null,"cdi":null,"mmi":null,"alert":null,"status":"reviewed","tsunami":0,"sig":312,"net":"us","code":"6000jnf9","ids":",us6000jnf9,","sources":",us,","types":",origin,phase-data,","nst":44,"dmin":2.333,"rms":0.4,"gap":123,"magType":"mb","type":"earthquake","title":"M 4.5 - 9 km S of Ransiki, Indonesia"},"geometry":{"type":"Point","coordinates":[134.1792,-1.5979,45.658]},"id":"us6000jnf9"},
{"type":"Feature","properties":{"mag":4.2,"place":"31 km SSE of Tezpur, India","time":1676198894855,"updated":1682199182040,"tz":null,"url":"https://earthquake.usgs.gov/earthquakes/eventpage/us6000jngh","detail":"https://earthquake.usgs.gov/fdsnws/event/1/query?eventid=us6000jngh&format=geojson","felt":2,"cdi":2,"mmi":null,"alert":null,"status":"reviewed","tsunami":0,"sig":272,"net":"us","code":"6000jngh","ids":",us6000jngh,","sources":",us,","types":",dyfi,origin,phase-data,","nst":20,"dmin":5.67,"rms":0.47,"gap":128,"magType":"mb","type":"earthquake","title":"M 4.2 - 31 km SSE of Tezpur, India"},"geometry":{"type":"Point","coordinates":[92.9259,26.3749,10]},"id":"us6000jngh"},
{"type":"Feature","properties":{"mag":5,"place":"Philippine Islands region","time":1676202097287,"updated":1682199182040,"tz":null,"url":"https://earthquake.usgs.gov/earthquakes/eventpage/us6000jnfe","detail":"https://earthquake.usgs.gov/fdsnws/event/1/query?eventid=us6000jnfe&format=geojson","felt":0,"cdi":1,"mmi":null,"alert":null,"status":"reviewed","tsunami":0,"sig":385,"net":"us","code":"6000jnfe","ids":",us6000jnfe,","sources":",us,","types":",dyfi,origin,phase-data,","nst":86,"dmin":3.172,"rms":0.43,"gap":111,"magType":"mb","type":"earthquake","title":"M 5.0 - Philippine Islands region"},"geometry":{"type":"Point","coordinates":[126.5319,10.1176,33.413]},"id":"us6000jnfe"},
{"type":"Feature","properties":{"mag":4.2,"place":"16 km SW of Musabeyli, Turkey","time":1676204722576,"updated":1705605660944,"tz":null,"url":"https://earthquake.usgs.gov/earthquakes/eventpage/us6000jnfg","detail":"https://earthquake.usgs.gov/fdsnws/event/1/query?eventid=us6000jnfg&format=geojson","felt":0,"cdi":1,"mmi":null,"alert":null,"status":"reviewed","tsunami":0,"sig":271,"net":"us","code":"6000jnfg","ids":",us6000jnfg,","sources":",us,","types":",dyfi,earthquake-name,origin,phase-data,","nst":51,"dmin":0.514,"rms":0.47,"gap":71,"magType":"mb","type":"earthquake","title":"M 4.2 - 16 km SW of Musabeyli, Turkey"},"geometry":{"type":"Point","coordinates":[36.7677,36.7991,4.27]},"id":"us6000jnfg"},
{"type":"Feature","properties":{"mag":4.3,"place":"9 km SSE of Çelikhan, Turkey","time":1676208554610,"updated":1682199182040,"tz":null,"url":"https://earthquake.usgs.gov/earthquakes/eventpage/us6000jnfq","detail":"https://earthquake.usgs.gov/fdsnws/event/1/query?eventid=us6000jnfq&format=geojson","felt":1,"cdi":2.2,"mmi":null,"alert":null,"status":"reviewed","tsunami":0,"sig":285,"net":"us","code":"6000jnfq","ids":",us6000jnfq,","sources":",us,","types":",dyfi,moment-tensor,origin,phase-data,","nst":58,"dmin":0.665,"rms":0.67,"gap":41,"magType":"mwr","type":"earthquake","title":"M 4.3 - 9 km SSE of Çelikhan, Turkey"},"geometry":{"type":"Point","coordinates":[38.2894,37.9553,10]},"id":"us6000jnfq"},
{"type":"Feature","properties":{"mag":4.1,"place":"West Chile Rise","time":1676210353469,"updated":1682199182040,"tz":null,"url":"https://earthquake.usgs.gov/earthquakes/eventpage/us6000jng0","detail":"https://earthquake.usgs.gov/fdsnws/event/1/query?eventid=us6000jng0&format=geojson","felt":null,"cdi":null,"mmi":null,"alert":null,"status":"reviewed","tsunami":0,"sig":259,"net":"us","code":"6000jng0","ids":",us6000jng0,","sources":",us,","types":",origin,phase-data,","nst":21,"dmin":8.729,"rms":0.77,"gap":222,"magType":"mb","type":"earthquake","title":"M 4.1 - West Chile Rise"},"geometry":{"type":"Point","coordinates":[-85.253,-40.725,10]},"id":"us6000jng0"},
{"type":"Feature","properties":{"mag":4.3,"place":"111 km WSW of Aitape, Papua New Guinea","time":1676210927845,"updated":1682199201040,"tz":null,"url":"https://earthquake.usgs.gov/earthquakes/eventpage/us6000jqbs","detail":"https://earthquake.usgs.gov/fdsnws/event/1/query?eventid=us6000jqbs&format=geojson","felt":null,"cdi":null,"mmi":null,"alert":null,"status":"reviewed","tsunami":0,"sig":284,"net":"us","code":"6000jqbs","ids":",us6000jqbs,","sources":",us,","types":",origin,phase-data,","nst":16,"dmin":7.983,"rms":1.17,"gap":111,"magType":"mb","type":"earthquake","title":"M 4.3 - 111 km WSW of Aitape, Papua New Guinea"},"geometry":{"type":"Point","coordinates":[141.5128,-3.6868,81.273]},"id":"us6000jqbs"},
{"type":"Feature","properties":{"mag":4.4,"place":"29 km SE of Göksun, Turkey","time":1676212203956,"updated":1682199182040,"tz":null,"url":"https://earthquake.usgs.gov/earthquakes/eventpage/us6000jng3","detail":"https://earthquake.usgs.gov/fdsnws/event/1/query?eventid=us6000jng3&format=geojson","felt":0,"cdi":1,"mmi":null,"alert":null,"status":"reviewed","tsunami":0,"sig":298,"net":"us","code":"6000jng3","ids":",us6000jng3,","sources":",us,","types":",dyfi,origin,phase-data,","nst":32,"dmin":0.347,"rms":1.17,"gap":50,"magType":"mb","type":"earthquake","title":"M 4.4 - 29 km SE of Göksun, Turkey"},"geometry":{"type":"Point","coordinates":[36.7003,37.8149,10]},"id":"us6000jng3"},
{"type":"Feature","properties":{"mag":4.5,"place":"Izu Islands, Japan region","time":1676215173703,"updated":1682199182040,"tz":null,"url":"https://earthquake.usgs.gov/earthquakes/eventpage/us6000jng8","detail":"https://earthquake.usgs.gov/fdsnws/event/1/query?eventid=us6000jng8&format=geojson","felt":null,"cdi":null,"mmi":null,"alert":null,"status":"reviewed","tsunami":0,"sig":312,"net":"us","code":"6000jng8","ids":",us6000jng8,","sources":",us,","types":",origin,phase-data,","nst":24,"dmin":1.871,"rms":1.15,"gap":118,"magType":"mb","type":"earthquake","title":"M 4.5 - Izu Islands, Japan region"},"geometry":{"type":"Point","coordinates":[141.9984,32.7573,17.314]},"id":"us6000jng8"},
{"type":"Feature","properties":{"mag":4.4,"place":"Bonin Islands, Japan region","time":1676218427521,"updated":1682199183040,"tz":null,"url":"https://earthquake.usgs.gov/earthquakes/eventpage/us6000jngn","detail":"https://earthquake.usgs.gov/fdsnws/event/1/query?eventid=us6000jngn&format=geojson","felt":null,"cdi":null,"mmi":null,"alert":null,"status":"reviewed","tsunami":0,"sig":298,"net":"us","code":"6000jngn","ids":",us6000jngn,","sources":",us,","types":",origin,phase-data,","nst":31,"dmin":6.843,"rms":0.78,"gap":151,"magType":"mb","type":"earthquake","title":"M 4.4 - Bonin Islands, Japan region"},"geometry":{"type":"Point","coordinates":[141.8049,26.4721,52.063]},"id":"us6000jngn"},
{"type":"Feature","properties":{"mag":5,"place":"8 km E of Hekimhan, Turkey","time":1676219389826,"updated":1682199183040,"tz":null,"url":"https://earthquake.usgs.gov/earthquakes/eventpage/us6000jngk","detail":"https://earthquake.usgs.gov/fdsnws/event/1/query?eventid=us6000jngk&format=geojson","felt":4,"cdi":3.1,"mmi":null,"alert":null,"status":"reviewed","tsunami":0,"sig":386,"net":"us","code":"6000jngk","ids":",us6000jngk,","sources":",us,","types":",dyfi,moment-tensor,origin,phase-data,","nst":70,"dmin":0.359,"rms":0.93,"gap":28,"magType":"mww","type":"earthquake","title":"M 5.0 - 8 km E of Hekimhan, Turkey"},"geometry":{"type":"Point","coordinates":[38.031,38.824,10]},"id":"us6000jngk"},
{"type":"Feature","properties":{"mag":4.1,"place":"12 km ENE of Göksun, Turkey","time":1676222897826,"updated":1682199183040,"tz":null,"url":"https://earthquake.usgs.gov/earthquakes/eventpage/us6000jngq","detail":"https://earthquake.usgs.gov/fdsnws/event/1/query?eventid=us6000jngq&format=geojson","felt":null,"cdi":null,"mmi":null,"alert":null,"status":"reviewed","tsunami":0,"sig":259,"net":"us","code":"6000jngq","ids":",us6000jngq,","sources":",us,","types":",origin,phase-data,","nst":33,"dmin":0.36,"rms":0.88,"gap":54,"magType":"mb","type":"earthquake","title":"M 4.1 - 12 km ENE of Göksun, Turkey"},"geometry":{"type":"Point","coordinates":[36.6197,38.083,10]},"id":"us6000jngq"},
{"type":"Feature","properties":{"mag":5.1,"place":"20 km SSW of Ransiki, Indonesia","time":1676223489028,"updated":1682199183040,"tz":null,"url":"https://earthquake.usgs.gov/earthquakes/eventpage/us6000jngr","detail":"https://earthquake.usgs.gov/fdsnws/event/1/query?eventid=us6000jngr&format=geojson","felt":null,"cdi":null,"mmi":null,"alert":null,"status":"reviewed","tsunami":0,"sig":400,"net":"us","code":"6000jngr","ids":",us6000jngr,","sources":",us,","types":",origin,phase-data,","nst":88,"dmin":2.211,"rms":0.8,"gap":40,"magType":"mww","type":"earthquake","title":"M 5.1 - 20 km SSW of Ransiki, Indonesia"},"geometry":{"type":"Point","coordinates":[134.0766,-1.6638,61.167]},"id":"us6000jngr"},
{"type":"Feature","properties":{"mag":4.6,"place":"central Mid-Atlantic Ridge","time":1676225226567,"updated":1682199201040,"tz":null,"url":"https://earthquake.usgs.gov/earthquakes/eventpage/us6000jqbw","detail":"https://earthquake.usgs.gov/fdsnws/event/1/query?eventid=us6000jqbw&format=geojson","felt":null,"cdi":null,"mmi":null,"alert":null,"status":"reviewed","tsunami":0,"sig":326,"net":"us","code":"6000jqbw","ids":",us6000jqbw,","sources":",us,","types":",origin,phase-data,","nst":16,"dmin":14.328,"rms":0.55,"gap":75,"magType":"mb","type":"earthquake","title":"M 4.6 - central Mid-Atlantic Ridge"},"geometry":{"type":"Point","coordinates":[-26.287,0.7983,10]},"id":"us6000jqbw"},
{"type":"Feature","properties":{"mag":4.2,"place":"40 km NW of Ger?sh, Iran","time":1676226105786,"updated":1682199183040,"tz":null,"url":"https://earthquake.usgs.gov/earthquakes/eventpage/us6000jngz","detail":"https://earthquake.usgs.gov/fdsnws/event/1/query?eventid=us6000jngz&format=geojson","felt":1,"cdi":1,"mmi":null,"alert":null,"status":"reviewed","tsunami":0,"sig":271,"net":"us","code":"6000jngz","ids":",us6000jngz,","sources":",us,","types":",dyfi,origin,phase-data,","nst":47,"dmin":3.639,"rms":0.66,"gap":64,"magType":"mb","type":"earthquake","title":"M 4.2 - 40 km NW of Ger?sh, Iran"},"geometry":{"type":"Point","coordinates":[53.8188,27.9015,16.728]},"id":"us6000jngz"},
{"type":"Feature","properties":{"mag":4.7,"place":"27 km SSE of Kahramanmara?, Turkey","time":1676226794268,"updated":1682199183040,"tz":null,"url":"https://earthquake.usgs.gov/earthquakes/eventpage/us6000jnh1","detail":"https://earthquake.usgs.gov/fdsnws/event/1/query?eventid=us6000jnh1&format=geojson","felt":2,"cdi":5.4,"mmi":null,"alert":null,"status":"reviewed","tsunami":0,"sig":341,"net":"us","code":"6000jnh1","ids":",us6000jnh1,","sources":",us,","types":",dyfi,moment-tensor,origin,phase-data,","nst":111,"dmin":0.18,"rms":0.7,"gap":35,"magType":"mwr","type":"earthquake","title":"M 4.7 - 27 km SSE of Kahramanmara?, Turkey"},"geometry":{"type":"Point","coordinates":[36.9989,37.3429,9.339]},"id":"us6000jnh1"},
{"type":"Feature","properties":{"mag":4.6,"place":"214 km S of Kokopo, Papua New Guinea","time":1676227412399,"updated":1682199201040,"tz":null,"url":"https://earthquake.usgs.gov/earthquakes/eventpage/us6000jqbz","detail":"https://earthquake.usgs.gov/fdsnws/event/1/query?eventid=us6000jqbz&format=geojson","felt":null,"cdi":null,"mmi":null,"alert":null,"status":"reviewed","tsunami":0,"sig":326,"net":"us","code":"6000jqbz","ids":",us6000jqbz,","sources":",us,","types":",origin,phase-data,","nst":24,"dmin":2.073,"rms":0.89,"gap":154,"magType":"mb","type":"earthquake","title":"M 4.6 - 214 km S of Kokopo, Papua New Guinea"},"geometry":{"type":"Point","coordinates":[152.109,-6.2768,10]},"id":"us6000jqbz"},
{"type":"Feature","properties":{"mag":4.3,"place":"near the east coast of Honshu, Japan","time":1676227472206,"updated":1682199183040,"tz":null,"url":"https://earthquake.usgs.gov/earthquakes/eventpage/us6000jnh4","detail":"https://earthquake.usgs.gov/fdsnws/event/1/query?eventid=us6000jnh4&format=geojson","felt":null,"cdi":null,"mmi":null,"alert":null,"status":"reviewed","tsunami":0,"sig":284,"net":"us","code":"6000jnh4","ids":",us6000jnh4,","sources":",us,","types":",origin,phase-data,","nst":89,"dmin":0.558,"rms":0.7,"gap":124,"magType":"mb","type":"earthquake","title":"M 4.3 - near the east coast of Honshu, Japan"},"geometry":{"type":"Point","coordinates":[141.5982,40.4059,109.727]},"id":"us6000jnh4"},
{"type":"Feature","properties":{"mag":4.3,"place":"31 km SW of Pazarc?k, Turkey","time":1676228549312,"updated":1682199183040,"tz":null,"url":"https://earthquake.usgs.gov/earthquakes/eventpage/us6000jnh5","detail":"https://earthquake.usgs.gov/fdsnws/event/1/query?eventid=us6000jnh5&format=geojson","felt":null,"cdi":null,"mmi":null,"alert":null,"status":"reviewed","tsunami":0,"sig":284,"net":"us","code":"6000jnh5","ids":",us6000jnh5,","sources":",us,","types":",origin,phase-data,","nst":72,"dmin":0.134,"rms":0.66,"gap":75,"magType":"mb","type":"earthquake","title":"M 4.3 - 31 km SW of Pazarc?k, Turkey"},"geometry":{"type":"Point","coordinates":[37.0849,37.2623,10]},"id":"us6000jnh5"},
{"type":"Feature","properties":{"mag":4.6,"place":"Leeward Islands","time":1676230124484,"updated":1682199183040,"tz":null,"url":"https://earthquake.usgs.gov/earthquakes/eventpage/us6000jnha","detail":"https://earthquake.usgs.gov/fdsnws/event/1/query?eventid=us6000jnha&format=geojson","felt":null,"cdi":null,"mmi":null,"alert":null,"status":"reviewed","tsunami":0,"sig":326,"net":"us","code":"6000jnha","ids":",pt23043000,us6000jnha,","sources":",pt,us,","types":",internal-origin,origin,phase-data,","nst":111,"dmin":0.786,"rms":0.59,"gap":145,"magType":"mb","type":"earthquake","title":"M 4.6 - Leeward Islands"},"geometry":{"type":"Point","coordinates":[-61.0709,17.1552,32.256]},"id":"us6000jnha"},
{"type":"Feature","properties":{"mag":4.5,"place":"18 km S of Yacuiba, Bolivia","time":1676231054590,"updated":1682199183040,"tz":null,"url":"https://earthquake.usgs.gov/earthquakes/eventpage/us6000jnhc","detail":"https://earthquake.usgs.gov/fdsnws/event/1/query?eventid=us6000jnhc&format=geojson","felt":1,"cdi":1,"mmi":null,"alert":null,"status":"reviewed","tsunami":0,"sig":312,"net":"us","code":"6000jnhc","ids":",us6000jnhc,","sources":",us,","types":",dyfi,origin,phase-data,","nst":82,"dmin":3.613,"rms":0.77,"gap":24,"magType":"mb","type":"earthquake","title":"M 4.5 - 18 km S of Yacuiba, Bolivia"},"geometry":{"type":"Point","coordinates":[-63.6938,-22.187,529.706]},"id":"us6000jnhc"},
{"type":"Feature","properties":{"mag":4.2,"place":"94 km WNW of Tobelo, Indonesia","time":1676232779608,"updated":1682199201040,"tz":null,"url":"https://earthquake.usgs.gov/earthquakes/eventpage/us6000jqc2","detail":"https://earthquake.usgs.gov/fdsnws/event/1/query?eventid=us6000jqc2&format=geojson","felt":null,"cdi":null,"mmi":null,"alert":null,"status":"reviewed","tsunami":0,"sig":271,"net":"us","code":"6000jqc2","ids":",us6000jqc2,","sources":",us,","types":",origin,phase-data,","nst":19,"dmin":1.399,"rms":0.62,"gap":108,"magType":"mb","type":"earthquake","title":"M 4.2 - 94 km WNW of Tobelo, Indonesia"},"geometry":{"type":"Point","coordinates":[127.2831,2.1776,99.392]},"id":"us6000jqc2"},
{"type":"Feature","properties":{"mag":4.4,"place":"9 km N of ‘Afr?n, Syria","time":1676236894902,"updated":1682199201040,"tz":null,"url":"https://earthquake.usgs.gov/earthquakes/eventpage/us6000jqc3","detail":"https://earthquake.usgs.gov/fdsnws/event/1/query?eventid=us6000jqc3&format=geojson","felt":null,"cdi":null,"mmi":null,"alert":null,"status":"reviewed","tsunami":0,"sig":298,"net":"us","code":"6000jqc3","ids":",us6000jqc3,","sources":",us,","types":",origin,phase-data,","nst":17,"dmin":2.394,"rms":0.81,"gap":111,"magType":"mb","type":"earthquake","title":"M 4.4 - 9 km N of ‘Afr?n, Syria"},"geometry":{"type":"Point","coordinates":[36.8854,36.5999,10]},"id":"us6000jqc3"},
{"type":"Feature","properties":{"mag":4.4,"place":"2 km NE of Basco, Philippines","time":1676237178933,"updated":1682199183040,"tz":null,"url":"https://earthquake.usgs.gov/earthquakes/eventpage/us6000jnhw","detail":"https://earthquake.usgs.gov/fdsnws/event/1/query?eventid=us6000jnhw&format=geojson","felt":null,"cdi":null,"mmi":null,"alert":null,"status":"reviewed","tsunami":0,"sig":298,"net":"us","code":"6000jnhw","ids":",us6000jnhw,","sources":",us,","types":",origin,phase-data,","nst":62,"dmin":2.49,"rms":0.71,"gap":106,"magType":"mb","type":"earthquake","title":"M 4.4 - 2 km NE of Basco, Philippines"},"geometry":{"type":"Point","coordinates":[121.9847,20.4629,124.972]},"id":"us6000jnhw"},
{"type":"Feature","properties":{"mag":4.1,"place":"Molucca Sea","time":1676238663665,"updated":1682199201040,"tz":null,"url":"https://earthquake.usgs.gov/earthquakes/eventpage/us6000jqc4","detail":"https://earthquake.usgs.gov/fdsnws/event/1/query?eventid=us6000jqc4&format=geojson","felt":null,"cdi":null,"mmi":null,"alert":null,"status":"reviewed","tsunami":0,"sig":259,"net":"us","code":"6000jqc4","ids":",us6000jqc4,","sources":",us,","types":",origin,phase-data,","nst":18,"dmin":1.865,"rms":0.75,"gap":70,"magType":"mb","type":"earthquake","title":"M 4.1 - Molucca Sea"},"geometry":{"type":"Point","coordinates":[125.7455,-0.1556,35]},"id":"us6000jqc4"},
{"type":"Feature","properties":{"mag":4,"place":"20 km SW of Uzunba?, Turkey","time":1676239326488,"updated":1682199201040,"tz":null,"url":"https://earthquake.usgs.gov/earthquakes/eventpage/us6000jqc9","detail":"https://earthquake.usgs.gov/fdsnws/event/1/query?eventid=us6000jqc9&format=geojson","felt":null,"cdi":null,"mmi":null,"alert":null,"status":"reviewed","tsunami":0,"sig":246,"net":"us","code":"6000jqc9","ids":",us6000jqc9,","sources":",us,","types":",origin,phase-data,","nst":35,"dmin":1.574,"rms":0.52,"gap":77,"magType":"mb","type":"earthquake","title":"M 4.0 - 20 km SW of Uzunba?, Turkey"},"geometry":{"type":"Point","coordinates":[35.8488,36.0389,10]},"id":"us6000jqc9"},
{"type":"Feature","properties":{"mag":4.5,"place":"West Chile Rise","time":1676239842899,"updated":1682199201040,"tz":null,"url":"https://earthquake.usgs.gov/earthquakes/eventpage/us6000jqc8","detail":"https://earthquake.usgs.gov/fdsnws/event/1/query?eventid=us6000jqc8&format=geojson","felt":null,"cdi":null,"mmi":null,"alert":null,"status":"reviewed","tsunami":0,"sig":312,"net":"us","code":"6000jqc8","ids":",us6000jqc8,","sources":",us,","types":",origin,phase-data,","nst":22,"dmin":13.63,"rms":0.7,"gap":188,"magType":"mb","type":"earthquake","title":"M 4.5 - West Chile Rise"},"geometry":{"type":"Point","coordinates":[-87.7246,-41.3922,10]},"id":"us6000jqc8"},
{"type":"Feature","properties":{"mag":4.4,"place":"18 km ENE of Sulangan, Philippines","time":1676240839141,"updated":1682199201040,"tz":null,"url":"https://earthquake.usgs.gov/earthquakes/eventpage/us6000jqc5","detail":"https://earthquake.usgs.gov/fdsnws/event/1/query?eventid=us6000jqc5&format=geojson","felt":null,"cdi":null,"mmi":null,"alert":null,"status":"reviewed","tsunami":0,"sig":298,"net":"us","code":"6000jqc5","ids":",us6000jqc5,","sources":",us,","types":",origin,phase-data,","nst":23,"dmin":3.919,"rms":0.49,"gap":130,"magType":"mb","type":"earthquake","title":"M 4.4 - 18 km ENE of Sulangan, Philippines"},"geometry":{"type":"Point","coordinates":[125.988,10.9927,35]},"id":"us6000jqc5"},
{"type":"Feature","properties":{"mag":4,"place":"73 km NW of Mangan, India","time":1676241905505,"updated":1682199183040,"tz":null,"url":"https://earthquake.usgs.gov/earthquakes/eventpage/us6000jni5","detail":"https://earthquake.usgs.gov/fdsnws/event/1/query?eventid=us6000jni5&format=geojson","felt":null,"cdi":null,"mmi":null,"alert":null,"status":"reviewed","tsunami":0,"sig":246,"net":"us","code":"6000jni5","ids":",us6000jni5,","sources":",us,","types":",origin,phase-data,","nst":40,"dmin":2.416,"rms":0.81,"gap":66,"magType":"mb","type":"earthquake","title":"M 4.0 - 73 km NW of Mangan, India"},"geometry":{"type":"Point","coordinates":[88.0003,27.986,60.903]},"id":"us6000jni5"},
{"type":"Feature","properties":{"mag":4.3,"place":"12 km E of Göksun, Turkey","time":1676242379819,"updated":1682199184040,"tz":null,"url":"https://earthquake.usgs.gov/earthquakes/eventpage/us6000jni7","detail":"https://earthquake.usgs.gov/fdsnws/event/1/query?eventid=us6000jni7&format=geojson","felt":4,"cdi":2.2,"mmi":null,"alert":null,"status":"reviewed","tsunami":0,"sig":285,"net":"us","code":"6000jni7","ids":",us6000jni7,","sources":",us,","types":",dyfi,moment-tensor,origin,phase-data,","nst":84,"dmin":1.031,"rms":0.57,"gap":55,"magType":"mwr","type":"earthquake","title":"M 4.3 - 12 km E of Göksun, Turkey"},"geometry":{"type":"Point","coordinates":[36.6342,38.0251,10]},"id":"us6000jni7"},
{"type":"Feature","properties":{"mag":4.3,"place":"68 km S of Mawlaik, Myanmar","time":1676242878050,"updated":1682199201040,"tz":null,"url":"https://earthquake.usgs.gov/earthquakes/eventpage/us6000jqc6","detail":"https://earthquake.usgs.gov/fdsnws/event/1/query?eventid=us6000jqc6&format=geojson","felt":null,"cdi":null,"mmi":null,"alert":null,"status":"reviewed","tsunami":0,"sig":284,"net":"us","code":"6000jqc6","ids":",us6000jqc6,","sources":",us,","types":",origin,phase-data,","nst":24,"dmin":2.68,"rms":0.35,"gap":107,"magType":"mb","type":"earthquake","title":"M 4.3 - 68 km S of Mawlaik, Myanmar"},"geometry":{"type":"Point","coordinates":[94.5227,23.0353,104.754]},"id":"us6000jqc6"},
{"type":"Feature","properties":{"mag":4.2,"place":"Mindanao, Philippines","time":1676246122275,"updated":1682199201040,"tz":null,"url":"https://earthquake.usgs.gov/earthquakes/eventpage/us6000jqc7","detail":"https://earthquake.usgs.gov/fdsnws/event/1/query?eventid=us6000jqc7&format=geojson","felt":null,"cdi":null,"mmi":null,"alert":null,"status":"reviewed","tsunami":0,"sig":271,"net":"us","code":"6000jqc7","ids":",us6000jqc7,","sources":",us,","types":",origin,phase-data,","nst":21,"dmin":2.286,"rms":0.53,"gap":162,"magType":"mb","type":"earthquake","title":"M 4.2 - Mindanao, Philippines"},"geometry":{"type":"Point","coordinates":[126.6853,5.0528,66.795]},"id":"us6000jqc7"}],"bbox":[-179.9208,-59.6313,1.576,179.7971,74.6844,620.166]}